{
    "credit": "Made with Blockbench", 
    "textures": {
        "main": "items/poi/bat"
    }, 
    "elements": [
        {
            "name": "body", 
            "from": [ 5, 0, 3.75 ], 
            "to":   [ 11, 6, 15.75 ], 
            "faces": {
                "north": { "uv": [ 2.5, 2.5, 4, 4 ], "texture": "#main" }, 
                "east":  { "uv": [ 2.5, 2.5, 4, 4 ], "texture": "#main" }, 
                "south": { "uv": [ 2.5, 2.5, 4, 4 ], "texture": "#main" }, 
                "west":  { "uv": [ 2.5, 2.5, 4, 4 ], "texture": "#main" }, 
                "up":    { "uv": [ 2.5, 2.5, 4, 4 ], "texture": "#main" }, 
                "down":  { "uv": [ 2.5, 2.5, 4, 4 ], "texture": "#main" }
            }
        }, 
        {
            "name": "body", 
            "from": [ 7.75, 2.75, 3.75 ], 
            "to":   [ 8.25, 21.5, 12 ], 
            "rotation": { "angle": 22.5, "axis": "z", "origin": [8, 2.75, 8] }, 
            "faces": {
                "north": { "uv": [ 2.5, 2.5, 4, 4 ], "rotation":90, "texture": "#main" }, 
                "east":  { "uv": [ 2.5, 2.5, 4, 4 ], "rotation":90, "texture": "#main" }, 
                "south": { "uv": [ 2.5, 2.5, 4, 4 ], "rotation":90, "texture": "#main" }, 
                "west":  { "uv": [ 2.5, 2.5, 4, 4 ], "rotation":90, "texture": "#main" }, 
                "up":    { "uv": [ 2.5, 2.5, 4, 4 ], "rotation":90, "texture": "#main" }, 
                "down":  { "uv": [ 2.5, 2.5, 4, 4 ], "rotation":90, "texture": "#main" }
            }
        }, 
        {
            "name": "body", 
            "from": [ 6.75, 2.5, 15 ], 
            "to":   [ 9, 3, 20.75 ], 
            "rotation": { "angle": 22.5, "axis": "x", "origin": [8, 2.75, 16] }, 
            "faces": {
                "north": { "uv": [ 2.5, 2.5, 4, 4 ], "rotation":270, "texture": "#main" }, 
                "east":  { "uv": [ 2.5, 2.5, 4, 4 ], "rotation":270, "texture": "#main" }, 
                "south": { "uv": [ 2.5, 2.5, 4, 4 ], "rotation":270, "texture": "#main" }, 
                "west":  { "uv": [ 2.5, 2.5, 4, 4 ], "rotation":270, "texture": "#main" }, 
                "up":    { "uv": [ 2.5, 2.5, 4, 4 ], "rotation":270, "texture": "#main" }, 
                "down":  { "uv": [ 2.5, 2.5, 4, 4 ], "rotation":270, "texture": "#main" }
            }
        }, 
        {
            "name": "body", 
            "from": [ 7.75, 2.75, 3.75 ], 
            "to":   [ 8.25, 21.5, 12 ], 
            "rotation": { "angle": -22.5, "axis": "z", "origin": [8, 2.75, 8] }, 
            "faces": {
                "north": { "uv": [ 2.5, 2.5, 4, 4 ], "rotation":270, "texture": "#main" }, 
                "east":  { "uv": [ 2.5, 2.5, 4, 4 ], "rotation":270, "texture": "#main" }, 
                "south": { "uv": [ 2.5, 2.5, 4, 4 ], "rotation":270, "texture": "#main" }, 
                "west":  { "uv": [ 2.5, 2.5, 4, 4 ], "rotation":270, "texture": "#main" }, 
                "up":    { "uv": [ 2.5, 2.5, 4, 4 ], "rotation":270, "texture": "#main" }, 
                "down":  { "uv": [ 2.5, 2.5, 4, 4 ], "rotation":270, "texture": "#main" }
            }
        }, 
        {
            "from": [ 5, 5, -10 ], 
            "to":   [ 11, 11, -4 ], 
            "rotation": { "angle": -45, "axis": "x", "origin": [8, 13, 3] }, 
            "faces": {
                "north": { "uv": [ 0, 0, 1.5, 1.5 ], "texture": "#main" }, 
                "east":  { "uv": [ 2.5, 2.5, 4, 4 ], "texture": "#main" }, 
                "south": { "uv": [ 2.5, 2.5, 4, 4 ], "texture": "#main" }, 
                "west":  { "uv": [ 2.5, 2.5, 4, 4 ], "texture": "#main" }, 
                "up":    { "uv": [ 2.5, 2.5, 4, 4 ], "texture": "#main" }, 
                "down":  { "uv": [ 2.5, 2.5, 4, 4 ], "texture": "#main" }
            }
        }, 
        {
            "from": [ 9, 10, -8 ], 
            "to":   [ 12, 14, -7 ], 
            "rotation": { "angle": -45, "axis": "x", "origin": [8, 13, 3] }, 
            "faces": {
                "north": { "uv": [ 2.5, 2.5, 4, 4 ], "texture": "#main" }, 
                "east":  { "uv": [ 2.5, 2.5, 4, 4 ], "texture": "#main" }, 
                "south": { "uv": [ 2.5, 2.5, 4, 4 ], "texture": "#main" }, 
                "west":  { "uv": [ 2.5, 2.5, 4, 4 ], "texture": "#main" }, 
                "up":    { "uv": [ 2.5, 2.5, 4, 4 ], "texture": "#main" }, 
                "down":  { "uv": [ 2.5, 2.5, 4, 4 ], "texture": "#main" }
            }
        }, 
        {
            "from": [ 4, 10, -8 ], 
            "to":   [ 7, 14, -7 ], 
            "rotation": { "angle": -45, "axis": "x", "origin": [8, 13, 3] }, 
            "faces": {
                "north": { "uv": [ 2.5, 2.5, 4, 4 ], "texture": "#main" }, 
                "east":  { "uv": [ 2.5, 2.5, 4, 4 ], "texture": "#main" }, 
                "south": { "uv": [ 2.5, 2.5, 4, 4 ], "texture": "#main" }, 
                "west":  { "uv": [ 2.5, 2.5, 4, 4 ], "texture": "#main" }, 
                "up":    { "uv": [ 2.5, 2.5, 4, 4 ], "texture": "#main" }, 
                "down":  { "uv": [ 2.5, 2.5, 4, 4 ], "texture": "#main" }
            }
        }, 
        {
            "name": "body", 
            "from": [ 5, 0, 3.75 ], 
            "to":   [ 11, 6, 15.75 ], 
            "faces": {
                "north": { "uv": [ 6.5, 2.5, 8, 4 ], "texture": "#main" }, 
                "east":  { "uv": [ 6.5, 2.5, 8, 4 ], "texture": "#main" }, 
                "south": { "uv": [ 6.5, 2.5, 8, 4 ], "texture": "#main" }, 
                "west":  { "uv": [ 6.5, 2.5, 8, 4 ], "texture": "#main" }, 
                "up":    { "uv": [ 6.5, 2.5, 8, 4 ], "texture": "#main" }, 
                "down":  { "uv": [ 6.5, 2.5, 8, 4 ], "texture": "#main" }
            }
        }, 
        {
            "name": "body", 
            "from": [ 7.75, 2.75, 3.75 ], 
            "to":   [ 8.25, 21.5, 12 ], 
            "rotation": { "angle": 45, "axis": "z", "origin": [8, 2.75, 8] }, 
            "faces": {
                "north": { "uv": [ 6.5, 2.5, 8, 4 ], "rotation":90, "texture": "#main" }, 
                "east":  { "uv": [ 6.5, 2.5, 8, 4 ], "rotation":90, "texture": "#main" }, 
                "south": { "uv": [ 6.5, 2.5, 8, 4 ], "rotation":90, "texture": "#main" }, 
                "west":  { "uv": [ 6.5, 2.5, 8, 4 ], "rotation":90, "texture": "#main" }, 
                "up":    { "uv": [ 6.5, 2.5, 8, 4 ], "rotation":90, "texture": "#main" }, 
                "down":  { "uv": [ 6.5, 2.5, 8, 4 ], "rotation":90, "texture": "#main" }
            }
        }, 
        {
            "name": "body", 
            "from": [ 6.75, 2.5, 15 ], 
            "to":   [ 9, 3, 20.75 ], 
            "rotation": { "angle": 22.5, "axis": "x", "origin": [8, 2.75, 16] }, 
            "faces": {
                "north": { "uv": [ 6.5, 2.5, 8, 4 ], "rotation":270, "texture": "#main" }, 
                "east":  { "uv": [ 6.5, 2.5, 8, 4 ], "rotation":270, "texture": "#main" }, 
                "south": { "uv": [ 6.5, 2.5, 8, 4 ], "rotation":270, "texture": "#main" }, 
                "west":  { "uv": [ 6.5, 2.5, 8, 4 ], "rotation":270, "texture": "#main" }, 
                "up":    { "uv": [ 6.5, 2.5, 8, 4 ], "rotation":270, "texture": "#main" }, 
                "down":  { "uv": [ 6.5, 2.5, 8, 4 ], "rotation":270, "texture": "#main" }
            }
        }, 
        {
            "name": "body", 
            "from": [ 7.75, 2.75, 3.75 ], 
            "to":   [ 8.25, 21.5, 12 ], 
            "rotation": { "angle": -45, "axis": "z", "origin": [8, 2.75, 8] }, 
            "faces": {
                "north": { "uv": [ 6.5, 2.5, 8, 4 ], "rotation":270, "texture": "#main" }, 
                "east":  { "uv": [ 6.5, 2.5, 8, 4 ], "rotation":270, "texture": "#main" }, 
                "south": { "uv": [ 6.5, 2.5, 8, 4 ], "rotation":270, "texture": "#main" }, 
                "west":  { "uv": [ 6.5, 2.5, 8, 4 ], "rotation":270, "texture": "#main" }, 
                "up":    { "uv": [ 6.5, 2.5, 8, 4 ], "rotation":270, "texture": "#main" }, 
                "down":  { "uv": [ 6.5, 2.5, 8, 4 ], "rotation":270, "texture": "#main" }
            }
        }, 
        {
            "from": [ 5, 5, -10 ], 
            "to":   [ 11, 11, -4 ], 
            "rotation": { "angle": -45, "axis": "x", "origin": [8, 13, 3] }, 
            "faces": {
                "north": { "uv": [ 4, 0, 5.5, 1.5 ], "texture": "#main" }, 
                "east":  { "uv": [ 6.5, 2.5, 8, 4 ], "texture": "#main" }, 
                "south": { "uv": [ 6.5, 2.5, 8, 4 ], "texture": "#main" }, 
                "west":  { "uv": [ 6.5, 2.5, 8, 4 ], "texture": "#main" }, 
                "up":    { "uv": [ 6.5, 2.5, 8, 4 ], "texture": "#main" }, 
                "down":  { "uv": [ 6.5, 2.5, 8, 4 ], "texture": "#main" }
            }
        }, 
        {
            "from": [ 9, 10, -8 ], 
            "to":   [ 12, 14, -7 ], 
            "rotation": { "angle": -45, "axis": "x", "origin": [8, 13, 3] }, 
            "faces": {
                "north": { "uv": [ 6.5, 2.5, 8, 4 ], "texture": "#main" }, 
                "east":  { "uv": [ 6.5, 2.5, 8, 4 ], "texture": "#main" }, 
                "south": { "uv": [ 6.5, 2.5, 8, 4 ], "texture": "#main" }, 
                "west":  { "uv": [ 6.5, 2.5, 8, 4 ], "texture": "#main" }, 
                "up":    { "uv": [ 6.5, 2.5, 8, 4 ], "texture": "#main" }, 
                "down":  { "uv": [ 6.5, 2.5, 8, 4 ], "texture": "#main" }
            }
        }, 
        {
            "from": [ 4, 10, -8 ], 
            "to":   [ 7, 14, -7 ], 
            "rotation": { "angle": -45, "axis": "x", "origin": [8, 13, 3] }, 
            "faces": {
                "north": { "uv": [ 6.5, 2.5, 8, 4 ], "texture": "#main" }, 
                "east":  { "uv": [ 6.5, 2.5, 8, 4 ], "texture": "#main" }, 
                "south": { "uv": [ 6.5, 2.5, 8, 4 ], "texture": "#main" }, 
                "west":  { "uv": [ 6.5, 2.5, 8, 4 ], "texture": "#main" }, 
                "up":    { "uv": [ 6.5, 2.5, 8, 4 ], "texture": "#main" }, 
                "down":  { "uv": [ 6.5, 2.5, 8, 4 ], "texture": "#main" }
            }
        }, 
        {
            "name": "body", 
            "from": [ 5, 0, 3.75 ], 
            "to":   [ 11, 6, 15.75 ], 
            "faces": {
                "north": { "uv": [ 10.5, 2.5, 12, 4 ], "texture": "#main" }, 
                "east":  { "uv": [ 10.5, 2.5, 12, 4 ], "texture": "#main" }, 
                "south": { "uv": [ 10.5, 2.5, 12, 4 ], "texture": "#main" }, 
                "west":  { "uv": [ 10.5, 2.5, 12, 4 ], "texture": "#main" }, 
                "up":    { "uv": [ 10.5, 2.5, 12, 4 ], "texture": "#main" }, 
                "down":  { "uv": [ 10.5, 2.5, 12, 4 ], "texture": "#main" }
            }
        }, 
        {
            "name": "body", 
            "from": [ -10.75, 2.5, 3.75 ], 
            "to":   [ 8, 3, 12 ], 
            "rotation": { "angle": -22.5, "axis": "z", "origin": [8, 2.75, 8] }, 
            "faces": {
                "north": { "uv": [ 10.5, 2.5, 12, 4 ], "rotation":180, "texture": "#main" }, 
                "east":  { "uv": [ 10.5, 2.5, 12, 4 ], "texture": "#main" }, 
                "south": { "uv": [ 10.5, 2.5, 12, 4 ], "texture": "#main" }, 
                "west":  { "uv": [ 10.5, 2.5, 12, 4 ], "texture": "#main" }, 
                "up":    { "uv": [ 10.5, 2.5, 12, 4 ], "texture": "#main" }, 
                "down":  { "uv": [ 10.5, 2.5, 12, 4 ], "texture": "#main" }
            }
        }, 
        {
            "name": "body", 
            "from": [ 6.75, 2.5, 15 ], 
            "to":   [ 9, 3, 20.75 ], 
            "rotation": { "angle": 22.5, "axis": "x", "origin": [8, 2.75, 16] }, 
            "faces": {
                "north": { "uv": [ 10.5, 2.5, 12, 4 ], "rotation":270, "texture": "#main" }, 
                "east":  { "uv": [ 10.5, 2.5, 12, 4 ], "rotation":270, "texture": "#main" }, 
                "south": { "uv": [ 10.5, 2.5, 12, 4 ], "rotation":270, "texture": "#main" }, 
                "west":  { "uv": [ 10.5, 2.5, 12, 4 ], "rotation":270, "texture": "#main" }, 
                "up":    { "uv": [ 10.5, 2.5, 12, 4 ], "rotation":270, "texture": "#main" }, 
                "down":  { "uv": [ 10.5, 2.5, 12, 4 ], "rotation":270, "texture": "#main" }
            }
        }, 
        {
            "name": "body", 
            "from": [ 8, 2.5, 3.75 ], 
            "to":   [ 26.75, 3, 12 ], 
            "rotation": { "angle": 22.5, "axis": "z", "origin": [8, 2.75, 8] }, 
            "faces": {
                "north": { "uv": [ 10.5, 2.5, 12, 4 ], "rotation":180, "texture": "#main" }, 
                "east":  { "uv": [ 10.5, 2.5, 12, 4 ], "texture": "#main" }, 
                "south": { "uv": [ 10.5, 2.5, 12, 4 ], "texture": "#main" }, 
                "west":  { "uv": [ 10.5, 2.5, 12, 4 ], "texture": "#main" }, 
                "up":    { "uv": [ 10.5, 2.5, 12, 4 ], "texture": "#main" }, 
                "down":  { "uv": [ 10.5, 2.5, 12, 4 ], "texture": "#main" }
            }
        }, 
        {
            "from": [ 5, 5, -10 ], 
            "to":   [ 11, 11, -4 ], 
            "rotation": { "angle": -45, "axis": "x", "origin": [8, 13, 3] }, 
            "faces": {
                "north": { "uv": [ 8, 0, 9.5, 1.5 ], "texture": "#main" }, 
                "east":  { "uv": [ 10.5, 2.5, 12, 4 ], "texture": "#main" }, 
                "south": { "uv": [ 10.5, 2.5, 12, 4 ], "texture": "#main" }, 
                "west":  { "uv": [ 10.5, 2.5, 12, 4 ], "texture": "#main" }, 
                "up":    { "uv": [ 10.5, 2.5, 12, 4 ], "texture": "#main" }, 
                "down":  { "uv": [ 10.5, 2.5, 12, 4 ], "texture": "#main" }
            }
        }, 
        {
            "from": [ 9, 10, -8 ], 
            "to":   [ 12, 14, -7 ], 
            "rotation": { "angle": -45, "axis": "x", "origin": [8, 13, 3] }, 
            "faces": {
                "north": { "uv": [ 10.5, 2.5, 12, 4 ], "texture": "#main" }, 
                "east":  { "uv": [ 10.5, 2.5, 12, 4 ], "texture": "#main" }, 
                "south": { "uv": [ 10.5, 2.5, 12, 4 ], "texture": "#main" }, 
                "west":  { "uv": [ 10.5, 2.5, 12, 4 ], "texture": "#main" }, 
                "up":    { "uv": [ 10.5, 2.5, 12, 4 ], "texture": "#main" }, 
                "down":  { "uv": [ 10.5, 2.5, 12, 4 ], "texture": "#main" }
            }
        }, 
        {
            "from": [ 4, 10, -8 ], 
            "to":   [ 7, 14, -7 ], 
            "rotation": { "angle": -45, "axis": "x", "origin": [8, 13, 3] }, 
            "faces": {
                "north": { "uv": [ 10.5, 2.5, 12, 4 ], "texture": "#main" }, 
                "east":  { "uv": [ 10.5, 2.5, 12, 4 ], "texture": "#main" }, 
                "south": { "uv": [ 10.5, 2.5, 12, 4 ], "texture": "#main" }, 
                "west":  { "uv": [ 10.5, 2.5, 12, 4 ], "texture": "#main" }, 
                "up":    { "uv": [ 10.5, 2.5, 12, 4 ], "texture": "#main" }, 
                "down":  { "uv": [ 10.5, 2.5, 12, 4 ], "texture": "#main" }
            }
        }, 
        {
            "name": "body", 
            "from": [ 5, 0, 3.75 ], 
            "to":   [ 11, 6, 15.75 ], 
            "faces": {
                "north": { "uv": [ 14.5, 2.5, 16, 4 ], "texture": "#main" }, 
                "east":  { "uv": [ 14.5, 2.5, 16, 4 ], "texture": "#main" }, 
                "south": { "uv": [ 14.5, 2.5, 16, 4 ], "texture": "#main" }, 
                "west":  { "uv": [ 14.5, 2.5, 16, 4 ], "texture": "#main" }, 
                "up":    { "uv": [ 14.5, 2.5, 16, 4 ], "texture": "#main" }, 
                "down":  { "uv": [ 14.5, 2.5, 16, 4 ], "texture": "#main" }
            }
        }, 
        {
            "name": "body", 
            "from": [ -10.75, 2.5, 3.75 ], 
            "to":   [ 8, 3, 12 ], 
            "rotation": { "angle": 0, "axis": "z", "origin": [8, 2.75, 8] }, 
            "faces": {
                "north": { "uv": [ 14.5, 2.5, 16, 4 ], "rotation":180, "texture": "#main" }, 
                "east":  { "uv": [ 14.5, 2.5, 16, 4 ], "texture": "#main" }, 
                "south": { "uv": [ 14.5, 2.5, 16, 4 ], "texture": "#main" }, 
                "west":  { "uv": [ 14.5, 2.5, 16, 4 ], "texture": "#main" }, 
                "up":    { "uv": [ 14.5, 2.5, 16, 4 ], "texture": "#main" }, 
                "down":  { "uv": [ 14.5, 2.5, 16, 4 ], "texture": "#main" }
            }
        }, 
        {
            "name": "body", 
            "from": [ 6.75, 2.5, 15 ], 
            "to":   [ 9, 3, 20.75 ], 
            "rotation": { "angle": 22.5, "axis": "x", "origin": [8, 2.75, 16] }, 
            "faces": {
                "north": { "uv": [ 14.5, 2.5, 16, 4 ], "rotation":270, "texture": "#main" }, 
                "east":  { "uv": [ 14.5, 2.5, 16, 4 ], "rotation":270, "texture": "#main" }, 
                "south": { "uv": [ 14.5, 2.5, 16, 4 ], "rotation":270, "texture": "#main" }, 
                "west":  { "uv": [ 14.5, 2.5, 16, 4 ], "rotation":270, "texture": "#main" }, 
                "up":    { "uv": [ 14.5, 2.5, 16, 4 ], "rotation":270, "texture": "#main" }, 
                "down":  { "uv": [ 14.5, 2.5, 16, 4 ], "rotation":270, "texture": "#main" }
            }
        }, 
        {
            "name": "body", 
            "from": [ 8, 2.5, 3.75 ], 
            "to":   [ 26.75, 3, 12 ], 
            "rotation": { "angle": 0, "axis": "z", "origin": [8, 2.75, 8] }, 
            "faces": {
                "north": { "uv": [ 14.5, 2.5, 16, 4 ], "rotation":180, "texture": "#main" }, 
                "east":  { "uv": [ 14.5, 2.5, 16, 4 ], "texture": "#main" }, 
                "south": { "uv": [ 14.5, 2.5, 16, 4 ], "texture": "#main" }, 
                "west":  { "uv": [ 14.5, 2.5, 16, 4 ], "texture": "#main" }, 
                "up":    { "uv": [ 14.5, 2.5, 16, 4 ], "texture": "#main" }, 
                "down":  { "uv": [ 14.5, 2.5, 16, 4 ], "texture": "#main" }
            }
        }, 
        {
            "from": [ 5, 5, -10 ], 
            "to":   [ 11, 11, -4 ], 
            "rotation": { "angle": -45, "axis": "x", "origin": [8, 13, 3] }, 
            "faces": {
                "north": { "uv": [ 12, 0, 13.5, 1.5 ], "texture": "#main" }, 
                "east":  { "uv": [ 14.5, 2.5, 16, 4 ], "texture": "#main" }, 
                "south": { "uv": [ 14.5, 2.5, 16, 4 ], "texture": "#main" }, 
                "west":  { "uv": [ 14.5, 2.5, 16, 4 ], "texture": "#main" }, 
                "up":    { "uv": [ 14.5, 2.5, 16, 4 ], "texture": "#main" }, 
                "down":  { "uv": [ 14.5, 2.5, 16, 4 ], "texture": "#main" }
            }
        }, 
        {
            "from": [ 9, 10, -8 ], 
            "to":   [ 12, 14, -7 ], 
            "rotation": { "angle": -45, "axis": "x", "origin": [8, 13, 3] }, 
            "faces": {
                "north": { "uv": [ 14.5, 2.5, 16, 4 ], "texture": "#main" }, 
                "east":  { "uv": [ 14.5, 2.5, 16, 4 ], "texture": "#main" }, 
                "south": { "uv": [ 14.5, 2.5, 16, 4 ], "texture": "#main" }, 
                "west":  { "uv": [ 14.5, 2.5, 16, 4 ], "texture": "#main" }, 
                "up":    { "uv": [ 14.5, 2.5, 16, 4 ], "texture": "#main" }, 
                "down":  { "uv": [ 14.5, 2.5, 16, 4 ], "texture": "#main" }
            }
        }, 
        {
            "from": [ 4, 10, -8 ], 
            "to":   [ 7, 14, -7 ], 
            "rotation": { "angle": -45, "axis": "x", "origin": [8, 13, 3] }, 
            "faces": {
                "north": { "uv": [ 14.5, 2.5, 16, 4 ], "texture": "#main" }, 
                "east":  { "uv": [ 14.5, 2.5, 16, 4 ], "texture": "#main" }, 
                "south": { "uv": [ 14.5, 2.5, 16, 4 ], "texture": "#main" }, 
                "west":  { "uv": [ 14.5, 2.5, 16, 4 ], "texture": "#main" }, 
                "up":    { "uv": [ 14.5, 2.5, 16, 4 ], "texture": "#main" }, 
                "down":  { "uv": [ 14.5, 2.5, 16, 4 ], "texture": "#main" }
            }
        }, 
        {
            "name": "body", 
            "from": [ 5, 0, 3.75 ], 
            "to":   [ 11, 6, 15.75 ], 
            "faces": {
                "north": { "uv": [ 2.5, 6.5, 4, 8 ], "texture": "#main" }, 
                "east":  { "uv": [ 2.5, 6.5, 4, 8 ], "texture": "#main" }, 
                "south": { "uv": [ 2.5, 6.5, 4, 8 ], "texture": "#main" }, 
                "west":  { "uv": [ 2.5, 6.5, 4, 8 ], "texture": "#main" }, 
                "up":    { "uv": [ 2.5, 6.5, 4, 8 ], "texture": "#main" }, 
                "down":  { "uv": [ 2.5, 6.5, 4, 8 ], "texture": "#main" }
            }
        }, 
        {
            "name": "body", 
            "from": [ -10.75, 2.5, 3.75 ], 
            "to":   [ 8, 3, 12 ], 
            "rotation": { "angle": 22.5, "axis": "z", "origin": [8, 2.75, 8] }, 
            "faces": {
                "north": { "uv": [ 2.5, 6.5, 4, 8 ], "rotation":180, "texture": "#main" }, 
                "east":  { "uv": [ 2.5, 6.5, 4, 8 ], "texture": "#main" }, 
                "south": { "uv": [ 2.5, 6.5, 4, 8 ], "texture": "#main" }, 
                "west":  { "uv": [ 2.5, 6.5, 4, 8 ], "texture": "#main" }, 
                "up":    { "uv": [ 2.5, 6.5, 4, 8 ], "texture": "#main" }, 
                "down":  { "uv": [ 2.5, 6.5, 4, 8 ], "texture": "#main" }
            }
        }, 
        {
            "name": "body", 
            "from": [ 6.75, 2.5, 15 ], 
            "to":   [ 9, 3, 20.75 ], 
            "rotation": { "angle": 22.5, "axis": "x", "origin": [8, 2.75, 16] }, 
            "faces": {
                "north": { "uv": [ 2.5, 6.5, 4, 8 ], "rotation":270, "texture": "#main" }, 
                "east":  { "uv": [ 2.5, 6.5, 4, 8 ], "rotation":270, "texture": "#main" }, 
                "south": { "uv": [ 2.5, 6.5, 4, 8 ], "rotation":270, "texture": "#main" }, 
                "west":  { "uv": [ 2.5, 6.5, 4, 8 ], "rotation":270, "texture": "#main" }, 
                "up":    { "uv": [ 2.5, 6.5, 4, 8 ], "rotation":270, "texture": "#main" }, 
                "down":  { "uv": [ 2.5, 6.5, 4, 8 ], "rotation":270, "texture": "#main" }
            }
        }, 
        {
            "name": "body", 
            "from": [ 8, 2.5, 3.75 ], 
            "to":   [ 26.75, 3, 12 ], 
            "rotation": { "angle": -22.5, "axis": "z", "origin": [8, 2.75, 8] }, 
            "faces": {
                "north": { "uv": [ 2.5, 6.5, 4, 8 ], "rotation":180, "texture": "#main" }, 
                "east":  { "uv": [ 2.5, 6.5, 4, 8 ], "texture": "#main" }, 
                "south": { "uv": [ 2.5, 6.5, 4, 8 ], "texture": "#main" }, 
                "west":  { "uv": [ 2.5, 6.5, 4, 8 ], "texture": "#main" }, 
                "up":    { "uv": [ 2.5, 6.5, 4, 8 ], "texture": "#main" }, 
                "down":  { "uv": [ 2.5, 6.5, 4, 8 ], "texture": "#main" }
            }
        }, 
        {
            "from": [ 5, 5, -10 ], 
            "to":   [ 11, 11, -4 ], 
            "rotation": { "angle": -45, "axis": "x", "origin": [8, 13, 3] }, 
            "faces": {
                "north": { "uv": [ 0, 4, 1.5, 5.5 ], "texture": "#main" }, 
                "east":  { "uv": [ 2.5, 6.5, 4, 8 ], "texture": "#main" }, 
                "south": { "uv": [ 2.5, 6.5, 4, 8 ], "texture": "#main" }, 
                "west":  { "uv": [ 2.5, 6.5, 4, 8 ], "texture": "#main" }, 
                "up":    { "uv": [ 2.5, 6.5, 4, 8 ], "texture": "#main" }, 
                "down":  { "uv": [ 2.5, 6.5, 4, 8 ], "texture": "#main" }
            }
        }, 
        {
            "from": [ 9, 10, -8 ], 
            "to":   [ 12, 14, -7 ], 
            "rotation": { "angle": -45, "axis": "x", "origin": [8, 13, 3] }, 
            "faces": {
                "north": { "uv": [ 2.5, 6.5, 4, 8 ], "texture": "#main" }, 
                "east":  { "uv": [ 2.5, 6.5, 4, 8 ], "texture": "#main" }, 
                "south": { "uv": [ 2.5, 6.5, 4, 8 ], "texture": "#main" }, 
                "west":  { "uv": [ 2.5, 6.5, 4, 8 ], "texture": "#main" }, 
                "up":    { "uv": [ 2.5, 6.5, 4, 8 ], "texture": "#main" }, 
                "down":  { "uv": [ 2.5, 6.5, 4, 8 ], "texture": "#main" }
            }
        }, 
        {
            "from": [ 4, 10, -8 ], 
            "to":   [ 7, 14, -7 ], 
            "rotation": { "angle": -45, "axis": "x", "origin": [8, 13, 3] }, 
            "faces": {
                "north": { "uv": [ 2.5, 6.5, 4, 8 ], "texture": "#main" }, 
                "east":  { "uv": [ 2.5, 6.5, 4, 8 ], "texture": "#main" }, 
                "south": { "uv": [ 2.5, 6.5, 4, 8 ], "texture": "#main" }, 
                "west":  { "uv": [ 2.5, 6.5, 4, 8 ], "texture": "#main" }, 
                "up":    { "uv": [ 2.5, 6.5, 4, 8 ], "texture": "#main" }, 
                "down":  { "uv": [ 2.5, 6.5, 4, 8 ], "texture": "#main" }
            }
        }, 
        {
            "name": "body", 
            "from": [ 5, 0, 3.75 ], 
            "to":   [ 11, 6, 15.75 ], 
            "faces": {
                "north": { "uv": [ 6.5, 6.5, 8, 8 ], "texture": "#main" }, 
                "east":  { "uv": [ 6.5, 6.5, 8, 8 ], "texture": "#main" }, 
                "south": { "uv": [ 6.5, 6.5, 8, 8 ], "texture": "#main" }, 
                "west":  { "uv": [ 6.5, 6.5, 8, 8 ], "texture": "#main" }, 
                "up":    { "uv": [ 6.5, 6.5, 8, 8 ], "texture": "#main" }, 
                "down":  { "uv": [ 6.5, 6.5, 8, 8 ], "texture": "#main" }
            }
        }, 
        {
            "name": "body", 
            "from": [ -10.75, 2.5, 3.75 ], 
            "to":   [ 8, 3, 12 ], 
            "rotation": { "angle": 45, "axis": "z", "origin": [8, 2.75, 8] }, 
            "faces": {
                "north": { "uv": [ 6.5, 6.5, 8, 8 ], "rotation":180, "texture": "#main" }, 
                "east":  { "uv": [ 6.5, 6.5, 8, 8 ], "texture": "#main" }, 
                "south": { "uv": [ 6.5, 6.5, 8, 8 ], "texture": "#main" }, 
                "west":  { "uv": [ 6.5, 6.5, 8, 8 ], "texture": "#main" }, 
                "up":    { "uv": [ 6.5, 6.5, 8, 8 ], "texture": "#main" }, 
                "down":  { "uv": [ 6.5, 6.5, 8, 8 ], "texture": "#main" }
            }
        }, 
        {
            "name": "body", 
            "from": [ 6.75, 2.5, 15 ], 
            "to":   [ 9, 3, 20.75 ], 
            "rotation": { "angle": 22.5, "axis": "x", "origin": [8, 2.75, 16] }, 
            "faces": {
                "north": { "uv": [ 6.5, 6.5, 8, 8 ], "rotation":270, "texture": "#main" }, 
                "east":  { "uv": [ 6.5, 6.5, 8, 8 ], "rotation":270, "texture": "#main" }, 
                "south": { "uv": [ 6.5, 6.5, 8, 8 ], "rotation":270, "texture": "#main" }, 
                "west":  { "uv": [ 6.5, 6.5, 8, 8 ], "rotation":270, "texture": "#main" }, 
                "up":    { "uv": [ 6.5, 6.5, 8, 8 ], "rotation":270, "texture": "#main" }, 
                "down":  { "uv": [ 6.5, 6.5, 8, 8 ], "rotation":270, "texture": "#main" }
            }
        }, 
        {
            "name": "body", 
            "from": [ 8, 2.5, 3.75 ], 
            "to":   [ 26.75, 3, 12 ], 
            "rotation": { "angle": -45, "axis": "z", "origin": [8, 2.75, 8] }, 
            "faces": {
                "north": { "uv": [ 6.5, 6.5, 8, 8 ], "rotation":180, "texture": "#main" }, 
                "east":  { "uv": [ 6.5, 6.5, 8, 8 ], "texture": "#main" }, 
                "south": { "uv": [ 6.5, 6.5, 8, 8 ], "texture": "#main" }, 
                "west":  { "uv": [ 6.5, 6.5, 8, 8 ], "texture": "#main" }, 
                "up":    { "uv": [ 6.5, 6.5, 8, 8 ], "texture": "#main" }, 
                "down":  { "uv": [ 6.5, 6.5, 8, 8 ], "texture": "#main" }
            }
        }, 
        {
            "from": [ 5, 5, -10 ], 
            "to":   [ 11, 11, -4 ], 
            "rotation": { "angle": -45, "axis": "x", "origin": [8, 13, 3] }, 
            "faces": {
                "north": { "uv": [ 4, 4, 5.5, 5.5 ], "texture": "#main" }, 
                "east":  { "uv": [ 6.5, 6.5, 8, 8 ], "texture": "#main" }, 
                "south": { "uv": [ 6.5, 6.5, 8, 8 ], "texture": "#main" }, 
                "west":  { "uv": [ 6.5, 6.5, 8, 8 ], "texture": "#main" }, 
                "up":    { "uv": [ 6.5, 6.5, 8, 8 ], "texture": "#main" }, 
                "down":  { "uv": [ 6.5, 6.5, 8, 8 ], "texture": "#main" }
            }
        }, 
        {
            "from": [ 9, 10, -8 ], 
            "to":   [ 12, 14, -7 ], 
            "rotation": { "angle": -45, "axis": "x", "origin": [8, 13, 3] }, 
            "faces": {
                "north": { "uv": [ 6.5, 6.5, 8, 8 ], "texture": "#main" }, 
                "east":  { "uv": [ 6.5, 6.5, 8, 8 ], "texture": "#main" }, 
                "south": { "uv": [ 6.5, 6.5, 8, 8 ], "texture": "#main" }, 
                "west":  { "uv": [ 6.5, 6.5, 8, 8 ], "texture": "#main" }, 
                "up":    { "uv": [ 6.5, 6.5, 8, 8 ], "texture": "#main" }, 
                "down":  { "uv": [ 6.5, 6.5, 8, 8 ], "texture": "#main" }
            }
        }, 
        {
            "from": [ 4, 10, -8 ], 
            "to":   [ 7, 14, -7 ], 
            "rotation": { "angle": -45, "axis": "x", "origin": [8, 13, 3] }, 
            "faces": {
                "north": { "uv": [ 6.5, 6.5, 8, 8 ], "texture": "#main" }, 
                "east":  { "uv": [ 6.5, 6.5, 8, 8 ], "texture": "#main" }, 
                "south": { "uv": [ 6.5, 6.5, 8, 8 ], "texture": "#main" }, 
                "west":  { "uv": [ 6.5, 6.5, 8, 8 ], "texture": "#main" }, 
                "up":    { "uv": [ 6.5, 6.5, 8, 8 ], "texture": "#main" }, 
                "down":  { "uv": [ 6.5, 6.5, 8, 8 ], "texture": "#main" }
            }
        }, 
        {
            "name": "body", 
            "from": [ 5, 0, 3.75 ], 
            "to":   [ 11, 6, 15.75 ], 
            "faces": {
                "north": { "uv": [ 10.5, 6.5, 12, 8 ], "texture": "#main" }, 
                "east":  { "uv": [ 10.5, 6.5, 12, 8 ], "texture": "#main" }, 
                "south": { "uv": [ 10.5, 6.5, 12, 8 ], "texture": "#main" }, 
                "west":  { "uv": [ 10.5, 6.5, 12, 8 ], "texture": "#main" }, 
                "up":    { "uv": [ 10.5, 6.5, 12, 8 ], "texture": "#main" }, 
                "down":  { "uv": [ 10.5, 6.5, 12, 8 ], "texture": "#main" }
            }
        }, 
        {
            "name": "body", 
            "from": [ 7.75, -16, 3.75 ], 
            "to":   [ 8.25, 2.75, 12 ], 
            "rotation": { "angle": -22.5, "axis": "z", "origin": [8, 2.75, 8] }, 
            "faces": {
                "north": { "uv": [ 10.5, 6.5, 12, 8 ], "rotation":270, "texture": "#main" }, 
                "east":  { "uv": [ 10.5, 6.5, 12, 8 ], "rotation":270, "texture": "#main" }, 
                "south": { "uv": [ 10.5, 6.5, 12, 8 ], "rotation":270, "texture": "#main" }, 
                "west":  { "uv": [ 10.5, 6.5, 12, 8 ], "rotation":270, "texture": "#main" }, 
                "up":    { "uv": [ 10.5, 6.5, 12, 8 ], "rotation":270, "texture": "#main" }, 
                "down":  { "uv": [ 10.5, 6.5, 12, 8 ], "rotation":270, "texture": "#main" }
            }
        }, 
        {
            "name": "body", 
            "from": [ 6.75, 2.5, 15 ], 
            "to":   [ 9, 3, 20.75 ], 
            "rotation": { "angle": 22.5, "axis": "x", "origin": [8, 2.75, 16] }, 
            "faces": {
                "north": { "uv": [ 10.5, 6.5, 12, 8 ], "rotation":270, "texture": "#main" }, 
                "east":  { "uv": [ 10.5, 6.5, 12, 8 ], "rotation":270, "texture": "#main" }, 
                "south": { "uv": [ 10.5, 6.5, 12, 8 ], "rotation":270, "texture": "#main" }, 
                "west":  { "uv": [ 10.5, 6.5, 12, 8 ], "rotation":270, "texture": "#main" }, 
                "up":    { "uv": [ 10.5, 6.5, 12, 8 ], "rotation":270, "texture": "#main" }, 
                "down":  { "uv": [ 10.5, 6.5, 12, 8 ], "rotation":270, "texture": "#main" }
            }
        }, 
        {
            "name": "body", 
            "from": [ 7.75, -16, 3.75 ], 
            "to":   [ 8.25, 2.75, 12 ], 
            "rotation": { "angle": 22.5, "axis": "z", "origin": [8, 2.75, 8] }, 
            "faces": {
                "north": { "uv": [ 10.5, 6.5, 12, 8 ], "rotation":90, "texture": "#main" }, 
                "east":  { "uv": [ 10.5, 6.5, 12, 8 ], "rotation":90, "texture": "#main" }, 
                "south": { "uv": [ 10.5, 6.5, 12, 8 ], "rotation":90, "texture": "#main" }, 
                "west":  { "uv": [ 10.5, 6.5, 12, 8 ], "rotation":90, "texture": "#main" }, 
                "up":    { "uv": [ 10.5, 6.5, 12, 8 ], "rotation":90, "texture": "#main" }, 
                "down":  { "uv": [ 10.5, 6.5, 12, 8 ], "rotation":90, "texture": "#main" }
            }
        }, 
        {
            "from": [ 5, 5, -10 ], 
            "to":   [ 11, 11, -4 ], 
            "rotation": { "angle": -45, "axis": "x", "origin": [8, 13, 3] }, 
            "faces": {
                "north": { "uv": [ 8, 4, 9.5, 5.5 ], "texture": "#main" }, 
                "east":  { "uv": [ 10.5, 6.5, 12, 8 ], "texture": "#main" }, 
                "south": { "uv": [ 10.5, 6.5, 12, 8 ], "texture": "#main" }, 
                "west":  { "uv": [ 10.5, 6.5, 12, 8 ], "texture": "#main" }, 
                "up":    { "uv": [ 10.5, 6.5, 12, 8 ], "texture": "#main" }, 
                "down":  { "uv": [ 10.5, 6.5, 12, 8 ], "texture": "#main" }
            }
        }, 
        {
            "from": [ 9, 10, -8 ], 
            "to":   [ 12, 14, -7 ], 
            "rotation": { "angle": -45, "axis": "x", "origin": [8, 13, 3] }, 
            "faces": {
                "north": { "uv": [ 10.5, 6.5, 12, 8 ], "texture": "#main" }, 
                "east":  { "uv": [ 10.5, 6.5, 12, 8 ], "texture": "#main" }, 
                "south": { "uv": [ 10.5, 6.5, 12, 8 ], "texture": "#main" }, 
                "west":  { "uv": [ 10.5, 6.5, 12, 8 ], "texture": "#main" }, 
                "up":    { "uv": [ 10.5, 6.5, 12, 8 ], "texture": "#main" }, 
                "down":  { "uv": [ 10.5, 6.5, 12, 8 ], "texture": "#main" }
            }
        }, 
        {
            "from": [ 4, 10, -8 ], 
            "to":   [ 7, 14, -7 ], 
            "rotation": { "angle": -45, "axis": "x", "origin": [8, 13, 3] }, 
            "faces": {
                "north": { "uv": [ 10.5, 6.5, 12, 8 ], "texture": "#main" }, 
                "east":  { "uv": [ 10.5, 6.5, 12, 8 ], "texture": "#main" }, 
                "south": { "uv": [ 10.5, 6.5, 12, 8 ], "texture": "#main" }, 
                "west":  { "uv": [ 10.5, 6.5, 12, 8 ], "texture": "#main" }, 
                "up":    { "uv": [ 10.5, 6.5, 12, 8 ], "texture": "#main" }, 
                "down":  { "uv": [ 10.5, 6.5, 12, 8 ], "texture": "#main" }
            }
        }
    ], 
    "display": {
        "thirdperson_righthand": {
            "rotation": [ 121, 0, 0 ], 
            "translation": [ 8, 0, 3.75 ], 
            "scale": [ 0.37, 0.37, 0.37 ]
        }, 
        "thirdperson_lefthand": {
            "rotation": [ 121, 0, 0 ], 
            "translation": [ 8, 0, 3.75 ], 
            "scale": [ 0.37, 0.37, 0.37 ]
        }, 
        "firstperson_righthand": {
            "rotation": [ -49, 152, 30 ], 
            "translation": [ 0, 2.75, 0 ], 
            "scale": [ 0.38, 0.38, 0.38 ]
        }, 
        "firstperson_lefthand": {
            "rotation": [ -49, 152, 30 ], 
            "translation": [ 0, 2.75, 0 ], 
            "scale": [ 0.39, 0.39, 0.39 ]
        }, 
        "ground": {
            "rotation": [ 45, 0, 0 ], 
            "scale": [ 0.29, 0.29, 0.29 ]
        }, 
        "gui": {
            "rotation": [ 139, 0, -180 ], 
            "translation": [ 0, 0.5, 0 ], 
            "scale": [ 0.45, 0.45, 0.45 ]
        }, 
        "head": {
            "rotation": [ 45, 0, 0 ], 
            "translation": [ -13.5, 0, 0 ], 
            "scale": [ 0.32, 0.32, 0.32 ]
        }, 
        "fixed": {
            "rotation": [ -43, 0, 0 ], 
            "translation": [ 0, 0, -8.5 ], 
            "scale": [ 0.48, 0.48, 0.48 ]
        }
    }, 
    "groups": [
        0, 
        1, 
        2, 
        3, 
        {
            "name": "head", 
            "origin": [
                8, 
                13, 
                3
            ], 
            "children": [
                4, 
                5, 
                6
            ]
        }
    ], 
    "__comment": "Model animated using Fizzy's model animator - http://fizzy81.github.io/animated-models/"
}