{
	"credit": "Made with Blockbench",
	"textures": {
		"1": "items/poi/all_black"
	},
	"elements": [
		{
			"from": [6, 27, -7],
			"to": [11, 31, -2],
			"rotation": {"angle": 0, "axis": "x", "origin": [8.5, 27, -2.25]},
			"faces": {
				"north": {"uv": [1.25, 2.75, 2.5, 4.5], "texture": "#1"},
				"east": {"uv": [0, 2.5, 1.25, 4.5], "texture": "#1"},
				"south": {"uv": [3.75, 2.5, 5, 4.5], "texture": "#1"},
				"west": {"uv": [2.5, 2.5, 3.75, 4.5], "texture": "#1"},
				"up": {"uv": [1.25, 0, 2.5, 2.5], "texture": "#1"},
				"down": {"uv": [2.5, 0, 3.75, 2.5], "texture": "#1"}
			}
		},
		{
			"from": [6.5, 31, -4],
			"to": [7.5, 32, -2],
			"rotation": {"angle": 0, "axis": "x", "origin": [8.5, 27, -2.25]},
			"faces": {
				"north": {"uv": [1.5, 1, 2, 1.5], "texture": "#1"},
				"east": {"uv": [1.5, 1, 2, 1.5], "texture": "#1"},
				"south": {"uv": [1.5, 1, 2, 1.5], "texture": "#1"},
				"west": {"uv": [1.5, 1, 2, 1.5], "texture": "#1"},
				"up": {"uv": [1.5, 1, 2, 1.5], "texture": "#1"},
				"down": {"uv": [1.5, 1, 2, 1.5], "texture": "#1"}
			}
		},
		{
			"from": [9.5, 31, -4],
			"to": [10.5, 32, -2],
			"rotation": {"angle": 0, "axis": "x", "origin": [8.5, 27, -2.25]},
			"faces": {
				"north": {"uv": [1.5, 1.25, 2, 1.5], "texture": "#1"},
				"east": {"uv": [1.5, 1.25, 2, 1.5], "texture": "#1"},
				"south": {"uv": [1.5, 1.25, 2, 1.5], "texture": "#1"},
				"west": {"uv": [1.5, 1.25, 2, 1.5], "texture": "#1"},
				"up": {"uv": [1.5, 1.25, 2, 1.5], "texture": "#1"},
				"down": {"uv": [1.5, 1.25, 2, 1.5], "texture": "#1"}
			}
		},
		{
			"name": "body",
			"from": [6.5, 10.98512, 0.06795],
			"to": [10.5, 26.98512, 6.06795],
			"rotation": {"angle": -22.5, "axis": "x", "origin": [7.25, 13.75, 1]},
			"faces": {
				"north": {"uv": [6, 3, 7.75, 11], "rotation": 90, "texture": "#1"},
				"east": {"uv": [5, 3, 6.5, 11], "texture": "#1"},
				"south": {"uv": [6.25, 3, 7.5, 11], "rotation": 180, "texture": "#1"},
				"west": {"uv": [5, 3, 6.5, 11], "rotation": 180, "texture": "#1"},
				"up": {"uv": [6.5, 0, 7.5, 2.75], "rotation": 180, "texture": "#1"},
				"down": {"uv": [6.5, 0, 7.5, 2.75], "rotation": 180, "texture": "#1"}
			}
		},
		{
			"name": "body",
			"from": [8, 3.11365, -1.67179],
			"to": [9, 11.11365, -0.67179],
			"rotation": {"angle": -22.5, "axis": "x", "origin": [8, 27.61365, -2.67179]},
			"faces": {
				"north": {"uv": [0, 6, 2.25, 6.5], "rotation": 90, "texture": "#1"},
				"east": {"uv": [0, 6, 2.25, 6.5], "rotation": 90, "texture": "#1"},
				"south": {"uv": [0, 6, 2.25, 6.5], "rotation": 90, "texture": "#1"},
				"west": {"uv": [0, 6, 2.25, 6.5], "rotation": 90, "texture": "#1"},
				"up": {"uv": [0, 6, 2.25, 6.5], "rotation": 270, "texture": "#1"},
				"down": {"uv": [0, 6, 0.25, 6.5], "rotation": 90, "texture": "#1"}
			}
		},
		{
			"name": "body",
			"from": [8, -2.25603, 7.55171],
			"to": [9, 5.74397, 8.55171],
			"rotation": {"angle": 0, "axis": "x", "origin": [8, 30.24397, 6.55171]},
			"faces": {
				"north": {"uv": [0, 6, 2.25, 6.5], "rotation": 90, "texture": "#1"},
				"east": {"uv": [0, 6, 2.25, 6.5], "rotation": 90, "texture": "#1"},
				"south": {"uv": [0, 6, 2.25, 6.5], "rotation": 90, "texture": "#1"},
				"west": {"uv": [0, 6, 2.25, 6.5], "rotation": 90, "texture": "#1"},
				"up": {"uv": [0, 6, 0.25, 6.5], "rotation": 270, "texture": "#1"},
				"down": {"uv": [0, 6, 0.25, 6.5], "rotation": 90, "texture": "#1"}
			}
		},
		{
			"from": [6.25, 8.58698, -0.0808],
			"to": [8.25, 14.83698, 1.9192],
			"rotation": {"angle": -22.5, "axis": "z", "origin": [7.25, 13.75, 1]},
			"faces": {
				"north": {"uv": [2.5, 7.5, 3, 10.5], "texture": "#1"},
				"east": {"uv": [2, 7.5, 2.5, 10.5], "texture": "#1"},
				"south": {"uv": [3.5, 7.5, 4, 10.5], "texture": "#1"},
				"west": {"uv": [3, 7.5, 3.5, 10.5], "texture": "#1"},
				"up": {"uv": [2.5, 6.5, 3, 7.5], "texture": "#1"},
				"down": {"uv": [3, 6.5, 3.5, 7.5], "texture": "#1"}
			}
		},
		{
			"from": [8.75, 8.58698, -0.0808],
			"to": [10.75, 14.83698, 1.9192],
			"rotation": {"angle": 22.5, "axis": "z", "origin": [9.75, 13.75, 1]},
			"faces": {
				"north": {"uv": [2.5, 7.5, 3, 10.5], "texture": "#1"},
				"east": {"uv": [2, 7.5, 2.5, 10.5], "texture": "#1"},
				"south": {"uv": [3.5, 7.5, 4, 10.5], "texture": "#1"},
				"west": {"uv": [3, 7.5, 3.5, 10.5], "texture": "#1"},
				"up": {"uv": [2.5, 6.5, 3, 7.5], "texture": "#1"},
				"down": {"uv": [3, 6.5, 3.5, 7.5], "texture": "#1"}
			}
		},
		{
			"from": [5.25, 25, -10.5],
			"to": [7.25, 27, -0.25],
			"rotation": {"angle": 22.5, "axis": "y", "origin": [7.5, 29.5, -3.5]},
			"faces": {
				"north": {"uv": [3, 6.5, 3.5, 7.5], "rotation": 180, "texture": "#1"},
				"east": {"uv": [2, 7.5, 2.5, 10.5], "rotation": 270, "texture": "#1"},
				"south": {"uv": [2.5, 6.5, 3, 7.5], "texture": "#1"},
				"west": {"uv": [3, 7.5, 3.5, 10.5], "rotation": 90, "texture": "#1"},
				"up": {"uv": [2.5, 7.5, 3, 10.5], "rotation": 180, "texture": "#1"},
				"down": {"uv": [3.5, 7.5, 4, 10.5], "texture": "#1"}
			}
		},
		{
			"from": [9.75, 25, -10.5],
			"to": [11.75, 27, -0.25],
			"rotation": {"angle": -22.5, "axis": "y", "origin": [9.5, 29.5, -3.5]},
			"faces": {
				"north": {"uv": [3, 6.5, 3.5, 7.5], "rotation": 180, "texture": "#1"},
				"east": {"uv": [2, 7.5, 2.5, 10.5], "rotation": 270, "texture": "#1"},
				"south": {"uv": [2.5, 6.5, 3, 7.5], "texture": "#1"},
				"west": {"uv": [3, 7.5, 3.5, 10.5], "rotation": 90, "texture": "#1"},
				"up": {"uv": [2.5, 7.5, 3, 10.5], "rotation": 180, "texture": "#1"},
				"down": {"uv": [3.5, 7.5, 4, 10.5], "texture": "#1"}
			}
		}
	],
	"display": {
		"thirdperson_righthand": {
			"rotation": [93, 0, 0],
			"translation": [-0.25, -7.75, 4.75],
			"scale": [0.36, 0.36, 0.36]
		},
		"thirdperson_lefthand": {
			"rotation": [93, 0, 0],
			"translation": [0.25, -7.75, 4.75],
			"scale": [0.36, 0.36, 0.36]
		},
		"firstperson_righthand": {
			"rotation": [0, 146, 0],
			"translation": [0, -3.5, 0],
			"scale": [0.37, 0.37, 0.37]
		},
		"firstperson_lefthand": {
			"rotation": [0, 146, 0],
			"translation": [0, -3.5, 0],
			"scale": [0.37, 0.37, 0.37]
		},
		"ground": {
			"scale": [0.37, 0.37, 0.37]
		},
		"gui": {
			"rotation": [0, 112, 0],
			"translation": [3.75, -2.5, 0],
			"scale": [0.42, 0.42, 0.42]
		},
		"head": {
			"translation": [-0.25, -11.5, 15.75]
		},
		"fixed": {
			"rotation": [0, -90, 0],
			"translation": [-28.25, -1.75, 16.75]
		}
	},
	"groups": [
		{
			"name": "head",
			"origin": [7.5, 0, 4.75],
			"children": [0, 1, 2]
		},
		{
			"name": "body",
			"origin": [8.5, 3, -2.25],
			"children": [3,
				{
					"name": "tail",
					"origin": [8, 3, -2.5],
					"children": [4, 5]
				},
				{
					"name": "legs",
					"origin": [8.5, 3, -2.5],
					"children": [6, 7, 8, 9]
				}
			]
		}
	]
}