{
	"credit": "Made with Blockbench",
	"textures": {
		"2": "items/poi/devil_horn_red",
		"particle": "items/poi/devil_horn_red"
	},
	"elements": [
		{
			"from": [8, -2.5, -11.75],
			"to": [9, 0.5, -10.75],
			"rotation": {"angle": -45, "axis": "x", "origin": [8.75, 0.5, -11.25]},
			"faces": {
				"north": {"uv": [1, 6, 2, 7], "rotation": 180, "texture": "#2"},
				"east": {"uv": [1, 1, 2, 4], "rotation": 180, "texture": "#2"},
				"south": {"uv": [1, 1, 2, 4], "rotation": 180, "texture": "#2"},
				"west": {"uv": [1, 1, 2, 4], "rotation": 180, "texture": "#2"},
				"up": {"uv": [1, 1, 2, 4], "rotation": 180, "texture": "#2"},
				"down": {"uv": [0, 6, 1, 7], "rotation": 180, "texture": "#2"}
			}
		},
		{
			"from": [8, -0.09952, -8.91029],
			"to": [9, 0.90048, -5.91029],
			"rotation": {"angle": 22.5, "axis": "x", "origin": [8.75, 0.40048, -13.91029]},
			"faces": {
				"north": {"uv": [1, 1, 2, 4], "texture": "#2"},
				"east": {"uv": [1, 1, 2, 4], "texture": "#2"},
				"south": {"uv": [1, 1, 2, 4], "texture": "#2"},
				"west": {"uv": [1, 1, 2, 4], "texture": "#2"},
				"up": {"uv": [1, 1, 2, 4], "texture": "#2"},
				"down": {"uv": [0, 6, 1, 7], "texture": "#2"}
			}
		},
		{
			"from": [8, -3.12292, -6.71059],
			"to": [9, -2.12292, -3.71059],
			"rotation": {"angle": 0, "axis": "y", "origin": [8.75, -2.87292, -16.71059]},
			"faces": {
				"north": {"uv": [1, 1, 2, 4], "texture": "#2"},
				"east": {"uv": [1, 1, 2, 4], "texture": "#2"},
				"south": {"uv": [1, 1, 2, 4], "texture": "#2"},
				"west": {"uv": [1, 1, 2, 4], "texture": "#2"},
				"up": {"uv": [1, 1, 2, 4], "texture": "#2"},
				"down": {"uv": [0, 6, 1, 7], "texture": "#2"}
			}
		},
		{
			"from": [8, -13.80275, 0.50603],
			"to": [9, -12.80275, 3.50603],
			"rotation": {"angle": -45, "axis": "x", "origin": [8.75, -13.55275, -14.49397]},
			"faces": {
				"north": {"uv": [1, 1, 2, 4], "texture": "#2"},
				"east": {"uv": [1, 1, 2, 4], "texture": "#2"},
				"south": {"uv": [1, 1, 2, 4], "texture": "#2"},
				"west": {"uv": [1, 1, 2, 4], "texture": "#2"},
				"up": {"uv": [1, 1, 2, 4], "texture": "#2"},
				"down": {"uv": [1, 6, 2, 7], "texture": "#2"}
			}
		},
		{
			"from": [8, -1.0016, -2.58927],
			"to": [9, 1.9984, -1.58927],
			"rotation": {"angle": 0, "axis": "z", "origin": [8.75, -21.0016, -2.08927]},
			"faces": {
				"north": {"uv": [1, 1, 2, 4], "rotation": 180, "texture": "#2"},
				"east": {"uv": [1, 1, 2, 4], "rotation": 180, "texture": "#2"},
				"south": {"uv": [0, 6, 1, 7], "rotation": 180, "texture": "#2"},
				"west": {"uv": [1, 1, 2, 4], "rotation": 180, "texture": "#2"},
				"up": {"uv": [1, 1, 2, 4], "rotation": 180, "texture": "#2"},
				"down": {"uv": [1, 1, 2, 4], "rotation": 180, "texture": "#2"}
			}
		},
		{
			"from": [8, 20.69066, -11.04794],
			"to": [9, 21.69066, -8.04794],
			"rotation": {"angle": -45, "axis": "x", "origin": [8.75, 22.05505, 16.95206]},
			"faces": {
				"north": {"uv": [1, 1, 2, 4], "rotation": 180, "texture": "#2"},
				"east": {"uv": [1, 1, 2, 4], "rotation": 180, "texture": "#2"},
				"south": {"uv": [1, 1, 2, 4], "rotation": 180, "texture": "#2"},
				"west": {"uv": [1, 1, 2, 4], "rotation": 180, "texture": "#2"},
				"up": {"uv": [1, 1, 2, 4], "rotation": 180, "texture": "#2"},
				"down": {"uv": [1, 6, 2, 7], "rotation": 180, "texture": "#2"}
			}
		},
		{
			"from": [8, 3.11972, -0.46795],
			"to": [9, 4.11972, 3.53205],
			"rotation": {"angle": 0, "axis": "x", "origin": [8.75, 4.7341, 27.53205]},
			"faces": {
				"north": {"uv": [1, 1, 2, 4], "rotation": 180, "texture": "#2"},
				"east": {"uv": [1, 1, 2, 4], "rotation": 180, "texture": "#2"},
				"south": {"uv": [1, 1, 2, 4], "rotation": 180, "texture": "#2"},
				"west": {"uv": [1, 5, 2, 6], "rotation": 180, "texture": "#2"},
				"up": {"uv": [1, 1, 2, 4], "rotation": 180, "texture": "#2"},
				"down": {"uv": [1, 1, 2, 4], "rotation": 180, "texture": "#2"}
			}
		},
		{
			"from": [10, 3.11972, 2.53205],
			"to": [11, 4.11972, 4.53205],
			"rotation": {"angle": 0, "axis": "x", "origin": [8.75, 4.4841, 30.53205]},
			"faces": {
				"north": {"uv": [1, 1, 2, 4], "rotation": 180, "texture": "#2"},
				"east": {"uv": [1, 1, 2, 4], "rotation": 180, "texture": "#2"},
				"south": {"uv": [1, 1, 2, 4], "rotation": 180, "texture": "#2"},
				"west": {"uv": [1, 1, 2, 4], "rotation": 180, "texture": "#2"},
				"up": {"uv": [1, 1, 2, 4], "rotation": 180, "texture": "#2"},
				"down": {"uv": [1, 1, 2, 4], "rotation": 180, "texture": "#2"}
			}
		},
		{
			"from": [6, 3.11972, 2.53205],
			"to": [7, 4.11972, 4.53205],
			"rotation": {"angle": 0, "axis": "x", "origin": [4.75, 4.4841, 30.53205]},
			"faces": {
				"north": {"uv": [1, 1, 2, 4], "rotation": 180, "texture": "#2"},
				"east": {"uv": [1, 1, 2, 4], "rotation": 180, "texture": "#2"},
				"south": {"uv": [1, 1, 2, 4], "rotation": 180, "texture": "#2"},
				"west": {"uv": [1, 1, 2, 4], "rotation": 180, "texture": "#2"},
				"up": {"uv": [1, 1, 2, 4], "rotation": 180, "texture": "#2"},
				"down": {"uv": [1, 1, 2, 4], "rotation": 180, "texture": "#2"}
			}
		},
		{
			"from": [26.16511, 3.11972, -2.78508],
			"to": [27.16511, 4.11972, 0.75492],
			"rotation": {"angle": 45, "axis": "y", "origin": [24.91511, 4.4841, 25.21492]},
			"faces": {
				"north": {"uv": [1, 1, 2, 4], "rotation": 180, "texture": "#2"},
				"east": {"uv": [1, 1, 2, 4], "rotation": 180, "texture": "#2"},
				"south": {"uv": [1, 1, 2, 4], "rotation": 180, "texture": "#2"},
				"west": {"uv": [1, 1, 2, 4], "rotation": 180, "texture": "#2"},
				"up": {"uv": [1, 1, 2, 4], "rotation": 180, "texture": "#2"},
				"down": {"uv": [1, 1, 2, 4], "rotation": 180, "texture": "#2"}
			}
		},
		{
			"from": [-10.16511, 3.11972, -2.78508],
			"to": [-9.16511, 4.11972, 0.53492],
			"rotation": {"angle": -45, "axis": "y", "origin": [-7.91511, 4.4841, 25.21492]},
			"faces": {
				"north": {"uv": [1, 1, 2, 4], "rotation": 180, "texture": "#2"},
				"east": {"uv": [1, 1, 2, 4], "rotation": 180, "texture": "#2"},
				"south": {"uv": [1, 1, 2, 4], "rotation": 180, "texture": "#2"},
				"west": {"uv": [1, 1, 2, 4], "rotation": 180, "texture": "#2"},
				"up": {"uv": [1, 1, 2, 4], "rotation": 180, "texture": "#2"},
				"down": {"uv": [1, 1, 2, 4], "rotation": 180, "texture": "#2"}
			}
		},
		{
			"from": [-10.458, 3.11972, -4.07797],
			"to": [-9.458, 4.11972, -2.50797],
			"rotation": {"angle": -45, "axis": "y", "origin": [-8.208, 4.4841, 23.92203]},
			"faces": {
				"north": {"uv": [1, 1, 2, 4], "rotation": 180, "texture": "#2"},
				"east": {"uv": [1, 1, 2, 4], "rotation": 180, "texture": "#2"},
				"south": {"uv": [1, 1, 2, 4], "rotation": 180, "texture": "#2"},
				"west": {"uv": [1, 1, 2, 4], "rotation": 180, "texture": "#2"},
				"up": {"uv": [1, 1, 2, 4], "rotation": 180, "texture": "#2"},
				"down": {"uv": [1, 1, 2, 4], "rotation": 180, "texture": "#2"}
			}
		},
		{
			"from": [26.458, 3.11972, -4.07797],
			"to": [27.458, 4.11972, -2.50797],
			"rotation": {"angle": 45, "axis": "y", "origin": [25.208, 4.4841, 23.92203]},
			"faces": {
				"north": {"uv": [1, 1, 2, 4], "rotation": 180, "texture": "#2"},
				"east": {"uv": [1, 1, 2, 4], "rotation": 180, "texture": "#2"},
				"south": {"uv": [1, 1, 2, 4], "rotation": 180, "texture": "#2"},
				"west": {"uv": [1, 1, 2, 4], "rotation": 180, "texture": "#2"},
				"up": {"uv": [1, 1, 2, 4], "rotation": 180, "texture": "#2"},
				"down": {"uv": [1, 1, 2, 4], "rotation": 180, "texture": "#2"}
			}
		},
		{
			"from": [7, 3.11972, 3.53205],
			"to": [10, 4.11972, 5.53205],
			"rotation": {"angle": 0, "axis": "x", "origin": [4.75, 4.4841, 30.53205]},
			"faces": {
				"north": {"uv": [1, 1, 2, 4], "rotation": 180, "texture": "#2"},
				"east": {"uv": [1, 1, 2, 4], "rotation": 180, "texture": "#2"},
				"south": {"uv": [1, 1, 2, 4], "rotation": 180, "texture": "#2"},
				"west": {"uv": [1, 1, 2, 4], "rotation": 180, "texture": "#2"},
				"up": {"uv": [1, 1, 2, 4], "rotation": 180, "texture": "#2"},
				"down": {"uv": [1, 1, 2, 4], "rotation": 180, "texture": "#2"}
			}
		},
		{
			"from": [8, 3.11972, 5.53205],
			"to": [9, 4.11972, 6.53205],
			"rotation": {"angle": 0, "axis": "x", "origin": [4.75, 4.4841, 32.53205]},
			"faces": {
				"north": {"uv": [1, 1, 2, 4], "rotation": 180, "texture": "#2"},
				"east": {"uv": [1, 1, 2, 4], "rotation": 180, "texture": "#2"},
				"south": {"uv": [1, 1, 2, 4], "rotation": 180, "texture": "#2"},
				"west": {"uv": [1, 1, 2, 4], "rotation": 180, "texture": "#2"},
				"up": {"uv": [1, 1, 2, 4], "rotation": 180, "texture": "#2"},
				"down": {"uv": [1, 1, 2, 4], "rotation": 180, "texture": "#2"}
			}
		}
	],
	"display": {
		"thirdperson_righthand": {
			"rotation": [79, 0, 0],
			"translation": [-5.58, -14.5, 9.25],
			"scale": [0.51, 0.51, 0.51]
		},
		"thirdperson_lefthand": {
			"rotation": [79, 0, 0],
			"translation": [-5.58, -14.5, 9.25],
			"scale": [0.51, 0.51, 0.51]
		},
		"ground": {
			"rotation": [-34, 0, 0],
			"translation": [0, 5, 0],
			"scale": [0.48, 0.48, 0.48]
		},
		"gui": {
			"rotation": [54, 130, -1],
			"translation": [6.5, 6.75, 0],
			"scale": [0.83, 0.83, 0.83]
		},
		"head": {
			"rotation": [10, 0, 0],
			"translation": [-0.25, -18, 17.25],
			"scale": [0.73, 0.73, 0.73]
		},
		"fixed": {
			"rotation": [0, 93, 0],
			"translation": [10.25, 7, 0]
		}
	},
	"groups": [0, 1, 2, 3, 4, 5, 6,
		{
			"name": "group",
			"origin": [4.75, 4.9841, 32.78205],
			"children": [7, 8, 9, 10, 11, 12, 13, 14]
		}
	]
}