{
	"credit": "Made with Blockbench",
	"textures": {
		"0": "items/poi/devil_head_hane",
		"particle": "items/poi/devil_head_hane"
	},
	"elements": [
		{
			"from": [-0.63254, -0.41585, 7.22],
			"to": [1.05746, -0.15585, 7.74],
			"rotation": {"angle": 0, "axis": "y", "origin": [-4.98754, -0.41585, 8]},
			"faces": {
				"north": {"uv": [0, 0, 3, 1], "texture": "#0"},
				"east": {"uv": [0, 0, 3, 1], "texture": "#0"},
				"south": {"uv": [0, 0, 3, 1], "texture": "#0"},
				"west": {"uv": [0, 0, 3, 1], "texture": "#0"},
				"up": {"uv": [0, 0, 3, 1], "texture": "#0"},
				"down": {"uv": [0, 0, 3, 1], "texture": "#0"}
			}
		},
		{
			"from": [-1.28254, -0.15585, 7.22],
			"to": [0.47246, 0.10415, 7.74],
			"rotation": {"angle": 0, "axis": "y", "origin": [-4.98754, -0.41585, 8]},
			"faces": {
				"north": {"uv": [0, 0, 3, 1], "texture": "#0"},
				"east": {"uv": [0, 0, 3, 1], "texture": "#0"},
				"south": {"uv": [0, 0, 3, 1], "texture": "#0"},
				"west": {"uv": [0, 0, 3, 1], "texture": "#0"},
				"up": {"uv": [0, 0, 3, 1], "texture": "#0"},
				"down": {"uv": [0, 0, 3, 1], "texture": "#0"}
			}
		},
		{
			"from": [-2.06254, 0.36415, 7.22],
			"to": [-0.82754, 0.62415, 7.74],
			"rotation": {"angle": 0, "axis": "y", "origin": [-4.98754, -0.41585, 8]},
			"faces": {
				"north": {"uv": [0, 0, 1, 1], "texture": "#0"},
				"east": {"uv": [0, 0, 1, 1], "texture": "#0"},
				"south": {"uv": [0, 0, 1, 1], "texture": "#0"},
				"west": {"uv": [0, 0, 1, 1], "texture": "#0"},
				"up": {"uv": [0, 0, 1, 1], "texture": "#0"},
				"down": {"uv": [0, 0, 1, 1], "texture": "#0"}
			}
		},
		{
			"from": [-2.06254, 0.62415, 7.22],
			"to": [-1.08754, 0.88415, 7.74],
			"rotation": {"angle": 0, "axis": "y", "origin": [-4.98754, -0.41585, 8]},
			"faces": {
				"north": {"uv": [0, 0, 1, 1], "texture": "#0"},
				"east": {"uv": [0, 0, 1, 1], "texture": "#0"},
				"south": {"uv": [0, 0, 1, 1], "texture": "#0"},
				"west": {"uv": [0, 0, 1, 1], "texture": "#0"},
				"up": {"uv": [0, 0, 1, 1], "texture": "#0"},
				"down": {"uv": [0, 0, 1, 1], "texture": "#0"}
			}
		},
		{
			"from": [-2.06254, 0.88415, 7.22],
			"to": [-1.34754, 1.40415, 7.74],
			"rotation": {"angle": 0, "axis": "y", "origin": [-4.98754, -0.41585, 8]},
			"faces": {
				"north": {"uv": [0, 0, 1, 2], "texture": "#0"},
				"east": {"uv": [0, 0, 1, 2], "texture": "#0"},
				"south": {"uv": [0, 0, 1, 2], "texture": "#0"},
				"west": {"uv": [0, 0, 1, 2], "texture": "#0"},
				"up": {"uv": [0, 0, 1, 2], "texture": "#0"},
				"down": {"uv": [0, 0, 1, 2], "texture": "#0"}
			}
		},
		{
			"from": [-2.06254, 1.40415, 7.22],
			"to": [-1.60754, 2.05415, 7.74],
			"rotation": {"angle": 0, "axis": "y", "origin": [-4.98754, -0.41585, 8]},
			"faces": {
				"north": {"uv": [0, 0, 1, 3], "texture": "#0"},
				"east": {"uv": [0, 0, 1, 3], "texture": "#0"},
				"south": {"uv": [0, 0, 1, 3], "texture": "#0"},
				"west": {"uv": [0, 0, 1, 3], "texture": "#0"},
				"up": {"uv": [0, 0, 1, 3], "texture": "#0"},
				"down": {"uv": [0, 0, 1, 3], "texture": "#0"}
			}
		},
		{
			"from": [-2.06254, 1.92415, 7.22],
			"to": [-1.86754, 2.31415, 7.74],
			"rotation": {"angle": 0, "axis": "y", "origin": [-4.98754, -0.41585, 8]},
			"faces": {
				"north": {"uv": [0, 0, 1, 3], "texture": "#0"},
				"east": {"uv": [0, 0, 1, 3], "texture": "#0"},
				"south": {"uv": [0, 0, 1, 3], "texture": "#0"},
				"west": {"uv": [0, 0, 1, 3], "texture": "#0"},
				"up": {"uv": [0, 0, 1, 3], "texture": "#0"},
				"down": {"uv": [0, 0, 1, 3], "texture": "#0"}
			}
		},
		{
			"from": [-2.64754, 0.23415, 7.22],
			"to": [-2.06254, 2.44415, 7.74],
			"rotation": {"angle": 0, "axis": "y", "origin": [-4.98754, -0.41585, 8]},
			"faces": {
				"north": {"uv": [0, 0, 3, 1], "texture": "#0"},
				"east": {"uv": [0, 0, 3, 1], "texture": "#0"},
				"south": {"uv": [0, 0, 3, 1], "texture": "#0"},
				"west": {"uv": [0, 0, 3, 1], "texture": "#0"},
				"up": {"uv": [0, 0, 3, 1], "texture": "#0"},
				"down": {"uv": [0, 0, 3, 1], "texture": "#0"}
			}
		},
		{
			"from": [-3.23254, -0.35085, 7.22],
			"to": [-2.38754, 0.62415, 7.74],
			"rotation": {"angle": 0, "axis": "y", "origin": [-4.98754, -0.41585, 8]},
			"faces": {
				"north": {"uv": [0, 0, 3, 1], "texture": "#0"},
				"east": {"uv": [0, 0, 3, 1], "texture": "#0"},
				"south": {"uv": [0, 0, 3, 1], "texture": "#0"},
				"west": {"uv": [0, 0, 3, 1], "texture": "#0"},
				"up": {"uv": [0, 0, 3, 1], "texture": "#0"},
				"down": {"uv": [0, 0, 3, 1], "texture": "#0"}
			}
		},
		{
			"from": [-2.97254, -0.93585, 7.22],
			"to": [-2.64754, -0.22085, 7.74],
			"rotation": {"angle": 0, "axis": "y", "origin": [-4.98754, -1.26085, 8]},
			"faces": {
				"north": {"uv": [0, 0, 3, 1], "texture": "#0"},
				"east": {"uv": [0, 0, 3, 1], "texture": "#0"},
				"south": {"uv": [0, 0, 3, 1], "texture": "#0"},
				"west": {"uv": [0, 0, 3, 1], "texture": "#0"},
				"up": {"uv": [0, 0, 3, 1], "texture": "#0"},
				"down": {"uv": [0, 0, 3, 1], "texture": "#0"}
			}
		},
		{
			"from": [-3.94754, 0.62415, 7.22],
			"to": [-3.29754, 1.92415, 7.74],
			"rotation": {"angle": 0, "axis": "y", "origin": [-4.98754, -0.41585, 8]},
			"faces": {
				"north": {"uv": [0, 0, 3, 1], "texture": "#0"},
				"east": {"uv": [0, 0, 3, 1], "texture": "#0"},
				"south": {"uv": [0, 0, 3, 1], "texture": "#0"},
				"west": {"uv": [0, 0, 3, 1], "texture": "#0"},
				"up": {"uv": [0, 0, 3, 1], "texture": "#0"},
				"down": {"uv": [0, 0, 3, 1], "texture": "#0"}
			}
		},
		{
			"from": [-3.42754, 0.36415, 7.22],
			"to": [-3.29754, 0.62415, 7.74],
			"rotation": {"angle": 0, "axis": "y", "origin": [-4.98754, -0.41585, 8]},
			"faces": {
				"north": {"uv": [0, 0, 3, 1], "texture": "#0"},
				"east": {"uv": [0, 0, 3, 1], "texture": "#0"},
				"south": {"uv": [0, 0, 3, 1], "texture": "#0"},
				"west": {"uv": [0, 0, 3, 1], "texture": "#0"},
				"up": {"uv": [0, 0, 3, 1], "texture": "#0"},
				"down": {"uv": [0, 0, 3, 1], "texture": "#0"}
			}
		},
		{
			"from": [-4.59754, 0.62415, 7.22],
			"to": [-3.94754, 1.63815, 7.74],
			"rotation": {"angle": 0, "axis": "y", "origin": [-4.98754, -0.41585, 8]},
			"faces": {
				"north": {"uv": [0, 0, 2, 1], "texture": "#0"},
				"east": {"uv": [0, 0, 2, 1], "texture": "#0"},
				"south": {"uv": [0, 0, 2, 1], "texture": "#0"},
				"west": {"uv": [0, 0, 2, 1], "texture": "#0"},
				"up": {"uv": [0, 0, 2, 1], "texture": "#0"},
				"down": {"uv": [0, 0, 2, 1], "texture": "#0"}
			}
		},
		{
			"from": [-5.18254, 0.42915, 7.22],
			"to": [-4.59754, 1.40415, 7.74],
			"rotation": {"angle": 0, "axis": "y", "origin": [-4.98754, -0.41585, 8]},
			"faces": {
				"north": {"uv": [0, 0, 2, 1], "texture": "#0"},
				"east": {"uv": [0, 0, 2, 1], "texture": "#0"},
				"south": {"uv": [0, 0, 2, 1], "texture": "#0"},
				"west": {"uv": [0, 0, 2, 1], "texture": "#0"},
				"up": {"uv": [0, 0, 2, 1], "texture": "#0"},
				"down": {"uv": [0, 0, 2, 1], "texture": "#0"}
			}
		},
		{
			"from": [-5.76754, 0.16915, 7.22],
			"to": [-5.18254, 1.14415, 7.74],
			"rotation": {"angle": 0, "axis": "y", "origin": [-4.98754, -0.41585, 8]},
			"faces": {
				"north": {"uv": [0, 0, 2, 1], "texture": "#0"},
				"east": {"uv": [0, 0, 2, 1], "texture": "#0"},
				"south": {"uv": [0, 0, 2, 1], "texture": "#0"},
				"west": {"uv": [0, 0, 2, 1], "texture": "#0"},
				"up": {"uv": [0, 0, 2, 1], "texture": "#0"},
				"down": {"uv": [0, 0, 2, 1], "texture": "#0"}
			}
		},
		{
			"from": [-6.28754, -0.02585, 7.22],
			"to": [-5.76754, 0.94915, 7.74],
			"rotation": {"angle": 0, "axis": "y", "origin": [-4.98754, -0.41585, 8]},
			"faces": {
				"north": {"uv": [0, 0, 2, 1], "texture": "#0"},
				"east": {"uv": [0, 0, 2, 1], "texture": "#0"},
				"south": {"uv": [0, 0, 2, 1], "texture": "#0"},
				"west": {"uv": [0, 0, 2, 1], "texture": "#0"},
				"up": {"uv": [0, 0, 2, 1], "texture": "#0"},
				"down": {"uv": [0, 0, 2, 1], "texture": "#0"}
			}
		},
		{
			"from": [-6.54754, -0.28585, 7.22],
			"to": [-6.28754, 0.62415, 7.74],
			"rotation": {"angle": 0, "axis": "y", "origin": [-4.98754, -0.41585, 8]},
			"faces": {
				"north": {"uv": [0, 0, 1, 1], "texture": "#0"},
				"east": {"uv": [0, 0, 1, 1], "texture": "#0"},
				"south": {"uv": [0, 0, 1, 1], "texture": "#0"},
				"west": {"uv": [0, 0, 1, 1], "texture": "#0"},
				"up": {"uv": [0, 0, 1, 1], "texture": "#0"},
				"down": {"uv": [0, 0, 1, 1], "texture": "#0"}
			}
		},
		{
			"from": [-6.80754, -0.54585, 7.22],
			"to": [-6.54754, 0.36415, 7.74],
			"rotation": {"angle": 0, "axis": "y", "origin": [-4.98754, -0.41585, 8]},
			"faces": {
				"north": {"uv": [0, 0, 1, 1], "texture": "#0"},
				"east": {"uv": [0, 0, 1, 1], "texture": "#0"},
				"south": {"uv": [0, 0, 1, 1], "texture": "#0"},
				"west": {"uv": [0, 0, 1, 1], "texture": "#0"},
				"up": {"uv": [0, 0, 1, 1], "texture": "#0"},
				"down": {"uv": [0, 0, 1, 1], "texture": "#0"}
			}
		},
		{
			"from": [-7.06754, -1.00085, 7.22],
			"to": [-6.80754, 0.10415, 7.74],
			"rotation": {"angle": 0, "axis": "y", "origin": [-4.98754, -0.41585, 8]},
			"faces": {
				"north": {"uv": [0, 0, 1, 1], "texture": "#0"},
				"east": {"uv": [0, 0, 1, 1], "texture": "#0"},
				"south": {"uv": [0, 0, 1, 1], "texture": "#0"},
				"west": {"uv": [0, 0, 1, 1], "texture": "#0"},
				"up": {"uv": [0, 0, 1, 1], "texture": "#0"},
				"down": {"uv": [0, 0, 1, 1], "texture": "#0"}
			}
		},
		{
			"from": [-7.32754, -2.56085, 7.22],
			"to": [-7.06754, -0.09085, 7.74],
			"rotation": {"angle": 0, "axis": "y", "origin": [-4.98754, -0.41585, 8]},
			"faces": {
				"north": {"uv": [0, 0, 1, 2], "texture": "#0"},
				"east": {"uv": [0, 0, 1, 2], "texture": "#0"},
				"south": {"uv": [0, 0, 1, 2], "texture": "#0"},
				"west": {"uv": [0, 14, 4, 16], "texture": "#0"},
				"up": {"uv": [0, 0, 1, 2], "texture": "#0"},
				"down": {"uv": [0, 0, 1, 2], "texture": "#0"}
			}
		},
		{
			"from": [-3.29754, -0.22085, 7.22],
			"to": [-2.64754, 2.18415, 7.74],
			"rotation": {"angle": 0, "axis": "y", "origin": [-4.98754, -0.41585, 8]},
			"faces": {
				"north": {"uv": [0, 0, 3, 1], "texture": "#0"},
				"east": {"uv": [0, 0, 3, 1], "texture": "#0"},
				"south": {"uv": [0, 0, 3, 1], "texture": "#0"},
				"west": {"uv": [0, 0, 3, 1], "texture": "#0"},
				"up": {"uv": [0, 0, 3, 1], "texture": "#0"},
				"down": {"uv": [0, 0, 3, 1], "texture": "#0"}
			}
		},
		{
			"from": [-1.54254, 0.10415, 7.22],
			"to": [-0.17754, 0.36415, 7.74],
			"rotation": {"angle": 0, "axis": "y", "origin": [-4.98754, -0.41585, 8]},
			"faces": {
				"north": {"uv": [0, 0, 2, 1], "texture": "#0"},
				"east": {"uv": [0, 0, 2, 1], "texture": "#0"},
				"south": {"uv": [0, 0, 2, 1], "texture": "#0"},
				"west": {"uv": [0, 0, 2, 1], "texture": "#0"},
				"up": {"uv": [0, 0, 2, 1], "texture": "#0"},
				"down": {"uv": [0, 0, 2, 1], "texture": "#0"}
			}
		},
		{
			"from": [-9.18074, 4.47123, 7.22],
			"to": [-8.33574, 4.73123, 7.74],
			"rotation": {"angle": 45, "axis": "z", "origin": [-1.57574, 4.77976, 8]},
			"faces": {
				"north": {"uv": [0, 0, 3, 1], "rotation": 180, "texture": "#0"},
				"east": {"uv": [0, 0, 3, 1], "rotation": 180, "texture": "#0"},
				"south": {"uv": [0, 0, 3, 1], "rotation": 180, "texture": "#0"},
				"west": {"uv": [0, 0, 3, 1], "rotation": 180, "texture": "#0"},
				"up": {"uv": [0, 0, 3, 1], "rotation": 180, "texture": "#0"},
				"down": {"uv": [0, 0, 3, 1], "rotation": 180, "texture": "#0"}
			}
		},
		{
			"from": [-0.04754, -0.67585, 7.22],
			"to": [1.64246, -0.41585, 7.74],
			"rotation": {"angle": 0, "axis": "y", "origin": [-5.76754, -0.67585, 8]},
			"faces": {
				"north": {"uv": [0, 0, 3, 1], "texture": "#0"},
				"east": {"uv": [0, 0, 3, 1], "texture": "#0"},
				"south": {"uv": [0, 0, 3, 1], "texture": "#0"},
				"west": {"uv": [0, 0, 3, 1], "texture": "#0"},
				"up": {"uv": [0, 0, 3, 1], "texture": "#0"},
				"down": {"uv": [0, 0, 3, 1], "texture": "#0"}
			}
		},
		{
			"from": [-1.11276, 1.81159, 7.22],
			"to": [0.44724, 2.07159, 7.74],
			"rotation": {"angle": -22.5, "axis": "z", "origin": [-6.05276, 1.81159, 8]},
			"faces": {
				"north": {"uv": [0, 0, 3, 1], "texture": "#0"},
				"east": {"uv": [0, 0, 3, 1], "texture": "#0"},
				"south": {"uv": [0, 0, 3, 1], "texture": "#0"},
				"west": {"uv": [0, 0, 3, 1], "texture": "#0"},
				"up": {"uv": [0, 0, 3, 1], "texture": "#0"},
				"down": {"uv": [0, 0, 3, 1], "texture": "#0"}
			}
		},
		{
			"from": [-0.1142, 4.14422, 7.22],
			"to": [0.2758, 4.40422, 7.74],
			"rotation": {"angle": -45, "axis": "z", "origin": [-5.7042, 4.14422, 8]},
			"faces": {
				"north": {"uv": [0, 0, 3, 1], "texture": "#0"},
				"east": {"uv": [0, 0, 3, 1], "texture": "#0"},
				"south": {"uv": [0, 0, 3, 1], "texture": "#0"},
				"west": {"uv": [0, 0, 3, 1], "texture": "#0"},
				"up": {"uv": [0, 0, 3, 1], "texture": "#0"},
				"down": {"uv": [0, 0, 3, 1], "texture": "#0"}
			}
		},
		{
			"from": [-1.69234, 2.62257, 7.22],
			"to": [-1.17234, 2.88257, 7.74],
			"rotation": {"angle": -22.5, "axis": "z", "origin": [-7.67234, 2.62257, 8]},
			"faces": {
				"north": {"uv": [0, 0, 3, 1], "texture": "#0"},
				"east": {"uv": [0, 0, 3, 1], "texture": "#0"},
				"south": {"uv": [0, 0, 3, 1], "texture": "#0"},
				"west": {"uv": [0, 0, 3, 1], "texture": "#0"},
				"up": {"uv": [0, 0, 3, 1], "texture": "#0"},
				"down": {"uv": [0, 0, 3, 1], "texture": "#0"}
			}
		},
		{
			"from": [-6.72039, 1.77429, 7.22],
			"to": [-6.46039, 2.29429, 7.74],
			"rotation": {"angle": -45, "axis": "z", "origin": [-6.46039, -4.20571, 8]},
			"faces": {
				"north": {"uv": [0, 0, 3, 1], "rotation": 90, "texture": "#0"},
				"east": {"uv": [0, 0, 3, 1], "rotation": 90, "texture": "#0"},
				"south": {"uv": [0, 0, 3, 1], "rotation": 90, "texture": "#0"},
				"west": {"uv": [0, 0, 3, 1], "rotation": 90, "texture": "#0"},
				"up": {"uv": [0, 0, 3, 1], "rotation": 90, "texture": "#0"},
				"down": {"uv": [0, 0, 3, 1], "rotation": 90, "texture": "#0"}
			}
		},
		{
			"from": [-4.92298, -0.63308, 7.22],
			"to": [-4.66298, 0.60192, 7.74],
			"rotation": {"angle": -22.5, "axis": "z", "origin": [-4.66298, -5.89808, 8]},
			"faces": {
				"north": {"uv": [0, 0, 3, 1], "rotation": 90, "texture": "#0"},
				"east": {"uv": [0, 0, 3, 1], "rotation": 90, "texture": "#0"},
				"south": {"uv": [0, 0, 3, 1], "rotation": 90, "texture": "#0"},
				"west": {"uv": [0, 0, 3, 1], "rotation": 90, "texture": "#0"},
				"up": {"uv": [0, 0, 3, 1], "rotation": 90, "texture": "#0"},
				"down": {"uv": [0, 0, 3, 1], "rotation": 90, "texture": "#0"}
			}
		},
		{
			"from": [-2.90754, -1.19585, 7.22],
			"to": [-2.64754, -0.93585, 7.74],
			"rotation": {"angle": 0, "axis": "y", "origin": [-9.14754, -0.67585, 8]},
			"faces": {
				"north": {"uv": [0, 0, 3, 1], "texture": "#0"},
				"east": {"uv": [0, 0, 3, 1], "texture": "#0"},
				"south": {"uv": [0, 0, 3, 1], "texture": "#0"},
				"west": {"uv": [0, 0, 3, 1], "texture": "#0"},
				"up": {"uv": [0, 0, 3, 1], "texture": "#0"},
				"down": {"uv": [0, 0, 3, 1], "texture": "#0"}
			}
		},
		{
			"from": [-2.63154, -3.88338, 7.22],
			"to": [-2.37154, -1.80338, 7.74],
			"rotation": {"angle": 22.5, "axis": "z", "origin": [-8.87154, -3.10338, 8]},
			"faces": {
				"north": {"uv": [0, 0, 3, 1], "texture": "#0"},
				"east": {"uv": [0, 0, 3, 1], "texture": "#0"},
				"south": {"uv": [0, 0, 3, 1], "texture": "#0"},
				"west": {"uv": [0, 0, 3, 1], "texture": "#0"},
				"up": {"uv": [0, 0, 3, 1], "texture": "#0"},
				"down": {"uv": [0, 0, 3, 1], "texture": "#0"}
			}
		},
		{
			"from": [-2.08771, -4.16339, 7.22],
			"to": [-1.82771, -3.77339, 7.74],
			"rotation": {"angle": 45, "axis": "z", "origin": [-8.32771, -3.64339, 8]},
			"faces": {
				"north": {"uv": [0, 0, 3, 1], "texture": "#0"},
				"east": {"uv": [0, 0, 3, 1], "texture": "#0"},
				"south": {"uv": [0, 0, 3, 1], "texture": "#0"},
				"west": {"uv": [0, 0, 3, 1], "texture": "#0"},
				"up": {"uv": [0, 0, 3, 1], "texture": "#0"},
				"down": {"uv": [0, 0, 3, 1], "texture": "#0"}
			}
		},
		{
			"from": [-4.15959, 0.60088, 7.22],
			"to": [-3.63959, 0.86088, 7.74],
			"rotation": {"angle": 0, "axis": "y", "origin": [-10.13959, 0.86088, 8]},
			"faces": {
				"north": {"uv": [0, 0, 3, 1], "texture": "#0"},
				"east": {"uv": [0, 0, 3, 1], "texture": "#0"},
				"south": {"uv": [0, 0, 3, 1], "texture": "#0"},
				"west": {"uv": [0, 0, 3, 1], "texture": "#0"},
				"up": {"uv": [0, 0, 3, 1], "texture": "#0"},
				"down": {"uv": [0, 0, 3, 1], "texture": "#0"}
			}
		},
		{
			"from": [-6.0048, -1.88656, 7.22],
			"to": [-3.6648, -1.62656, 7.74],
			"rotation": {"angle": 22.5, "axis": "z", "origin": [-10.1648, -1.62656, 8]},
			"faces": {
				"north": {"uv": [0, 0, 3, 1], "texture": "#0"},
				"east": {"uv": [0, 0, 3, 1], "texture": "#0"},
				"south": {"uv": [0, 0, 3, 1], "texture": "#0"},
				"west": {"uv": [0, 0, 3, 1], "texture": "#0"},
				"up": {"uv": [0, 0, 3, 1], "texture": "#0"},
				"down": {"uv": [0, 0, 3, 1], "texture": "#0"}
			}
		},
		{
			"from": [-9.60219, -1.61945, 7.22],
			"to": [-9.34219, -0.51445, 7.74],
			"rotation": {"angle": -22.5, "axis": "z", "origin": [-8.55347, -7.33945, 8]},
			"faces": {
				"north": {"uv": [0, 0, 3, 1], "rotation": 90, "texture": "#0"},
				"east": {"uv": [0, 0, 3, 1], "rotation": 90, "texture": "#0"},
				"south": {"uv": [0, 0, 3, 1], "rotation": 90, "texture": "#0"},
				"west": {"uv": [0, 0, 3, 1], "rotation": 90, "texture": "#0"},
				"up": {"uv": [0, 0, 3, 1], "rotation": 90, "texture": "#0"},
				"down": {"uv": [0, 0, 3, 1], "rotation": 90, "texture": "#0"}
			}
		},
		{
			"from": [-1.36513, 2.21583, 7.22],
			"to": [1.29456, 2.47583, 7.74],
			"rotation": {"angle": -22.5, "axis": "z", "origin": [-5.72544, 0.10204, 8]},
			"faces": {
				"north": {"uv": [0, 0, 3, 1], "texture": "#0"},
				"east": {"uv": [0, 0, 3, 1], "texture": "#0"},
				"south": {"uv": [0, 0, 3, 1], "texture": "#0"},
				"west": {"uv": [0, 14, 4, 16], "texture": "#0"},
				"up": {"uv": [0, 14, 4, 16], "texture": "#0"},
				"down": {"uv": [0, 0, 3, 1], "texture": "#0"}
			}
		},
		{
			"from": [-3.27784, 5.82815, 7.22],
			"to": [-2.56284, 6.08815, 7.74],
			"rotation": {"angle": -45, "axis": "z", "origin": [-8.29438, 1.08568, 8]},
			"faces": {
				"north": {"uv": [0, 0, 3, 1], "texture": "#0"},
				"east": {"uv": [0, 0, 3, 1], "texture": "#0"},
				"south": {"uv": [0, 0, 3, 1], "texture": "#0"},
				"west": {"uv": [0, 14, 4, 16], "texture": "#0"},
				"up": {"uv": [0, 0, 3, 1], "texture": "#0"},
				"down": {"uv": [0, 0, 3, 1], "texture": "#0"}
			}
		},
		{
			"from": [-3.5262, 0.46771, 7.22],
			"to": [-3.2662, 1.76771, 7.74],
			"rotation": {"angle": 22.5, "axis": "z", "origin": [-3.5262, 6.04016, 8]},
			"faces": {
				"north": {"uv": [0, 0, 3, 1], "rotation": 270, "texture": "#0"},
				"east": {"uv": [0, 0, 3, 1], "rotation": 270, "texture": "#0"},
				"south": {"uv": [0, 0, 3, 1], "rotation": 270, "texture": "#0"},
				"west": {"uv": [0, 14, 4, 16], "rotation": 270, "texture": "#0"},
				"up": {"uv": [0, 0, 3, 1], "rotation": 270, "texture": "#0"},
				"down": {"uv": [0, 0, 3, 1], "rotation": 270, "texture": "#0"}
			}
		},
		{
			"from": [-5.77516, 0.37645, 7.22],
			"to": [-5.51516, 0.76645, 7.74],
			"rotation": {"angle": 45, "axis": "z", "origin": [-5.77516, 5.9489, 8]},
			"faces": {
				"north": {"uv": [0, 0, 3, 1], "rotation": 270, "texture": "#0"},
				"east": {"uv": [0, 0, 3, 1], "rotation": 270, "texture": "#0"},
				"south": {"uv": [0, 0, 3, 1], "rotation": 270, "texture": "#0"},
				"west": {"uv": [0, 14, 4, 16], "rotation": 270, "texture": "#0"},
				"up": {"uv": [0, 0, 3, 1], "rotation": 270, "texture": "#0"},
				"down": {"uv": [0, 0, 3, 1], "rotation": 270, "texture": "#0"}
			}
		},
		{
			"from": [-2.64177, 2.2082, 7.22],
			"to": [-1.92677, 2.4682, 7.74],
			"rotation": {"angle": 0, "axis": "z", "origin": [-7.49922, 2.2082, 8]},
			"faces": {
				"north": {"uv": [0, 0, 3, 1], "texture": "#0"},
				"east": {"uv": [0, 0, 3, 1], "texture": "#0"},
				"south": {"uv": [0, 0, 3, 1], "texture": "#0"},
				"west": {"uv": [0, 14, 4, 16], "texture": "#0"},
				"up": {"uv": [0, 0, 3, 1], "texture": "#0"},
				"down": {"uv": [0, 0, 3, 1], "texture": "#0"}
			}
		},
		{
			"from": [-6.08309, 0.09551, 7.22],
			"to": [-2.11809, 0.35551, 7.74],
			"rotation": {"angle": 22.5, "axis": "z", "origin": [-7.69054, 0.09551, 8]},
			"faces": {
				"north": {"uv": [0, 0, 3, 1], "texture": "#0"},
				"east": {"uv": [0, 0, 3, 1], "texture": "#0"},
				"south": {"uv": [0, 0, 3, 1], "texture": "#0"},
				"west": {"uv": [0, 14, 4, 16], "texture": "#0"},
				"up": {"uv": [0, 0, 3, 1], "texture": "#0"},
				"down": {"uv": [0, 0, 3, 1], "texture": "#0"}
			}
		},
		{
			"from": [-5.92816, -3.1825, 7.22],
			"to": [-4.48516, -2.9225, 7.74],
			"rotation": {"angle": 45, "axis": "z", "origin": [-10.07061, -3.1825, 8]},
			"faces": {
				"north": {"uv": [0, 0, 3, 1], "texture": "#0"},
				"east": {"uv": [0, 0, 3, 1], "texture": "#0"},
				"south": {"uv": [0, 0, 3, 1], "texture": "#0"},
				"west": {"uv": [0, 14, 4, 16], "texture": "#0"},
				"up": {"uv": [0, 0, 3, 1], "texture": "#0"},
				"down": {"uv": [0, 0, 3, 1], "texture": "#0"}
			}
		},
		{
			"from": [-2.13407, -3.33851, 7.48],
			"to": [-0.51947, -2.10351, 7.506],
			"rotation": {"angle": 22.5, "axis": "z", "origin": [-7.72407, -3.33851, 8.13]},
			"faces": {
				"north": {"uv": [12, 14, 16, 16], "texture": "#0"},
				"east": {"uv": [12, 14, 16, 16], "texture": "#0"},
				"south": {"uv": [12, 14, 16, 16], "texture": "#0"},
				"west": {"uv": [12, 14, 16, 16], "texture": "#0"},
				"up": {"uv": [12, 14, 16, 16], "texture": "#0"},
				"down": {"uv": [12, 14, 16, 16], "texture": "#0"}
			}
		},
		{
			"from": [-2.64754, -1.19585, 7.48],
			"to": [-2.55654, -0.93585, 7.48],
			"rotation": {"angle": 0, "axis": "y", "origin": [-9.47254, -1.19585, 8.13]},
			"faces": {
				"north": {"uv": [12, 15, 16, 16], "texture": "#0"},
				"east": {"uv": [12, 14, 16, 16], "texture": "#0"},
				"south": {"uv": [12, 15, 16, 16], "texture": "#0"},
				"west": {"uv": [12, 14, 16, 16], "texture": "#0"},
				"up": {"uv": [12, 14, 16, 16], "texture": "#0"},
				"down": {"uv": [12, 14, 16, 16], "texture": "#0"}
			}
		},
		{
			"from": [-1.34754, -0.67585, 7.48],
			"to": [-0.04754, -0.02585, 7.506],
			"rotation": {"angle": 0, "axis": "y", "origin": [-7.58754, -0.67585, 8.13]},
			"faces": {
				"north": {"uv": [12, 15, 16, 16], "texture": "#0"},
				"east": {"uv": [12, 14, 16, 16], "texture": "#0"},
				"south": {"uv": [12, 15, 16, 16], "texture": "#0"},
				"west": {"uv": [12, 14, 16, 16], "texture": "#0"},
				"up": {"uv": [12, 14, 16, 16], "texture": "#0"},
				"down": {"uv": [12, 14, 16, 16], "texture": "#0"}
			}
		},
		{
			"from": [-1.50143, 3.76804, 7.48],
			"to": [-0.85143, 4.02804, 7.506],
			"rotation": {"angle": -45, "axis": "z", "origin": [-7.87143, 3.76804, 8.13]},
			"faces": {
				"north": {"uv": [12, 15, 16, 16], "texture": "#0"},
				"east": {"uv": [12, 14, 16, 16], "texture": "#0"},
				"south": {"uv": [12, 15, 16, 16], "texture": "#0"},
				"west": {"uv": [12, 14, 16, 16], "texture": "#0"},
				"up": {"uv": [12, 14, 16, 16], "texture": "#0"},
				"down": {"uv": [12, 14, 16, 16], "texture": "#0"}
			}
		},
		{
			"from": [-4.63344, 1.89385, 7.4774],
			"to": [-2.74844, 3.12885, 7.5086],
			"rotation": {"angle": -22.5, "axis": "z", "origin": [-9.76844, 1.89385, 8.13]},
			"faces": {
				"north": {"uv": [12, 14, 16, 16], "texture": "#0"},
				"east": {"uv": [12, 14, 16, 16], "texture": "#0"},
				"south": {"uv": [12, 14, 16, 16], "texture": "#0"},
				"west": {"uv": [12, 14, 16, 16], "texture": "#0"},
				"up": {"uv": [12, 14, 16, 16], "texture": "#0"},
				"down": {"uv": [12, 14, 16, 16], "texture": "#0"}
			}
		},
		{
			"from": [-4.66254, -0.41585, 7.48],
			"to": [-4.14254, 0.75415, 7.506],
			"rotation": {"angle": 0, "axis": "y", "origin": [-10.96754, -0.41585, 8.13]},
			"faces": {
				"north": {"uv": [12, 15, 16, 16], "texture": "#0"},
				"east": {"uv": [12, 14, 16, 16], "texture": "#0"},
				"south": {"uv": [12, 15, 16, 16], "texture": "#0"},
				"west": {"uv": [12, 14, 16, 16], "texture": "#0"},
				"up": {"uv": [12, 14, 16, 16], "texture": "#0"},
				"down": {"uv": [12, 14, 16, 16], "texture": "#0"}
			}
		},
		{
			"from": [-6.44852, -3.00787, 7.48],
			"to": [-3.78352, -2.03287, 7.506],
			"rotation": {"angle": 22.5, "axis": "z", "origin": [-10.60852, -3.00787, 8.13]},
			"faces": {
				"north": {"uv": [12, 15, 16, 16], "texture": "#0"},
				"east": {"uv": [12, 14, 16, 16], "texture": "#0"},
				"south": {"uv": [12, 15, 16, 16], "texture": "#0"},
				"west": {"uv": [12, 14, 16, 16], "texture": "#0"},
				"up": {"uv": [12, 14, 16, 16], "texture": "#0"},
				"down": {"uv": [12, 14, 16, 16], "texture": "#0"}
			}
		},
		{
			"from": [-9.02195, 1.59434, 7.48],
			"to": [-8.43695, 1.85434, 7.506],
			"rotation": {"angle": 45, "axis": "z", "origin": [-4.01695, 2.24885, 8.13]},
			"faces": {
				"north": {"uv": [12, 15, 16, 16], "texture": "#0"},
				"east": {"uv": [12, 14, 16, 16], "rotation": 180, "texture": "#0"},
				"south": {"uv": [12, 15, 16, 16], "rotation": 180, "texture": "#0"},
				"west": {"uv": [12, 14, 16, 16], "rotation": 180, "texture": "#0"},
				"up": {"uv": [12, 14, 16, 16], "rotation": 180, "texture": "#0"},
				"down": {"uv": [12, 14, 16, 16], "rotation": 180, "texture": "#0"}
			}
		},
		{
			"from": [14.94254, -0.41585, 7.22],
			"to": [16.63254, -0.15585, 7.74],
			"rotation": {"angle": 0, "axis": "y", "origin": [20.98754, -0.41585, 8]},
			"faces": {
				"north": {"uv": [3, 0, 0, 1], "texture": "#0"},
				"east": {"uv": [3, 0, 0, 1], "texture": "#0"},
				"south": {"uv": [3, 0, 0, 1], "texture": "#0"},
				"west": {"uv": [3, 0, 0, 1], "texture": "#0"},
				"up": {"uv": [3, 0, 0, 1], "texture": "#0"},
				"down": {"uv": [3, 0, 0, 1], "texture": "#0"}
			}
		},
		{
			"from": [15.52754, -0.15585, 7.22],
			"to": [17.28254, 0.10415, 7.74],
			"rotation": {"angle": 0, "axis": "y", "origin": [20.98754, -0.41585, 8]},
			"faces": {
				"north": {"uv": [3, 0, 0, 1], "texture": "#0"},
				"east": {"uv": [3, 0, 0, 1], "texture": "#0"},
				"south": {"uv": [3, 0, 0, 1], "texture": "#0"},
				"west": {"uv": [3, 0, 0, 1], "texture": "#0"},
				"up": {"uv": [3, 0, 0, 1], "texture": "#0"},
				"down": {"uv": [3, 0, 0, 1], "texture": "#0"}
			}
		},
		{
			"from": [16.82754, 0.36415, 7.22],
			"to": [18.06254, 0.62415, 7.74],
			"rotation": {"angle": 0, "axis": "y", "origin": [20.98754, -0.41585, 8]},
			"faces": {
				"north": {"uv": [1, 0, 0, 1], "texture": "#0"},
				"east": {"uv": [1, 0, 0, 1], "texture": "#0"},
				"south": {"uv": [1, 0, 0, 1], "texture": "#0"},
				"west": {"uv": [1, 0, 0, 1], "texture": "#0"},
				"up": {"uv": [1, 0, 0, 1], "texture": "#0"},
				"down": {"uv": [1, 0, 0, 1], "texture": "#0"}
			}
		},
		{
			"from": [17.08754, 0.62415, 7.22],
			"to": [18.06254, 0.88415, 7.74],
			"rotation": {"angle": 0, "axis": "y", "origin": [20.98754, -0.41585, 8]},
			"faces": {
				"north": {"uv": [1, 0, 0, 1], "texture": "#0"},
				"east": {"uv": [1, 0, 0, 1], "texture": "#0"},
				"south": {"uv": [1, 0, 0, 1], "texture": "#0"},
				"west": {"uv": [1, 0, 0, 1], "texture": "#0"},
				"up": {"uv": [1, 0, 0, 1], "texture": "#0"},
				"down": {"uv": [1, 0, 0, 1], "texture": "#0"}
			}
		},
		{
			"from": [17.34754, 0.88415, 7.22],
			"to": [18.06254, 1.40415, 7.74],
			"rotation": {"angle": 0, "axis": "y", "origin": [20.98754, -0.41585, 8]},
			"faces": {
				"north": {"uv": [1, 0, 0, 2], "texture": "#0"},
				"east": {"uv": [1, 0, 0, 2], "texture": "#0"},
				"south": {"uv": [1, 0, 0, 2], "texture": "#0"},
				"west": {"uv": [1, 0, 0, 2], "texture": "#0"},
				"up": {"uv": [1, 0, 0, 2], "texture": "#0"},
				"down": {"uv": [1, 0, 0, 2], "texture": "#0"}
			}
		},
		{
			"from": [17.60754, 1.40415, 7.22],
			"to": [18.06254, 2.05415, 7.74],
			"rotation": {"angle": 0, "axis": "y", "origin": [20.98754, -0.41585, 8]},
			"faces": {
				"north": {"uv": [1, 0, 0, 3], "texture": "#0"},
				"east": {"uv": [1, 0, 0, 3], "texture": "#0"},
				"south": {"uv": [1, 0, 0, 3], "texture": "#0"},
				"west": {"uv": [1, 0, 0, 3], "texture": "#0"},
				"up": {"uv": [1, 0, 0, 3], "texture": "#0"},
				"down": {"uv": [1, 0, 0, 3], "texture": "#0"}
			}
		},
		{
			"from": [17.86754, 1.92415, 7.22],
			"to": [18.06254, 2.31415, 7.74],
			"rotation": {"angle": 0, "axis": "y", "origin": [20.98754, -0.41585, 8]},
			"faces": {
				"north": {"uv": [1, 0, 0, 3], "texture": "#0"},
				"east": {"uv": [1, 0, 0, 3], "texture": "#0"},
				"south": {"uv": [1, 0, 0, 3], "texture": "#0"},
				"west": {"uv": [1, 0, 0, 3], "texture": "#0"},
				"up": {"uv": [1, 0, 0, 3], "texture": "#0"},
				"down": {"uv": [1, 0, 0, 3], "texture": "#0"}
			}
		},
		{
			"from": [18.06254, 0.23415, 7.22],
			"to": [18.64754, 2.44415, 7.74],
			"rotation": {"angle": 0, "axis": "y", "origin": [20.98754, -0.41585, 8]},
			"faces": {
				"north": {"uv": [3, 0, 0, 1], "texture": "#0"},
				"east": {"uv": [3, 0, 0, 1], "texture": "#0"},
				"south": {"uv": [3, 0, 0, 1], "texture": "#0"},
				"west": {"uv": [3, 0, 0, 1], "texture": "#0"},
				"up": {"uv": [3, 0, 0, 1], "texture": "#0"},
				"down": {"uv": [3, 0, 0, 1], "texture": "#0"}
			}
		},
		{
			"from": [18.38754, -0.35085, 7.22],
			"to": [19.23254, 0.62415, 7.74],
			"rotation": {"angle": 0, "axis": "y", "origin": [20.98754, -0.41585, 8]},
			"faces": {
				"north": {"uv": [3, 0, 0, 1], "texture": "#0"},
				"east": {"uv": [3, 0, 0, 1], "texture": "#0"},
				"south": {"uv": [3, 0, 0, 1], "texture": "#0"},
				"west": {"uv": [3, 0, 0, 1], "texture": "#0"},
				"up": {"uv": [3, 0, 0, 1], "texture": "#0"},
				"down": {"uv": [3, 0, 0, 1], "texture": "#0"}
			}
		},
		{
			"from": [18.64754, -0.93585, 7.22],
			"to": [18.97254, -0.22085, 7.74],
			"rotation": {"angle": 0, "axis": "y", "origin": [20.98754, -1.26085, 8]},
			"faces": {
				"north": {"uv": [3, 0, 0, 1], "texture": "#0"},
				"east": {"uv": [3, 0, 0, 1], "texture": "#0"},
				"south": {"uv": [3, 0, 0, 1], "texture": "#0"},
				"west": {"uv": [3, 0, 0, 1], "texture": "#0"},
				"up": {"uv": [3, 0, 0, 1], "texture": "#0"},
				"down": {"uv": [3, 0, 0, 1], "texture": "#0"}
			}
		},
		{
			"from": [19.29754, 0.62415, 7.22],
			"to": [19.94754, 1.92415, 7.74],
			"rotation": {"angle": 0, "axis": "y", "origin": [20.98754, -0.41585, 8]},
			"faces": {
				"north": {"uv": [3, 0, 0, 1], "texture": "#0"},
				"east": {"uv": [3, 0, 0, 1], "texture": "#0"},
				"south": {"uv": [3, 0, 0, 1], "texture": "#0"},
				"west": {"uv": [3, 0, 0, 1], "texture": "#0"},
				"up": {"uv": [3, 0, 0, 1], "texture": "#0"},
				"down": {"uv": [3, 0, 0, 1], "texture": "#0"}
			}
		},
		{
			"from": [19.29754, 0.36415, 7.22],
			"to": [19.42754, 0.62415, 7.74],
			"rotation": {"angle": 0, "axis": "y", "origin": [20.98754, -0.41585, 8]},
			"faces": {
				"north": {"uv": [3, 0, 0, 1], "texture": "#0"},
				"east": {"uv": [3, 0, 0, 1], "texture": "#0"},
				"south": {"uv": [3, 0, 0, 1], "texture": "#0"},
				"west": {"uv": [3, 0, 0, 1], "texture": "#0"},
				"up": {"uv": [3, 0, 0, 1], "texture": "#0"},
				"down": {"uv": [3, 0, 0, 1], "texture": "#0"}
			}
		},
		{
			"from": [19.94754, 0.62415, 7.22],
			"to": [20.59754, 1.63815, 7.74],
			"rotation": {"angle": 0, "axis": "y", "origin": [20.98754, -0.41585, 8]},
			"faces": {
				"north": {"uv": [2, 0, 0, 1], "texture": "#0"},
				"east": {"uv": [2, 0, 0, 1], "texture": "#0"},
				"south": {"uv": [2, 0, 0, 1], "texture": "#0"},
				"west": {"uv": [2, 0, 0, 1], "texture": "#0"},
				"up": {"uv": [2, 0, 0, 1], "texture": "#0"},
				"down": {"uv": [2, 0, 0, 1], "texture": "#0"}
			}
		},
		{
			"from": [20.59754, 0.42915, 7.22],
			"to": [21.18254, 1.40415, 7.74],
			"rotation": {"angle": 0, "axis": "y", "origin": [20.98754, -0.41585, 8]},
			"faces": {
				"north": {"uv": [2, 0, 0, 1], "texture": "#0"},
				"east": {"uv": [2, 0, 0, 1], "texture": "#0"},
				"south": {"uv": [2, 0, 0, 1], "texture": "#0"},
				"west": {"uv": [2, 0, 0, 1], "texture": "#0"},
				"up": {"uv": [2, 0, 0, 1], "texture": "#0"},
				"down": {"uv": [2, 0, 0, 1], "texture": "#0"}
			}
		},
		{
			"from": [21.18254, 0.16915, 7.22],
			"to": [21.76754, 1.14415, 7.74],
			"rotation": {"angle": 0, "axis": "y", "origin": [20.98754, -0.41585, 8]},
			"faces": {
				"north": {"uv": [2, 0, 0, 1], "texture": "#0"},
				"east": {"uv": [2, 0, 0, 1], "texture": "#0"},
				"south": {"uv": [2, 0, 0, 1], "texture": "#0"},
				"west": {"uv": [2, 0, 0, 1], "texture": "#0"},
				"up": {"uv": [2, 0, 0, 1], "texture": "#0"},
				"down": {"uv": [2, 0, 0, 1], "texture": "#0"}
			}
		},
		{
			"from": [21.76754, -0.02585, 7.22],
			"to": [22.28754, 0.94915, 7.74],
			"rotation": {"angle": 0, "axis": "y", "origin": [20.98754, -0.41585, 8]},
			"faces": {
				"north": {"uv": [2, 0, 0, 1], "texture": "#0"},
				"east": {"uv": [2, 0, 0, 1], "texture": "#0"},
				"south": {"uv": [2, 0, 0, 1], "texture": "#0"},
				"west": {"uv": [2, 0, 0, 1], "texture": "#0"},
				"up": {"uv": [2, 0, 0, 1], "texture": "#0"},
				"down": {"uv": [2, 0, 0, 1], "texture": "#0"}
			}
		},
		{
			"from": [22.28754, -0.28585, 7.22],
			"to": [22.54754, 0.62415, 7.74],
			"rotation": {"angle": 0, "axis": "y", "origin": [20.98754, -0.41585, 8]},
			"faces": {
				"north": {"uv": [1, 0, 0, 1], "texture": "#0"},
				"east": {"uv": [1, 0, 0, 1], "texture": "#0"},
				"south": {"uv": [1, 0, 0, 1], "texture": "#0"},
				"west": {"uv": [1, 0, 0, 1], "texture": "#0"},
				"up": {"uv": [1, 0, 0, 1], "texture": "#0"},
				"down": {"uv": [1, 0, 0, 1], "texture": "#0"}
			}
		},
		{
			"from": [22.54754, -0.54585, 7.22],
			"to": [22.80754, 0.36415, 7.74],
			"rotation": {"angle": 0, "axis": "y", "origin": [20.98754, -0.41585, 8]},
			"faces": {
				"north": {"uv": [1, 0, 0, 1], "texture": "#0"},
				"east": {"uv": [1, 0, 0, 1], "texture": "#0"},
				"south": {"uv": [1, 0, 0, 1], "texture": "#0"},
				"west": {"uv": [1, 0, 0, 1], "texture": "#0"},
				"up": {"uv": [1, 0, 0, 1], "texture": "#0"},
				"down": {"uv": [1, 0, 0, 1], "texture": "#0"}
			}
		},
		{
			"from": [22.80754, -1.00085, 7.22],
			"to": [23.06754, 0.10415, 7.74],
			"rotation": {"angle": 0, "axis": "y", "origin": [20.98754, -0.41585, 8]},
			"faces": {
				"north": {"uv": [1, 0, 0, 1], "texture": "#0"},
				"east": {"uv": [1, 0, 0, 1], "texture": "#0"},
				"south": {"uv": [1, 0, 0, 1], "texture": "#0"},
				"west": {"uv": [1, 0, 0, 1], "texture": "#0"},
				"up": {"uv": [1, 0, 0, 1], "texture": "#0"},
				"down": {"uv": [1, 0, 0, 1], "texture": "#0"}
			}
		},
		{
			"from": [23.06754, -2.56085, 7.22],
			"to": [23.32754, -0.09085, 7.74],
			"rotation": {"angle": 0, "axis": "y", "origin": [20.98754, -0.41585, 8]},
			"faces": {
				"north": {"uv": [1, 0, 0, 2], "texture": "#0"},
				"east": {"uv": [4, 14, 0, 16], "texture": "#0"},
				"south": {"uv": [1, 0, 0, 2], "texture": "#0"},
				"west": {"uv": [1, 0, 0, 2], "texture": "#0"},
				"up": {"uv": [1, 0, 0, 2], "texture": "#0"},
				"down": {"uv": [1, 0, 0, 2], "texture": "#0"}
			}
		},
		{
			"from": [18.64754, -0.22085, 7.22],
			"to": [19.29754, 2.18415, 7.74],
			"rotation": {"angle": 0, "axis": "y", "origin": [20.98754, -0.41585, 8]},
			"faces": {
				"north": {"uv": [3, 0, 0, 1], "texture": "#0"},
				"east": {"uv": [3, 0, 0, 1], "texture": "#0"},
				"south": {"uv": [3, 0, 0, 1], "texture": "#0"},
				"west": {"uv": [3, 0, 0, 1], "texture": "#0"},
				"up": {"uv": [3, 0, 0, 1], "texture": "#0"},
				"down": {"uv": [3, 0, 0, 1], "texture": "#0"}
			}
		},
		{
			"from": [16.17754, 0.10415, 7.22],
			"to": [17.54254, 0.36415, 7.74],
			"rotation": {"angle": 0, "axis": "y", "origin": [20.98754, -0.41585, 8]},
			"faces": {
				"north": {"uv": [2, 0, 0, 1], "texture": "#0"},
				"east": {"uv": [2, 0, 0, 1], "texture": "#0"},
				"south": {"uv": [2, 0, 0, 1], "texture": "#0"},
				"west": {"uv": [2, 0, 0, 1], "texture": "#0"},
				"up": {"uv": [2, 0, 0, 1], "texture": "#0"},
				"down": {"uv": [2, 0, 0, 1], "texture": "#0"}
			}
		},
		{
			"from": [24.33574, 4.47123, 7.22],
			"to": [25.18074, 4.73123, 7.74],
			"rotation": {"angle": -45, "axis": "z", "origin": [17.57574, 4.77976, 8]},
			"faces": {
				"north": {"uv": [3, 0, 0, 1], "rotation": 180, "texture": "#0"},
				"east": {"uv": [3, 0, 0, 1], "rotation": 180, "texture": "#0"},
				"south": {"uv": [3, 0, 0, 1], "rotation": 180, "texture": "#0"},
				"west": {"uv": [3, 0, 0, 1], "rotation": 180, "texture": "#0"},
				"up": {"uv": [3, 0, 0, 1], "rotation": 180, "texture": "#0"},
				"down": {"uv": [3, 0, 0, 1], "rotation": 180, "texture": "#0"}
			}
		},
		{
			"from": [14.35754, -0.67585, 7.22],
			"to": [16.04754, -0.41585, 7.74],
			"rotation": {"angle": 0, "axis": "y", "origin": [21.76754, -0.67585, 8]},
			"faces": {
				"north": {"uv": [3, 0, 0, 1], "texture": "#0"},
				"east": {"uv": [3, 0, 0, 1], "texture": "#0"},
				"south": {"uv": [3, 0, 0, 1], "texture": "#0"},
				"west": {"uv": [3, 0, 0, 1], "texture": "#0"},
				"up": {"uv": [3, 0, 0, 1], "texture": "#0"},
				"down": {"uv": [3, 0, 0, 1], "texture": "#0"}
			}
		},
		{
			"from": [15.55276, 1.81159, 7.22],
			"to": [17.11276, 2.07159, 7.74],
			"rotation": {"angle": 22.5, "axis": "z", "origin": [22.05276, 1.81159, 8]},
			"faces": {
				"north": {"uv": [3, 0, 0, 1], "texture": "#0"},
				"east": {"uv": [3, 0, 0, 1], "texture": "#0"},
				"south": {"uv": [3, 0, 0, 1], "texture": "#0"},
				"west": {"uv": [3, 0, 0, 1], "texture": "#0"},
				"up": {"uv": [3, 0, 0, 1], "texture": "#0"},
				"down": {"uv": [3, 0, 0, 1], "texture": "#0"}
			}
		},
		{
			"from": [15.7242, 4.14422, 7.22],
			"to": [16.1142, 4.40422, 7.74],
			"rotation": {"angle": 45, "axis": "z", "origin": [21.7042, 4.14422, 8]},
			"faces": {
				"north": {"uv": [3, 0, 0, 1], "texture": "#0"},
				"east": {"uv": [3, 0, 0, 1], "texture": "#0"},
				"south": {"uv": [3, 0, 0, 1], "texture": "#0"},
				"west": {"uv": [3, 0, 0, 1], "texture": "#0"},
				"up": {"uv": [3, 0, 0, 1], "texture": "#0"},
				"down": {"uv": [3, 0, 0, 1], "texture": "#0"}
			}
		},
		{
			"from": [17.17234, 2.62257, 7.22],
			"to": [17.69234, 2.88257, 7.74],
			"rotation": {"angle": 22.5, "axis": "z", "origin": [23.67234, 2.62257, 8]},
			"faces": {
				"north": {"uv": [3, 0, 0, 1], "texture": "#0"},
				"east": {"uv": [3, 0, 0, 1], "texture": "#0"},
				"south": {"uv": [3, 0, 0, 1], "texture": "#0"},
				"west": {"uv": [3, 0, 0, 1], "texture": "#0"},
				"up": {"uv": [3, 0, 0, 1], "texture": "#0"},
				"down": {"uv": [3, 0, 0, 1], "texture": "#0"}
			}
		},
		{
			"from": [22.46039, 1.77429, 7.22],
			"to": [22.72039, 2.29429, 7.74],
			"rotation": {"angle": 45, "axis": "z", "origin": [22.46039, -4.20571, 8]},
			"faces": {
				"north": {"uv": [0, 1, 3, 0], "rotation": 90, "texture": "#0"},
				"east": {"uv": [0, 1, 3, 0], "rotation": 90, "texture": "#0"},
				"south": {"uv": [0, 1, 3, 0], "rotation": 90, "texture": "#0"},
				"west": {"uv": [0, 1, 3, 0], "rotation": 90, "texture": "#0"},
				"up": {"uv": [0, 1, 3, 0], "rotation": 90, "texture": "#0"},
				"down": {"uv": [0, 1, 3, 0], "rotation": 90, "texture": "#0"}
			}
		},
		{
			"from": [20.66298, -0.63308, 7.22],
			"to": [20.92298, 0.60192, 7.74],
			"rotation": {"angle": 22.5, "axis": "z", "origin": [20.66298, -5.89808, 8]},
			"faces": {
				"north": {"uv": [0, 1, 3, 0], "rotation": 90, "texture": "#0"},
				"east": {"uv": [0, 1, 3, 0], "rotation": 90, "texture": "#0"},
				"south": {"uv": [0, 1, 3, 0], "rotation": 90, "texture": "#0"},
				"west": {"uv": [0, 1, 3, 0], "rotation": 90, "texture": "#0"},
				"up": {"uv": [0, 1, 3, 0], "rotation": 90, "texture": "#0"},
				"down": {"uv": [0, 1, 3, 0], "rotation": 90, "texture": "#0"}
			}
		},
		{
			"from": [18.64754, -1.19585, 7.22],
			"to": [18.90754, -0.93585, 7.74],
			"rotation": {"angle": 0, "axis": "y", "origin": [25.14754, -0.67585, 8]},
			"faces": {
				"north": {"uv": [3, 0, 0, 1], "texture": "#0"},
				"east": {"uv": [3, 0, 0, 1], "texture": "#0"},
				"south": {"uv": [3, 0, 0, 1], "texture": "#0"},
				"west": {"uv": [3, 0, 0, 1], "texture": "#0"},
				"up": {"uv": [3, 0, 0, 1], "texture": "#0"},
				"down": {"uv": [3, 0, 0, 1], "texture": "#0"}
			}
		},
		{
			"from": [18.37154, -3.88338, 7.22],
			"to": [18.63154, -1.80338, 7.74],
			"rotation": {"angle": -22.5, "axis": "z", "origin": [24.87154, -3.10338, 8]},
			"faces": {
				"north": {"uv": [3, 0, 0, 1], "texture": "#0"},
				"east": {"uv": [3, 0, 0, 1], "texture": "#0"},
				"south": {"uv": [3, 0, 0, 1], "texture": "#0"},
				"west": {"uv": [3, 0, 0, 1], "texture": "#0"},
				"up": {"uv": [3, 0, 0, 1], "texture": "#0"},
				"down": {"uv": [3, 0, 0, 1], "texture": "#0"}
			}
		},
		{
			"from": [17.82771, -4.16339, 7.22],
			"to": [18.08771, -3.77339, 7.74],
			"rotation": {"angle": -45, "axis": "z", "origin": [24.32771, -3.64339, 8]},
			"faces": {
				"north": {"uv": [3, 0, 0, 1], "texture": "#0"},
				"east": {"uv": [3, 0, 0, 1], "texture": "#0"},
				"south": {"uv": [3, 0, 0, 1], "texture": "#0"},
				"west": {"uv": [3, 0, 0, 1], "texture": "#0"},
				"up": {"uv": [3, 0, 0, 1], "texture": "#0"},
				"down": {"uv": [3, 0, 0, 1], "texture": "#0"}
			}
		},
		{
			"from": [19.63959, 0.60088, 7.22],
			"to": [20.15959, 0.86088, 7.74],
			"rotation": {"angle": 0, "axis": "y", "origin": [26.13959, 0.86088, 8]},
			"faces": {
				"north": {"uv": [3, 0, 0, 1], "texture": "#0"},
				"east": {"uv": [3, 0, 0, 1], "texture": "#0"},
				"south": {"uv": [3, 0, 0, 1], "texture": "#0"},
				"west": {"uv": [3, 0, 0, 1], "texture": "#0"},
				"up": {"uv": [3, 0, 0, 1], "texture": "#0"},
				"down": {"uv": [3, 0, 0, 1], "texture": "#0"}
			}
		},
		{
			"from": [19.6648, -1.88656, 7.22],
			"to": [22.0048, -1.62656, 7.74],
			"rotation": {"angle": -22.5, "axis": "z", "origin": [26.1648, -1.62656, 8]},
			"faces": {
				"north": {"uv": [3, 0, 0, 1], "texture": "#0"},
				"east": {"uv": [3, 0, 0, 1], "texture": "#0"},
				"south": {"uv": [3, 0, 0, 1], "texture": "#0"},
				"west": {"uv": [3, 0, 0, 1], "texture": "#0"},
				"up": {"uv": [3, 0, 0, 1], "texture": "#0"},
				"down": {"uv": [3, 0, 0, 1], "texture": "#0"}
			}
		},
		{
			"from": [25.34219, -1.61945, 7.22],
			"to": [25.60219, -0.51445, 7.74],
			"rotation": {"angle": 22.5, "axis": "z", "origin": [24.55347, -7.33945, 8]},
			"faces": {
				"north": {"uv": [0, 1, 3, 0], "rotation": 90, "texture": "#0"},
				"east": {"uv": [0, 1, 3, 0], "rotation": 90, "texture": "#0"},
				"south": {"uv": [0, 1, 3, 0], "rotation": 90, "texture": "#0"},
				"west": {"uv": [0, 1, 3, 0], "rotation": 90, "texture": "#0"},
				"up": {"uv": [0, 1, 3, 0], "rotation": 90, "texture": "#0"},
				"down": {"uv": [0, 1, 3, 0], "rotation": 90, "texture": "#0"}
			}
		},
		{
			"from": [14.70544, 2.21583, 7.22],
			"to": [17.36513, 2.47583, 7.74],
			"rotation": {"angle": 22.5, "axis": "z", "origin": [21.72544, 0.10204, 8]},
			"faces": {
				"north": {"uv": [3, 0, 0, 1], "texture": "#0"},
				"east": {"uv": [4, 14, 0, 16], "texture": "#0"},
				"south": {"uv": [3, 0, 0, 1], "texture": "#0"},
				"west": {"uv": [3, 0, 0, 1], "texture": "#0"},
				"up": {"uv": [4, 14, 0, 16], "texture": "#0"},
				"down": {"uv": [3, 0, 0, 1], "texture": "#0"}
			}
		},
		{
			"from": [18.56284, 5.82815, 7.22],
			"to": [19.27784, 6.08815, 7.74],
			"rotation": {"angle": 45, "axis": "z", "origin": [24.29438, 1.08568, 8]},
			"faces": {
				"north": {"uv": [3, 0, 0, 1], "texture": "#0"},
				"east": {"uv": [4, 14, 0, 16], "texture": "#0"},
				"south": {"uv": [3, 0, 0, 1], "texture": "#0"},
				"west": {"uv": [3, 0, 0, 1], "texture": "#0"},
				"up": {"uv": [3, 0, 0, 1], "texture": "#0"},
				"down": {"uv": [3, 0, 0, 1], "texture": "#0"}
			}
		},
		{
			"from": [19.2662, 0.46771, 7.22],
			"to": [19.5262, 1.76771, 7.74],
			"rotation": {"angle": -22.5, "axis": "z", "origin": [19.5262, 6.04016, 8]},
			"faces": {
				"north": {"uv": [0, 1, 3, 0], "rotation": 270, "texture": "#0"},
				"east": {"uv": [0, 16, 4, 14], "rotation": 270, "texture": "#0"},
				"south": {"uv": [0, 1, 3, 0], "rotation": 270, "texture": "#0"},
				"west": {"uv": [0, 1, 3, 0], "rotation": 270, "texture": "#0"},
				"up": {"uv": [0, 1, 3, 0], "rotation": 270, "texture": "#0"},
				"down": {"uv": [0, 1, 3, 0], "rotation": 270, "texture": "#0"}
			}
		},
		{
			"from": [21.51516, 0.37645, 7.22],
			"to": [21.77516, 0.76645, 7.74],
			"rotation": {"angle": -45, "axis": "z", "origin": [21.77516, 5.9489, 8]},
			"faces": {
				"north": {"uv": [0, 1, 3, 0], "rotation": 270, "texture": "#0"},
				"east": {"uv": [0, 16, 4, 14], "rotation": 270, "texture": "#0"},
				"south": {"uv": [0, 1, 3, 0], "rotation": 270, "texture": "#0"},
				"west": {"uv": [0, 1, 3, 0], "rotation": 270, "texture": "#0"},
				"up": {"uv": [0, 1, 3, 0], "rotation": 270, "texture": "#0"},
				"down": {"uv": [0, 1, 3, 0], "rotation": 270, "texture": "#0"}
			}
		},
		{
			"from": [17.92677, 2.2082, 7.22],
			"to": [18.64177, 2.4682, 7.74],
			"rotation": {"angle": 0, "axis": "z", "origin": [23.49922, 2.2082, 8]},
			"faces": {
				"north": {"uv": [3, 0, 0, 1], "texture": "#0"},
				"east": {"uv": [4, 14, 0, 16], "texture": "#0"},
				"south": {"uv": [3, 0, 0, 1], "texture": "#0"},
				"west": {"uv": [3, 0, 0, 1], "texture": "#0"},
				"up": {"uv": [3, 0, 0, 1], "texture": "#0"},
				"down": {"uv": [3, 0, 0, 1], "texture": "#0"}
			}
		},
		{
			"from": [18.11809, 0.09551, 7.22],
			"to": [22.08309, 0.35551, 7.74],
			"rotation": {"angle": -22.5, "axis": "z", "origin": [23.69054, 0.09551, 8]},
			"faces": {
				"north": {"uv": [3, 0, 0, 1], "texture": "#0"},
				"east": {"uv": [4, 14, 0, 16], "texture": "#0"},
				"south": {"uv": [3, 0, 0, 1], "texture": "#0"},
				"west": {"uv": [3, 0, 0, 1], "texture": "#0"},
				"up": {"uv": [3, 0, 0, 1], "texture": "#0"},
				"down": {"uv": [3, 0, 0, 1], "texture": "#0"}
			}
		},
		{
			"from": [20.48516, -3.1825, 7.22],
			"to": [21.92816, -2.9225, 7.74],
			"rotation": {"angle": -45, "axis": "z", "origin": [26.07061, -3.1825, 8]},
			"faces": {
				"north": {"uv": [3, 0, 0, 1], "texture": "#0"},
				"east": {"uv": [4, 14, 0, 16], "texture": "#0"},
				"south": {"uv": [3, 0, 0, 1], "texture": "#0"},
				"west": {"uv": [3, 0, 0, 1], "texture": "#0"},
				"up": {"uv": [3, 0, 0, 1], "texture": "#0"},
				"down": {"uv": [3, 0, 0, 1], "texture": "#0"}
			}
		},
		{
			"from": [16.51947, -3.33851, 7.48],
			"to": [18.13407, -2.10351, 7.506],
			"rotation": {"angle": -22.5, "axis": "z", "origin": [23.72407, -3.33851, 8.13]},
			"faces": {
				"north": {"uv": [16, 14, 12, 16], "texture": "#0"},
				"east": {"uv": [16, 14, 12, 16], "texture": "#0"},
				"south": {"uv": [16, 14, 12, 16], "texture": "#0"},
				"west": {"uv": [16, 14, 12, 16], "texture": "#0"},
				"up": {"uv": [16, 14, 12, 16], "texture": "#0"},
				"down": {"uv": [16, 14, 12, 16], "texture": "#0"}
			}
		},
		{
			"from": [18.55654, -1.19585, 7.48],
			"to": [18.64754, -0.93585, 7.48],
			"rotation": {"angle": 0, "axis": "y", "origin": [25.47254, -1.19585, 8.13]},
			"faces": {
				"north": {"uv": [16, 15, 12, 16], "texture": "#0"},
				"east": {"uv": [16, 14, 12, 16], "texture": "#0"},
				"south": {"uv": [16, 15, 12, 16], "texture": "#0"},
				"west": {"uv": [16, 14, 12, 16], "texture": "#0"},
				"up": {"uv": [16, 14, 12, 16], "texture": "#0"},
				"down": {"uv": [16, 14, 12, 16], "texture": "#0"}
			}
		},
		{
			"from": [16.04754, -0.67585, 7.48],
			"to": [17.34754, -0.02585, 7.506],
			"rotation": {"angle": 0, "axis": "y", "origin": [23.58754, -0.67585, 8.13]},
			"faces": {
				"north": {"uv": [16, 15, 12, 16], "texture": "#0"},
				"east": {"uv": [16, 14, 12, 16], "texture": "#0"},
				"south": {"uv": [16, 15, 12, 16], "texture": "#0"},
				"west": {"uv": [16, 14, 12, 16], "texture": "#0"},
				"up": {"uv": [16, 14, 12, 16], "texture": "#0"},
				"down": {"uv": [16, 14, 12, 16], "texture": "#0"}
			}
		},
		{
			"from": [16.85143, 3.76804, 7.48],
			"to": [17.50143, 4.02804, 7.506],
			"rotation": {"angle": 45, "axis": "z", "origin": [23.87143, 3.76804, 8.13]},
			"faces": {
				"north": {"uv": [16, 15, 12, 16], "texture": "#0"},
				"east": {"uv": [16, 14, 12, 16], "texture": "#0"},
				"south": {"uv": [16, 15, 12, 16], "texture": "#0"},
				"west": {"uv": [16, 14, 12, 16], "texture": "#0"},
				"up": {"uv": [16, 14, 12, 16], "texture": "#0"},
				"down": {"uv": [16, 14, 12, 16], "texture": "#0"}
			}
		},
		{
			"from": [18.74844, 1.89385, 7.4774],
			"to": [20.63344, 3.12885, 7.5086],
			"rotation": {"angle": 22.5, "axis": "z", "origin": [25.76844, 1.89385, 8.13]},
			"faces": {
				"north": {"uv": [16, 14, 12, 16], "texture": "#0"},
				"east": {"uv": [16, 14, 12, 16], "texture": "#0"},
				"south": {"uv": [16, 14, 12, 16], "texture": "#0"},
				"west": {"uv": [16, 14, 12, 16], "texture": "#0"},
				"up": {"uv": [16, 14, 12, 16], "texture": "#0"},
				"down": {"uv": [16, 14, 12, 16], "texture": "#0"}
			}
		},
		{
			"from": [20.14254, -0.41585, 7.48],
			"to": [20.66254, 0.75415, 7.506],
			"rotation": {"angle": 0, "axis": "y", "origin": [26.96754, -0.41585, 8.13]},
			"faces": {
				"north": {"uv": [16, 15, 12, 16], "texture": "#0"},
				"east": {"uv": [16, 14, 12, 16], "texture": "#0"},
				"south": {"uv": [16, 15, 12, 16], "texture": "#0"},
				"west": {"uv": [16, 14, 12, 16], "texture": "#0"},
				"up": {"uv": [16, 14, 12, 16], "texture": "#0"},
				"down": {"uv": [16, 14, 12, 16], "texture": "#0"}
			}
		},
		{
			"from": [19.78352, -3.00787, 7.48],
			"to": [22.44852, -2.03287, 7.506],
			"rotation": {"angle": -22.5, "axis": "z", "origin": [26.60852, -3.00787, 8.13]},
			"faces": {
				"north": {"uv": [16, 15, 12, 16], "texture": "#0"},
				"east": {"uv": [16, 14, 12, 16], "texture": "#0"},
				"south": {"uv": [16, 15, 12, 16], "texture": "#0"},
				"west": {"uv": [16, 14, 12, 16], "texture": "#0"},
				"up": {"uv": [16, 14, 12, 16], "texture": "#0"},
				"down": {"uv": [16, 14, 12, 16], "texture": "#0"}
			}
		},
		{
			"from": [24.43695, 1.59434, 7.48],
			"to": [25.02195, 1.85434, 7.506],
			"rotation": {"angle": -45, "axis": "z", "origin": [20.01695, 2.24885, 8.13]},
			"faces": {
				"north": {"uv": [16, 15, 12, 16], "texture": "#0"},
				"east": {"uv": [16, 14, 12, 16], "rotation": 180, "texture": "#0"},
				"south": {"uv": [16, 15, 12, 16], "rotation": 180, "texture": "#0"},
				"west": {"uv": [16, 14, 12, 16], "rotation": 180, "texture": "#0"},
				"up": {"uv": [16, 14, 12, 16], "rotation": 180, "texture": "#0"},
				"down": {"uv": [16, 14, 12, 16], "rotation": 180, "texture": "#0"}
			}
		}
	],
	"display": {
		"thirdperson_righthand": {
			"rotation": [57, 0, 0],
			"translation": [-5.5, 3.5, 33],
			"scale": [0.81, 3.24, 0.81]
		},
		"thirdperson_lefthand": {
			"rotation": [57, 0, 0],
			"translation": [-5.5, 3.5, 33],
			"scale": [0.81, 3.24, 0.81]
		},
		"firstperson_righthand": {
			"translation": [-4, 5.75, 3.25],
			"scale": [0.43, 0.43, 0.43]
		},
		"firstperson_lefthand": {
			"translation": [-4, 5.75, 3.25],
			"scale": [0.43, 0.43, 0.43]
		},
		"ground": {
			"translation": [0, 2.75, 0],
			"scale": [0.35, 0.35, 0.35]
		},
		"gui": {
			"translation": [0, 15.25, 0],
			"scale": [0.42, 1.97, 0.47]
		},
		"head": {
			"rotation": [-18, 0, 0],
			"translation": [0, 11.5, -5.75]
		},
		"fixed": {
			"translation": [0, 22, 0],
			"scale": [0.53, 2.65, 0.53]
		}
	},
	"groups": [
		{
			"name": "group",
			"origin": [8.73305, 10.24885, 8],
			"children": [
				{
					"name": "group",
					"origin": [8, 8, 8],
					"children": [
						{
							"name": "group",
							"origin": [8, 0, 8],
							"children": [0, 1, 2, 3, 4, 5, 6, 7, 8, 9, 10, 11, 12, 13, 14, 15, 16, 17, 18, 19, 20, 21]
						},
						{
							"name": "group",
							"origin": [-8.71509, -26.62924, 8],
							"children": [22, 23, 24, 25, 26, 27, 28, 29, 30, 31, 32, 33, 34]
						},
						{
							"name": "group",
							"origin": [1.76377, -20.9451, 8],
							"children": [35, 36, 37, 38, 39, 40, 41]
						}
					]
				},
				{
					"name": "group",
					"origin": [8.73305, 10.24885, 8],
					"children": [42, 43, 44, 45, 46, 47, 48, 49]
				}
			]
		},
		{
			"name": "group",
			"origin": [8.73305, 10.24885, 8],
			"children": [
				{
					"name": "group",
					"origin": [8, 8, 8],
					"children": [
						{
							"name": "group",
							"origin": [8, 0, 8],
							"children": [50, 51, 52, 53, 54, 55, 56, 57, 58, 59, 60, 61, 62, 63, 64, 65, 66, 67, 68, 69, 70, 71]
						},
						{
							"name": "group",
							"origin": [-8.71509, -26.62924, 8],
							"children": [72, 73, 74, 75, 76, 77, 78, 79, 80, 81, 82, 83, 84]
						},
						{
							"name": "group",
							"origin": [1.76377, -20.9451, 8],
							"children": [85, 86, 87, 88, 89, 90, 91]
						}
					]
				},
				{
					"name": "group",
					"origin": [8.73305, 10.24885, 8],
					"children": [92, 93, 94, 95, 96, 97, 98, 99]
				}
			]
		}
	]
}