{
	"credit": "Made with Blockbench",
	"textures": {
		"0": "blocks/jack_o_lantern",
		"1": "blocks/pumpkin_side",
		"2": "blocks/pumpkin_top",
		"particle": "blocks/jack_o_lantern"
	},
	"elements": [
		{
			"from": [0, 0, 0],
			"to": [16, 16, 16],
			"faces": {
				"north": {"uv": [0, 0, 16, 16], "texture": "#0"},
				"east": {"uv": [0, 0, 16, 16], "texture": "#1"},
				"south": {"uv": [0, 0, 16, 16], "texture": "#1"},
				"west": {"uv": [0, 0, 16, 16], "texture": "#1"},
				"up": {"uv": [0, 0, 16, 16], "texture": "#2"},
				"down": {"uv": [0, 0, 16, 16], "texture": "#1"}
			}
		}
	],
	"display": {
		"thirdperson_righthand": {
			"rotation": [102, 4, 0],
			"translation": [0, -1.5, 12.25],
			"scale": [0.16, 0.16, 0.16]
		},
		"thirdperson_lefthand": {
			"rotation": [102, 4, 0],
			"translation": [0, -1.5, 12.25],
			"scale": [0.16, 0.16, 0.16]
		},
		"firstperson_righthand": {
			"rotation": [0, 133, 0],
			"scale": [0.3, 0.3, 0.3]
		},
		"firstperson_lefthand": {
			"rotation": [0, 133, 0],
			"scale": [0.3, 0.3, 0.3]
		},
		"ground": {
			"scale": [0.27, 0.27, 0.27]
		},
		"gui": {
			"rotation": [0, -180, 0],
			"scale": [0.69, 0.69, 0.69]
		},
		"head": {
			"rotation": [10, -18, 0],
			"translation": [-1.25, 9.5, -0.25],
			"scale": [0.46, 0.46, 0.46]
		},
		"fixed": {
			"rotation": [0, -126, 0],
			"translation": [2, 19.75, 10.25],
			"scale": [0.5, 0.5, 0.5]
		}
	}
}