{
	"credit": "Made with Blockbench",
	"textures": {
		"0": "items/poi/usagi",
		"particle": "items/poi/usagi"
	},
	"elements": [
		{
			"from": [5, 5, 2],
			"to": [6, 6.57, 2.25],
			"rotation": {"angle": 0, "axis": "y", "origin": [10, 8, 8]},
			"faces": {
				"north": {"uv": [10, 2, 12, 6], "texture": "#0"},
				"east": {"uv": [8, 8, 8.5, 11], "texture": "#0"},
				"south": {"uv": [8, 8, 11, 11], "texture": "#0"},
				"west": {"uv": [8, 6, 8.5, 9], "texture": "#0"},
				"up": {"uv": [8, 8, 11, 8.5], "texture": "#0"},
				"down": {"uv": [8, 8, 11, 8.5], "texture": "#0"}
			}
		},
		{
			"from": [4, 5, 1.99],
			"to": [5, 8, 2],
			"rotation": {"angle": 0, "axis": "y", "origin": [3, 12, 8]},
			"faces": {
				"north": {"uv": [2, 2, 4, 6], "texture": "#0"},
				"east": {"uv": [8, 8, 8.5, 11], "texture": "#0"},
				"south": {"uv": [8, 8, 11, 11], "texture": "#0"},
				"west": {"uv": [8, 6, 8.5, 9], "texture": "#0"},
				"up": {"uv": [8, 8, 11, 8.5], "texture": "#0"},
				"down": {"uv": [8, 8, 11, 8.5], "texture": "#0"}
			}
		},
		{
			"from": [3, 5, 2],
			"to": [5, 8, 2.25],
			"faces": {
				"north": {"uv": [12, 2, 16, 6], "texture": "#0"},
				"east": {"uv": [8, 8, 8.5, 11], "texture": "#0"},
				"south": {"uv": [8, 8, 11, 11], "texture": "#0"},
				"west": {"uv": [8, 6, 8.5, 9], "texture": "#0"},
				"up": {"uv": [8, 8, 11, 8.5], "texture": "#0"},
				"down": {"uv": [8, 8, 11, 8.5], "texture": "#0"}
			}
		},
		{
			"from": [5.65685, 10.58579, 2],
			"to": [7.06685, 11.58579, 2.25],
			"rotation": {"angle": 45, "axis": "z", "origin": [8.65685, 6.58579, 8]},
			"faces": {
				"north": {"uv": [10, 2, 12, 6], "rotation": 270, "texture": "#0"},
				"east": {"uv": [8, 8, 11, 8.5], "rotation": 90, "texture": "#0"},
				"south": {"uv": [8, 8, 11, 11], "rotation": 90, "texture": "#0"},
				"west": {"uv": [8, 8, 11, 8.5], "rotation": 90, "texture": "#0"},
				"up": {"uv": [8, 6, 8.5, 9], "rotation": 90, "texture": "#0"},
				"down": {"uv": [8, 8, 8.5, 11], "rotation": 90, "texture": "#0"}
			}
		},
		{
			"from": [3.76066, 4.33327, 2],
			"to": [4.76066, 6.96327, 2.25],
			"rotation": {"angle": 22.5, "axis": "z", "origin": [-0.23934, 8.58327, 8]},
			"faces": {
				"north": {"uv": [10, 2, 12, 6], "texture": "#0"},
				"east": {"uv": [8, 8, 8.5, 11], "texture": "#0"},
				"south": {"uv": [8, 8, 11, 11], "texture": "#0"},
				"west": {"uv": [8, 6, 8.5, 9], "texture": "#0"},
				"up": {"uv": [8, 8, 11, 8.5], "texture": "#0"},
				"down": {"uv": [8, 8, 11, 8.5], "texture": "#0"}
			}
		},
		{
			"from": [4, 8, 2],
			"to": [5, 9, 2.25],
			"rotation": {"angle": 0, "axis": "z", "origin": [2.37, 4, 8]},
			"faces": {
				"north": {"uv": [10, 2, 12, 6], "rotation": 90, "texture": "#0"},
				"east": {"uv": [8, 8, 8.5, 11], "rotation": 270, "texture": "#0"},
				"south": {"uv": [8, 8, 11, 11], "rotation": 270, "texture": "#0"},
				"west": {"uv": [8, 6, 8.5, 9], "rotation": 270, "texture": "#0"},
				"up": {"uv": [8, 8, 11, 8.5], "rotation": 270, "texture": "#0"},
				"down": {"uv": [8, 8, 11, 8.5], "rotation": 270, "texture": "#0"}
			}
		},
		{
			"from": [3.23934, 5.33327, 2],
			"to": [3.73934, 5.96327, 2.25],
			"rotation": {"angle": -22.5, "axis": "z", "origin": [8.23934, 7.58327, 8]},
			"faces": {
				"north": {"uv": [10, 2, 12, 6], "texture": "#0"},
				"east": {"uv": [8.5, 6, 8, 9], "texture": "#0"},
				"south": {"uv": [11, 8, 8, 11], "texture": "#0"},
				"west": {"uv": [8.5, 8, 8, 11], "texture": "#0"},
				"up": {"uv": [11, 8, 8, 8.5], "texture": "#0"},
				"down": {"uv": [11, 8, 8, 8.5], "texture": "#0"}
			}
		},
		{
			"from": [1.75836, 8.57806, 2],
			"to": [2.25836, 9.20806, 2.25],
			"rotation": {"angle": 22.5, "axis": "z", "origin": [6.75836, 10.82806, 8]},
			"faces": {
				"north": {"uv": [10, 2, 12, 6], "texture": "#0"},
				"east": {"uv": [8.5, 6, 8, 9], "texture": "#0"},
				"south": {"uv": [11, 8, 8, 11], "texture": "#0"},
				"west": {"uv": [8.5, 8, 8, 11], "texture": "#0"},
				"up": {"uv": [11, 8, 8, 8.5], "texture": "#0"},
				"down": {"uv": [11, 8, 8, 8.5], "texture": "#0"}
			}
		},
		{
			"from": [8, 5, 2],
			"to": [9, 6.57, 2.25],
			"rotation": {"angle": 0, "axis": "y", "origin": [4, 8, 8]},
			"faces": {
				"north": {"uv": [6, 2, 4, 6], "texture": "#0"},
				"east": {"uv": [8.5, 6, 8, 9], "texture": "#0"},
				"south": {"uv": [11, 8, 8, 11], "texture": "#0"},
				"west": {"uv": [8.5, 8, 8, 11], "texture": "#0"},
				"up": {"uv": [11, 8, 8, 8.5], "texture": "#0"},
				"down": {"uv": [11, 8, 8, 8.5], "texture": "#0"}
			}
		},
		{
			"from": [9, 5, 1.99],
			"to": [10, 8, 2],
			"rotation": {"angle": 0, "axis": "y", "origin": [11, 12, 8]},
			"faces": {
				"north": {"uv": [4, 2, 2, 6], "texture": "#0"},
				"east": {"uv": [8.5, 6, 8, 9], "texture": "#0"},
				"south": {"uv": [11, 8, 8, 11], "texture": "#0"},
				"west": {"uv": [8.5, 8, 8, 11], "texture": "#0"},
				"up": {"uv": [11, 8, 8, 8.5], "texture": "#0"},
				"down": {"uv": [11, 8, 8, 8.5], "texture": "#0"}
			}
		},
		{
			"from": [9, 5, 2],
			"to": [11, 8, 2.25],
			"rotation": {"angle": 0, "axis": "y", "origin": [6, 8, 8]},
			"faces": {
				"north": {"uv": [6, 2, 4, 6], "texture": "#0"},
				"east": {"uv": [8.5, 6, 8, 9], "texture": "#0"},
				"south": {"uv": [11, 8, 8, 11], "texture": "#0"},
				"west": {"uv": [8.5, 8, 8, 11], "texture": "#0"},
				"up": {"uv": [11, 8, 8, 8.5], "texture": "#0"},
				"down": {"uv": [11, 8, 8, 8.5], "texture": "#0"}
			}
		},
		{
			"from": [6.93315, 10.58579, 2],
			"to": [8.34315, 11.58579, 2.25],
			"rotation": {"angle": -45, "axis": "z", "origin": [5.34315, 6.58579, 8]},
			"faces": {
				"north": {"uv": [4, 6, 6, 2], "rotation": 270, "texture": "#0"},
				"east": {"uv": [8, 8.5, 11, 8], "rotation": 90, "texture": "#0"},
				"south": {"uv": [8, 11, 11, 8], "rotation": 90, "texture": "#0"},
				"west": {"uv": [8, 8.5, 11, 8], "rotation": 90, "texture": "#0"},
				"up": {"uv": [8, 9, 8.5, 6], "rotation": 90, "texture": "#0"},
				"down": {"uv": [8, 11, 8.5, 8], "rotation": 90, "texture": "#0"}
			}
		},
		{
			"from": [9.23934, 4.33327, 2],
			"to": [10.23934, 6.96327, 2.25],
			"rotation": {"angle": -22.5, "axis": "z", "origin": [14.23934, 8.58327, 8]},
			"faces": {
				"north": {"uv": [4, 2, 6, 6], "texture": "#0"},
				"east": {"uv": [8.5, 6, 8, 9], "texture": "#0"},
				"south": {"uv": [11, 8, 8, 11], "texture": "#0"},
				"west": {"uv": [8.5, 8, 8, 11], "texture": "#0"},
				"up": {"uv": [11, 8, 8, 8.5], "texture": "#0"},
				"down": {"uv": [11, 8, 8, 8.5], "texture": "#0"}
			}
		},
		{
			"from": [9, 8, 2],
			"to": [10, 9, 2.25],
			"rotation": {"angle": 0, "axis": "z", "origin": [11.63, 4, 8]},
			"faces": {
				"north": {"uv": [6, 6, 4, 2], "rotation": 90, "texture": "#0"},
				"east": {"uv": [8, 9, 8.5, 6], "rotation": 270, "texture": "#0"},
				"south": {"uv": [8, 11, 11, 8], "rotation": 270, "texture": "#0"},
				"west": {"uv": [8, 11, 8.5, 8], "rotation": 270, "texture": "#0"},
				"up": {"uv": [8, 8.5, 11, 8], "rotation": 270, "texture": "#0"},
				"down": {"uv": [8, 8.5, 11, 8], "rotation": 270, "texture": "#0"}
			}
		},
		{
			"from": [4, 0, 2],
			"to": [10, 1, 2.25],
			"faces": {
				"north": {"uv": [2, 14, 14, 16], "texture": "#0"},
				"east": {"uv": [8, 8, 8.5, 11], "texture": "#0"},
				"south": {"uv": [8, 8, 11, 11], "texture": "#0"},
				"west": {"uv": [8, 6, 8.5, 9], "texture": "#0"},
				"up": {"uv": [8, 8, 11, 8.5], "texture": "#0"},
				"down": {"uv": [8, 8, 11, 8.5], "texture": "#0"}
			}
		},
		{
			"from": [4.49964, -2.68665, 2],
			"to": [5.89964, -1.68665, 2.25],
			"rotation": {"angle": 45, "axis": "z", "origin": [3.99964, 5.31335, 8]},
			"faces": {
				"north": {"uv": [2, 14, 8, 16], "texture": "#0"},
				"east": {"uv": [8, 8, 8.5, 11], "texture": "#0"},
				"south": {"uv": [8, 8, 11, 11], "texture": "#0"},
				"west": {"uv": [8, 6, 8.5, 9], "texture": "#0"},
				"up": {"uv": [8, 8, 11, 8.5], "texture": "#0"},
				"down": {"uv": [8, 8, 11, 8.5], "texture": "#0"}
			}
		},
		{
			"from": [8.10036, -2.68665, 2],
			"to": [9.50036, -1.68665, 2.25],
			"rotation": {"angle": -45, "axis": "z", "origin": [10.00036, 5.31335, 8]},
			"faces": {
				"north": {"uv": [14, 14, 8, 16], "texture": "#0"},
				"east": {"uv": [8, 8, 8.5, 11], "texture": "#0"},
				"south": {"uv": [8, 8, 11, 11], "texture": "#0"},
				"west": {"uv": [8, 6, 8.5, 9], "texture": "#0"},
				"up": {"uv": [8, 8, 11, 8.5], "texture": "#0"},
				"down": {"uv": [8, 8, 11, 8.5], "texture": "#0"}
			}
		},
		{
			"from": [3, 1, 2],
			"to": [11, 5, 2.25],
			"faces": {
				"north": {"uv": [0, 6, 16, 14], "texture": "#0"},
				"east": {"uv": [8, 8, 8.5, 11], "texture": "#0"},
				"south": {"uv": [8, 8, 11, 11], "texture": "#0"},
				"west": {"uv": [8, 6, 8.5, 9], "texture": "#0"},
				"up": {"uv": [8, 8, 11, 8.5], "texture": "#0"},
				"down": {"uv": [8, 8, 11, 8.5], "texture": "#0"}
			}
		},
		{
			"from": [9, 1, 1.99],
			"to": [10, 2, 2],
			"faces": {
				"north": {"uv": [2, 12, 4, 14], "texture": "#0"},
				"east": {"uv": [8, 8, 8.5, 11], "texture": "#0"},
				"south": {"uv": [8, 8, 11, 11], "texture": "#0"},
				"west": {"uv": [8, 6, 8.5, 9], "texture": "#0"},
				"up": {"uv": [8, 8, 11, 8.5], "texture": "#0"},
				"down": {"uv": [8, 8, 11, 8.5], "texture": "#0"}
			}
		},
		{
			"from": [4, 1, 1.99],
			"to": [5, 2, 2],
			"rotation": {"angle": 0, "axis": "y", "origin": [3, 8, 8]},
			"faces": {
				"north": {"uv": [2, 12, 4, 14], "texture": "#0"},
				"east": {"uv": [8, 8, 8.5, 11], "texture": "#0"},
				"south": {"uv": [8, 8, 11, 11], "texture": "#0"},
				"west": {"uv": [8, 6, 8.5, 9], "texture": "#0"},
				"up": {"uv": [8, 8, 11, 8.5], "texture": "#0"},
				"down": {"uv": [8, 8, 11, 8.5], "texture": "#0"}
			}
		},
		{
			"from": [2.7538, 2.11776, 3.89709],
			"to": [2.9038, 4.15776, 4.04709],
			"rotation": {"angle": 22.5, "axis": "x", "origin": [0.2138, -1.56224, 6.89709]},
			"faces": {
				"north": {"uv": [10, 6, 14, 10], "rotation": 90, "texture": "#0"},
				"east": {"uv": [10, 6, 14, 10], "rotation": 270, "texture": "#0"},
				"south": {"uv": [10, 6, 14, 10], "rotation": 90, "texture": "#0"},
				"west": {"uv": [10, 6, 14, 10], "rotation": 90, "texture": "#0"},
				"up": {"uv": [10, 6, 14, 10], "rotation": 180, "texture": "#0"},
				"down": {"uv": [10, 6, 14, 10], "texture": "#0"}
			}
		},
		{
			"from": [1.66887, 4.2215, 3.85111],
			"to": [2.06887, 4.3715, 4.00111],
			"rotation": {"angle": -22.5, "axis": "y", "origin": [-3.26113, 6.9115, 6.85111]},
			"faces": {
				"north": {"uv": [10, 6, 14, 10], "texture": "#0"},
				"east": {"uv": [10, 6, 14, 10], "rotation": 270, "texture": "#0"},
				"south": {"uv": [10, 6, 14, 10], "rotation": 180, "texture": "#0"},
				"west": {"uv": [10, 6, 14, 10], "rotation": 90, "texture": "#0"},
				"up": {"uv": [10, 6, 14, 10], "rotation": 180, "texture": "#0"},
				"down": {"uv": [10, 6, 14, 10], "texture": "#0"}
			}
		},
		{
			"from": [2.38424, 4.2215, 5.95468],
			"to": [2.53424, 4.3715, 6.10468],
			"rotation": {"angle": 0, "axis": "z", "origin": [7.46424, 7.2215, 8.64468]},
			"faces": {
				"north": {"uv": [10, 6, 14, 10], "texture": "#0"},
				"east": {"uv": [10, 6, 14, 10], "texture": "#0"},
				"south": {"uv": [10, 6, 14, 10], "texture": "#0"},
				"west": {"uv": [10, 6, 14, 10], "texture": "#0"},
				"up": {"uv": [10, 6, 14, 10], "texture": "#0"},
				"down": {"uv": [10, 6, 14, 10], "texture": "#0"}
			}
		},
		{
			"from": [2.7538, 4.2215, 6.10775],
			"to": [2.9038, 4.3715, 6.50775],
			"rotation": {"angle": 0, "axis": "z", "origin": [7.8338, 7.2215, 8.79775]},
			"faces": {
				"north": {"uv": [10, 6, 14, 10], "texture": "#0"},
				"east": {"uv": [10, 6, 14, 10], "texture": "#0"},
				"south": {"uv": [10, 6, 14, 10], "texture": "#0"},
				"west": {"uv": [10, 6, 14, 10], "texture": "#0"},
				"up": {"uv": [10, 6, 14, 10], "texture": "#0"},
				"down": {"uv": [10, 6, 14, 10], "texture": "#0"}
			}
		},
		{
			"from": [2.7538, 4.82328, 6.3156],
			"to": [2.9038, 4.87328, 6.4356],
			"rotation": {"angle": 0, "axis": "z", "origin": [7.73852, 7.82328, 8.94887]},
			"faces": {
				"north": {"uv": [10, 6, 14, 10], "texture": "#0"},
				"east": {"uv": [10, 6, 14, 10], "texture": "#0"},
				"south": {"uv": [10, 6, 14, 10], "texture": "#0"},
				"west": {"uv": [10, 6, 14, 10], "texture": "#0"},
				"up": {"uv": [10, 6, 14, 10], "texture": "#0"},
				"down": {"uv": [10, 6, 14, 10], "texture": "#0"}
			}
		},
		{
			"from": [2.38424, 4.72328, 5.10541],
			"to": [2.53424, 4.87328, 5.25541],
			"rotation": {"angle": 0, "axis": "z", "origin": [7.46424, 7.72328, 7.79541]},
			"faces": {
				"north": {"uv": [10, 6, 14, 10], "texture": "#0"},
				"east": {"uv": [10, 6, 14, 10], "texture": "#0"},
				"south": {"uv": [10, 6, 14, 10], "texture": "#0"},
				"west": {"uv": [10, 6, 14, 10], "texture": "#0"},
				"up": {"uv": [10, 6, 14, 10], "texture": "#0"},
				"down": {"uv": [10, 6, 14, 10], "texture": "#0"}
			}
		},
		{
			"from": [2.38424, 1.89278, 4.75741],
			"to": [2.53424, 2.04278, 5.40741],
			"rotation": {"angle": -22.5, "axis": "x", "origin": [-0.46576, 4.58278, -0.17259]},
			"faces": {
				"north": {"uv": [10, 6, 14, 10], "rotation": 90, "texture": "#0"},
				"east": {"uv": [10, 6, 14, 10], "texture": "#0"},
				"south": {"uv": [10, 6, 14, 10], "rotation": 270, "texture": "#0"},
				"west": {"uv": [10, 6, 14, 10], "rotation": 180, "texture": "#0"},
				"up": {"uv": [10, 6, 14, 10], "rotation": 270, "texture": "#0"},
				"down": {"uv": [10, 6, 14, 10], "rotation": 270, "texture": "#0"}
			}
		},
		{
			"from": [2.38424, 4.72743, 3.01402],
			"to": [2.53424, 5.37743, 3.16402],
			"rotation": {"angle": -22.5, "axis": "x", "origin": [-0.46576, 10.30743, 5.70402]},
			"faces": {
				"north": {"uv": [10, 6, 14, 10], "rotation": 90, "texture": "#0"},
				"east": {"uv": [10, 6, 14, 10], "rotation": 270, "texture": "#0"},
				"south": {"uv": [10, 6, 14, 10], "rotation": 270, "texture": "#0"},
				"west": {"uv": [10, 6, 14, 10], "rotation": 270, "texture": "#0"},
				"up": {"uv": [10, 6, 14, 10], "rotation": 270, "texture": "#0"},
				"down": {"uv": [10, 6, 14, 10], "rotation": 270, "texture": "#0"}
			}
		},
		{
			"from": [2.38424, 4.72328, 5.10541],
			"to": [2.53424, 4.87328, 5.25541],
			"rotation": {"angle": 0, "axis": "z", "origin": [7.46424, 7.72328, 7.79541]},
			"faces": {
				"north": {"uv": [10, 6, 14, 10], "texture": "#0"},
				"east": {"uv": [10, 6, 14, 10], "texture": "#0"},
				"south": {"uv": [10, 6, 14, 10], "texture": "#0"},
				"west": {"uv": [10, 6, 14, 10], "texture": "#0"},
				"up": {"uv": [10, 6, 14, 10], "texture": "#0"},
				"down": {"uv": [10, 6, 14, 10], "texture": "#0"}
			}
		},
		{
			"from": [3.03839, 4.72328, 3.01402],
			"to": [3.18839, 4.87328, 4.38402],
			"rotation": {"angle": 22.5, "axis": "y", "origin": [8.11839, 7.72328, 5.70402]},
			"faces": {
				"north": {"uv": [10, 6, 14, 10], "texture": "#0"},
				"east": {"uv": [10, 6, 14, 10], "texture": "#0"},
				"south": {"uv": [10, 6, 14, 10], "texture": "#0"},
				"west": {"uv": [10, 6, 14, 10], "texture": "#0"},
				"up": {"uv": [10, 6, 14, 10], "texture": "#0"},
				"down": {"uv": [10, 6, 14, 10], "texture": "#0"}
			}
		},
		{
			"from": [1.66887, 4.2215, 8.74889],
			"to": [2.06887, 4.3715, 8.89889],
			"rotation": {"angle": 22.5, "axis": "y", "origin": [-3.26113, 6.9115, 5.89889]},
			"faces": {
				"north": {"uv": [14, 6, 10, 10], "rotation": 180, "texture": "#0"},
				"east": {"uv": [10, 10, 14, 6], "rotation": 270, "texture": "#0"},
				"south": {"uv": [14, 6, 10, 10], "texture": "#0"},
				"west": {"uv": [10, 10, 14, 6], "rotation": 90, "texture": "#0"},
				"up": {"uv": [10, 10, 14, 6], "rotation": 180, "texture": "#0"},
				"down": {"uv": [10, 10, 14, 6], "texture": "#0"}
			}
		},
		{
			"from": [2.7538, 4.2215, 6.49225],
			"to": [2.9038, 4.3715, 6.64225],
			"rotation": {"angle": 0, "axis": "z", "origin": [7.8338, 7.2215, 3.95225]},
			"faces": {
				"north": {"uv": [14, 6, 10, 10], "texture": "#0"},
				"east": {"uv": [14, 6, 10, 10], "texture": "#0"},
				"south": {"uv": [14, 6, 10, 10], "texture": "#0"},
				"west": {"uv": [14, 6, 10, 10], "texture": "#0"},
				"up": {"uv": [10, 10, 14, 6], "texture": "#0"},
				"down": {"uv": [10, 10, 14, 6], "texture": "#0"}
			}
		},
		{
			"from": [2.7538, 2.11776, 8.70291],
			"to": [2.9038, 4.15776, 8.85291],
			"rotation": {"angle": -22.5, "axis": "x", "origin": [0.2138, -1.56224, 5.85291]},
			"faces": {
				"north": {"uv": [10, 10, 14, 6], "rotation": 90, "texture": "#0"},
				"east": {"uv": [10, 10, 14, 6], "rotation": 270, "texture": "#0"},
				"south": {"uv": [10, 10, 14, 6], "rotation": 90, "texture": "#0"},
				"west": {"uv": [10, 10, 14, 6], "rotation": 90, "texture": "#0"},
				"up": {"uv": [10, 10, 14, 6], "rotation": 180, "texture": "#0"},
				"down": {"uv": [10, 10, 14, 6], "texture": "#0"}
			}
		},
		{
			"from": [2.38424, 4.2215, 6.64532],
			"to": [2.53424, 4.3715, 6.79532],
			"rotation": {"angle": 0, "axis": "z", "origin": [7.46424, 7.2215, 4.10532]},
			"faces": {
				"north": {"uv": [14, 6, 10, 10], "texture": "#0"},
				"east": {"uv": [14, 6, 10, 10], "texture": "#0"},
				"south": {"uv": [14, 6, 10, 10], "texture": "#0"},
				"west": {"uv": [14, 6, 10, 10], "texture": "#0"},
				"up": {"uv": [10, 10, 14, 6], "texture": "#0"},
				"down": {"uv": [10, 10, 14, 6], "texture": "#0"}
			}
		},
		{
			"from": [2.38424, 1.89278, 7.34259],
			"to": [2.53424, 2.04278, 7.99259],
			"rotation": {"angle": 22.5, "axis": "x", "origin": [-0.46576, 4.58278, 12.92259]},
			"faces": {
				"north": {"uv": [10, 10, 14, 6], "rotation": 270, "texture": "#0"},
				"east": {"uv": [14, 6, 10, 10], "texture": "#0"},
				"south": {"uv": [10, 10, 14, 6], "rotation": 90, "texture": "#0"},
				"west": {"uv": [14, 6, 10, 10], "rotation": 180, "texture": "#0"},
				"up": {"uv": [14, 6, 10, 10], "rotation": 270, "texture": "#0"},
				"down": {"uv": [14, 6, 10, 10], "rotation": 270, "texture": "#0"}
			}
		},
		{
			"from": [2.38424, 4.72743, 9.58598],
			"to": [2.53424, 5.37743, 9.73598],
			"rotation": {"angle": 22.5, "axis": "x", "origin": [-0.46576, 10.30743, 7.04598]},
			"faces": {
				"north": {"uv": [10, 10, 14, 6], "rotation": 270, "texture": "#0"},
				"east": {"uv": [10, 10, 14, 6], "rotation": 270, "texture": "#0"},
				"south": {"uv": [10, 10, 14, 6], "rotation": 90, "texture": "#0"},
				"west": {"uv": [10, 10, 14, 6], "rotation": 270, "texture": "#0"},
				"up": {"uv": [14, 6, 10, 10], "rotation": 270, "texture": "#0"},
				"down": {"uv": [14, 6, 10, 10], "rotation": 270, "texture": "#0"}
			}
		},
		{
			"from": [2.38424, 4.72328, 7.49459],
			"to": [2.53424, 4.87328, 7.64459],
			"rotation": {"angle": 0, "axis": "z", "origin": [7.46424, 7.72328, 4.95459]},
			"faces": {
				"north": {"uv": [14, 6, 10, 10], "texture": "#0"},
				"east": {"uv": [14, 6, 10, 10], "texture": "#0"},
				"south": {"uv": [14, 6, 10, 10], "texture": "#0"},
				"west": {"uv": [14, 6, 10, 10], "texture": "#0"},
				"up": {"uv": [10, 10, 14, 6], "texture": "#0"},
				"down": {"uv": [10, 10, 14, 6], "texture": "#0"}
			}
		},
		{
			"from": [3.02691, 4.72328, 8.3637],
			"to": [3.17691, 4.87328, 9.7337],
			"rotation": {"angle": -22.5, "axis": "y", "origin": [8.10691, 7.72328, 7.0737]},
			"faces": {
				"north": {"uv": [14, 6, 10, 10], "texture": "#0"},
				"east": {"uv": [14, 6, 10, 10], "texture": "#0"},
				"south": {"uv": [14, 6, 10, 10], "texture": "#0"},
				"west": {"uv": [14, 6, 10, 10], "texture": "#0"},
				"up": {"uv": [10, 10, 14, 6], "texture": "#0"},
				"down": {"uv": [10, 10, 14, 6], "texture": "#0"}
			}
		},
		{
			"from": [2.92, 5, 0.56],
			"to": [3.07, 5.15, 5.21],
			"rotation": {"angle": -22.5, "axis": "x", "origin": [8, 8, 6.5]},
			"faces": {
				"north": {"uv": [10, 6, 14, 10], "texture": "#0"},
				"east": {"uv": [10, 6, 14, 10], "texture": "#0"},
				"south": {"uv": [10, 6, 14, 10], "texture": "#0"},
				"west": {"uv": [10, 6, 14, 10], "texture": "#0"},
				"up": {"uv": [10, 6, 14, 10], "texture": "#0"},
				"down": {"uv": [10, 6, 14, 10], "texture": "#0"}
			}
		},
		{
			"from": [2.92, 2.2332, 7.03734],
			"to": [3.07, 2.3832, 11.43734],
			"rotation": {"angle": 22.5, "axis": "x", "origin": [8, 5.2332, 12.97734]},
			"faces": {
				"north": {"uv": [10, 6, 14, 10], "texture": "#0"},
				"east": {"uv": [10, 6, 14, 10], "texture": "#0"},
				"south": {"uv": [10, 6, 14, 10], "texture": "#0"},
				"west": {"uv": [10, 6, 14, 10], "texture": "#0"},
				"up": {"uv": [10, 6, 14, 10], "texture": "#0"},
				"down": {"uv": [10, 6, 14, 10], "texture": "#0"}
			}
		},
		{
			"from": [11.0962, 2.11776, 3.89709],
			"to": [11.2462, 4.15776, 4.04709],
			"rotation": {"angle": 22.5, "axis": "x", "origin": [13.7862, -1.56224, 6.89709]},
			"faces": {
				"north": {"uv": [10, 10, 14, 6], "rotation": 90, "texture": "#0"},
				"east": {"uv": [10, 10, 14, 6], "rotation": 90, "texture": "#0"},
				"south": {"uv": [10, 10, 14, 6], "rotation": 90, "texture": "#0"},
				"west": {"uv": [10, 10, 14, 6], "rotation": 270, "texture": "#0"},
				"up": {"uv": [14, 6, 10, 10], "rotation": 180, "texture": "#0"},
				"down": {"uv": [14, 6, 10, 10], "texture": "#0"}
			}
		},
		{
			"from": [11.93113, 4.2215, 3.85111],
			"to": [12.33113, 4.3715, 4.00111],
			"rotation": {"angle": 22.5, "axis": "y", "origin": [17.26113, 6.9115, 6.85111]},
			"faces": {
				"north": {"uv": [14, 6, 10, 10], "texture": "#0"},
				"east": {"uv": [10, 10, 14, 6], "rotation": 90, "texture": "#0"},
				"south": {"uv": [14, 6, 10, 10], "rotation": 180, "texture": "#0"},
				"west": {"uv": [10, 10, 14, 6], "rotation": 270, "texture": "#0"},
				"up": {"uv": [14, 6, 10, 10], "rotation": 180, "texture": "#0"},
				"down": {"uv": [14, 6, 10, 10], "texture": "#0"}
			}
		},
		{
			"from": [11.46576, 4.2215, 5.95468],
			"to": [11.61576, 4.3715, 6.10468],
			"rotation": {"angle": 0, "axis": "z", "origin": [6.53576, 7.2215, 8.64468]},
			"faces": {
				"north": {"uv": [14, 6, 10, 10], "texture": "#0"},
				"east": {"uv": [14, 6, 10, 10], "texture": "#0"},
				"south": {"uv": [14, 6, 10, 10], "texture": "#0"},
				"west": {"uv": [14, 6, 10, 10], "texture": "#0"},
				"up": {"uv": [14, 6, 10, 10], "texture": "#0"},
				"down": {"uv": [14, 6, 10, 10], "texture": "#0"}
			}
		},
		{
			"from": [11.0962, 4.2215, 6.10775],
			"to": [11.2462, 4.3715, 6.50775],
			"rotation": {"angle": 0, "axis": "z", "origin": [6.1662, 7.2215, 8.79775]},
			"faces": {
				"north": {"uv": [14, 6, 10, 10], "texture": "#0"},
				"east": {"uv": [14, 6, 10, 10], "texture": "#0"},
				"south": {"uv": [14, 6, 10, 10], "texture": "#0"},
				"west": {"uv": [14, 6, 10, 10], "texture": "#0"},
				"up": {"uv": [14, 6, 10, 10], "texture": "#0"},
				"down": {"uv": [14, 6, 10, 10], "texture": "#0"}
			}
		},
		{
			"from": [11.0962, 4.82328, 6.3156],
			"to": [11.2462, 4.87328, 6.4356],
			"rotation": {"angle": 0, "axis": "z", "origin": [6.26148, 7.82328, 8.94887]},
			"faces": {
				"north": {"uv": [14, 6, 10, 10], "texture": "#0"},
				"east": {"uv": [14, 6, 10, 10], "texture": "#0"},
				"south": {"uv": [14, 6, 10, 10], "texture": "#0"},
				"west": {"uv": [14, 6, 10, 10], "texture": "#0"},
				"up": {"uv": [14, 6, 10, 10], "texture": "#0"},
				"down": {"uv": [14, 6, 10, 10], "texture": "#0"}
			}
		},
		{
			"from": [11.46576, 4.72328, 5.10541],
			"to": [11.61576, 4.87328, 5.25541],
			"rotation": {"angle": 0, "axis": "z", "origin": [6.53576, 7.72328, 7.79541]},
			"faces": {
				"north": {"uv": [14, 6, 10, 10], "texture": "#0"},
				"east": {"uv": [14, 6, 10, 10], "texture": "#0"},
				"south": {"uv": [14, 6, 10, 10], "texture": "#0"},
				"west": {"uv": [14, 6, 10, 10], "texture": "#0"},
				"up": {"uv": [14, 6, 10, 10], "texture": "#0"},
				"down": {"uv": [14, 6, 10, 10], "texture": "#0"}
			}
		},
		{
			"from": [11.46576, 1.89278, 4.75741],
			"to": [11.61576, 2.04278, 5.40741],
			"rotation": {"angle": -22.5, "axis": "x", "origin": [14.46576, 4.58278, -0.17259]},
			"faces": {
				"north": {"uv": [10, 10, 14, 6], "rotation": 90, "texture": "#0"},
				"east": {"uv": [14, 6, 10, 10], "rotation": 180, "texture": "#0"},
				"south": {"uv": [10, 10, 14, 6], "rotation": 270, "texture": "#0"},
				"west": {"uv": [14, 6, 10, 10], "texture": "#0"},
				"up": {"uv": [10, 10, 14, 6], "rotation": 270, "texture": "#0"},
				"down": {"uv": [10, 10, 14, 6], "rotation": 270, "texture": "#0"}
			}
		},
		{
			"from": [11.46576, 4.72743, 3.01402],
			"to": [11.61576, 5.37743, 3.16402],
			"rotation": {"angle": -22.5, "axis": "x", "origin": [14.46576, 10.30743, 5.70402]},
			"faces": {
				"north": {"uv": [10, 10, 14, 6], "rotation": 90, "texture": "#0"},
				"east": {"uv": [10, 10, 14, 6], "rotation": 270, "texture": "#0"},
				"south": {"uv": [10, 10, 14, 6], "rotation": 270, "texture": "#0"},
				"west": {"uv": [10, 10, 14, 6], "rotation": 270, "texture": "#0"},
				"up": {"uv": [10, 10, 14, 6], "rotation": 270, "texture": "#0"},
				"down": {"uv": [10, 10, 14, 6], "rotation": 270, "texture": "#0"}
			}
		},
		{
			"from": [11.46576, 4.72328, 5.10541],
			"to": [11.61576, 4.87328, 5.25541],
			"rotation": {"angle": 0, "axis": "z", "origin": [6.53576, 7.72328, 7.79541]},
			"faces": {
				"north": {"uv": [14, 6, 10, 10], "texture": "#0"},
				"east": {"uv": [14, 6, 10, 10], "texture": "#0"},
				"south": {"uv": [14, 6, 10, 10], "texture": "#0"},
				"west": {"uv": [14, 6, 10, 10], "texture": "#0"},
				"up": {"uv": [14, 6, 10, 10], "texture": "#0"},
				"down": {"uv": [14, 6, 10, 10], "texture": "#0"}
			}
		},
		{
			"from": [10.81161, 4.72328, 3.01402],
			"to": [10.96161, 4.87328, 4.38402],
			"rotation": {"angle": -22.5, "axis": "y", "origin": [5.88161, 7.72328, 5.70402]},
			"faces": {
				"north": {"uv": [14, 6, 10, 10], "texture": "#0"},
				"east": {"uv": [14, 6, 10, 10], "texture": "#0"},
				"south": {"uv": [14, 6, 10, 10], "texture": "#0"},
				"west": {"uv": [14, 6, 10, 10], "texture": "#0"},
				"up": {"uv": [14, 6, 10, 10], "texture": "#0"},
				"down": {"uv": [14, 6, 10, 10], "texture": "#0"}
			}
		},
		{
			"from": [11.93113, 4.2215, 8.74889],
			"to": [12.33113, 4.3715, 8.89889],
			"rotation": {"angle": -22.5, "axis": "y", "origin": [17.26113, 6.9115, 5.89889]},
			"faces": {
				"north": {"uv": [10, 6, 14, 10], "rotation": 180, "texture": "#0"},
				"east": {"uv": [10, 6, 14, 10], "rotation": 90, "texture": "#0"},
				"south": {"uv": [10, 6, 14, 10], "texture": "#0"},
				"west": {"uv": [10, 6, 14, 10], "rotation": 270, "texture": "#0"},
				"up": {"uv": [14, 10, 10, 6], "rotation": 180, "texture": "#0"},
				"down": {"uv": [14, 10, 10, 6], "texture": "#0"}
			}
		},
		{
			"from": [11.0962, 4.2215, 6.49225],
			"to": [11.2462, 4.3715, 6.64225],
			"rotation": {"angle": 0, "axis": "z", "origin": [6.1662, 7.2215, 3.95225]},
			"faces": {
				"north": {"uv": [10, 6, 14, 10], "texture": "#0"},
				"east": {"uv": [10, 6, 14, 10], "texture": "#0"},
				"south": {"uv": [10, 6, 14, 10], "texture": "#0"},
				"west": {"uv": [10, 6, 14, 10], "texture": "#0"},
				"up": {"uv": [14, 10, 10, 6], "texture": "#0"},
				"down": {"uv": [14, 10, 10, 6], "texture": "#0"}
			}
		},
		{
			"from": [11.0962, 2.11776, 8.70291],
			"to": [11.2462, 4.15776, 8.85291],
			"rotation": {"angle": -22.5, "axis": "x", "origin": [13.7862, -1.56224, 5.85291]},
			"faces": {
				"north": {"uv": [10, 6, 14, 10], "rotation": 90, "texture": "#0"},
				"east": {"uv": [10, 6, 14, 10], "rotation": 90, "texture": "#0"},
				"south": {"uv": [10, 6, 14, 10], "rotation": 90, "texture": "#0"},
				"west": {"uv": [10, 6, 14, 10], "rotation": 270, "texture": "#0"},
				"up": {"uv": [14, 10, 10, 6], "rotation": 180, "texture": "#0"},
				"down": {"uv": [14, 10, 10, 6], "texture": "#0"}
			}
		},
		{
			"from": [11.46576, 4.2215, 6.64532],
			"to": [11.61576, 4.3715, 6.79532],
			"rotation": {"angle": 0, "axis": "z", "origin": [6.53576, 7.2215, 4.10532]},
			"faces": {
				"north": {"uv": [10, 6, 14, 10], "texture": "#0"},
				"east": {"uv": [10, 6, 14, 10], "texture": "#0"},
				"south": {"uv": [10, 6, 14, 10], "texture": "#0"},
				"west": {"uv": [10, 6, 14, 10], "texture": "#0"},
				"up": {"uv": [14, 10, 10, 6], "texture": "#0"},
				"down": {"uv": [14, 10, 10, 6], "texture": "#0"}
			}
		},
		{
			"from": [11.46576, 1.89278, 7.34259],
			"to": [11.61576, 2.04278, 7.99259],
			"rotation": {"angle": 22.5, "axis": "x", "origin": [14.46576, 4.58278, 12.92259]},
			"faces": {
				"north": {"uv": [10, 6, 14, 10], "rotation": 270, "texture": "#0"},
				"east": {"uv": [10, 6, 14, 10], "rotation": 180, "texture": "#0"},
				"south": {"uv": [10, 6, 14, 10], "rotation": 90, "texture": "#0"},
				"west": {"uv": [10, 6, 14, 10], "texture": "#0"},
				"up": {"uv": [14, 10, 10, 6], "rotation": 270, "texture": "#0"},
				"down": {"uv": [14, 10, 10, 6], "rotation": 270, "texture": "#0"}
			}
		},
		{
			"from": [11.46576, 4.72743, 9.58598],
			"to": [11.61576, 5.37743, 9.73598],
			"rotation": {"angle": 22.5, "axis": "x", "origin": [14.46576, 10.30743, 7.04598]},
			"faces": {
				"north": {"uv": [10, 6, 14, 10], "rotation": 270, "texture": "#0"},
				"east": {"uv": [10, 6, 14, 10], "rotation": 270, "texture": "#0"},
				"south": {"uv": [10, 6, 14, 10], "rotation": 90, "texture": "#0"},
				"west": {"uv": [10, 6, 14, 10], "rotation": 270, "texture": "#0"},
				"up": {"uv": [14, 10, 10, 6], "rotation": 270, "texture": "#0"},
				"down": {"uv": [14, 10, 10, 6], "rotation": 270, "texture": "#0"}
			}
		},
		{
			"from": [11.46576, 4.72328, 7.49459],
			"to": [11.61576, 4.87328, 7.64459],
			"rotation": {"angle": 0, "axis": "z", "origin": [6.53576, 7.72328, 4.95459]},
			"faces": {
				"north": {"uv": [10, 6, 14, 10], "texture": "#0"},
				"east": {"uv": [10, 6, 14, 10], "texture": "#0"},
				"south": {"uv": [10, 6, 14, 10], "texture": "#0"},
				"west": {"uv": [10, 6, 14, 10], "texture": "#0"},
				"up": {"uv": [14, 10, 10, 6], "texture": "#0"},
				"down": {"uv": [14, 10, 10, 6], "texture": "#0"}
			}
		},
		{
			"from": [10.82309, 4.72328, 8.3637],
			"to": [10.97309, 4.87328, 9.7337],
			"rotation": {"angle": 22.5, "axis": "y", "origin": [5.89309, 7.72328, 7.0737]},
			"faces": {
				"north": {"uv": [10, 6, 14, 10], "texture": "#0"},
				"east": {"uv": [10, 6, 14, 10], "texture": "#0"},
				"south": {"uv": [10, 6, 14, 10], "texture": "#0"},
				"west": {"uv": [10, 6, 14, 10], "texture": "#0"},
				"up": {"uv": [14, 10, 10, 6], "texture": "#0"},
				"down": {"uv": [14, 10, 10, 6], "texture": "#0"}
			}
		},
		{
			"from": [10.93, 5, 0.56],
			"to": [11.08, 5.15, 5.21],
			"rotation": {"angle": -22.5, "axis": "x", "origin": [6, 8, 6.5]},
			"faces": {
				"north": {"uv": [14, 6, 10, 10], "texture": "#0"},
				"east": {"uv": [14, 6, 10, 10], "texture": "#0"},
				"south": {"uv": [14, 6, 10, 10], "texture": "#0"},
				"west": {"uv": [14, 6, 10, 10], "texture": "#0"},
				"up": {"uv": [14, 6, 10, 10], "texture": "#0"},
				"down": {"uv": [14, 6, 10, 10], "texture": "#0"}
			}
		},
		{
			"from": [10.93, 2.2332, 7.03734],
			"to": [11.08, 2.3832, 11.43734],
			"rotation": {"angle": 22.5, "axis": "x", "origin": [6, 5.2332, 12.97734]},
			"faces": {
				"north": {"uv": [14, 6, 10, 10], "texture": "#0"},
				"east": {"uv": [14, 6, 10, 10], "texture": "#0"},
				"south": {"uv": [14, 6, 10, 10], "texture": "#0"},
				"west": {"uv": [14, 6, 10, 10], "texture": "#0"},
				"up": {"uv": [14, 6, 10, 10], "texture": "#0"},
				"down": {"uv": [14, 6, 10, 10], "texture": "#0"}
			}
		},
		{
			"from": [2.92, 3.05089, 10.40651],
			"to": [11.07, 3.20089, 10.55651],
			"rotation": {"angle": 0, "axis": "y", "origin": [8.86, 6.05089, 15.48651]},
			"faces": {
				"north": {"uv": [14, 6, 10, 10], "texture": "#0"},
				"east": {"uv": [14, 6, 10, 10], "texture": "#0"},
				"south": {"uv": [14, 6, 10, 10], "texture": "#0"},
				"west": {"uv": [14, 6, 10, 10], "texture": "#0"},
				"up": {"uv": [14, 6, 10, 10], "rotation": 270, "texture": "#0"},
				"down": {"uv": [14, 6, 10, 10], "rotation": 90, "texture": "#0"}
			}
		}
	],
	"display": {
		"thirdperson_righthand": {
			"rotation": [1, 2, 0],
			"translation": [0.5, 1, -1.75],
			"scale": [0.62, 0.62, 0.62]
		},
		"thirdperson_lefthand": {
			"rotation": [1, 2, 0],
			"translation": [-0.5, 1, -1.75],
			"scale": [0.62, 0.62, 0.62]
		},
		"firstperson_righthand": {
			"rotation": [0, -180, 0],
			"translation": [5.5, 0.25, -15]
		},
		"firstperson_lefthand": {
			"rotation": [0, -180, 0],
			"translation": [5.5, 0.25, -15]
		},
		"gui": {
			"rotation": [0, -180, 0],
			"translation": [-1.25, 3.75, 0]
		},
		"head": {
			"rotation": [0, -1, 0],
			"translation": [1.75, 8, 3.5],
			"scale": [1.8, 1.8, 1.8]
		},
		"fixed": {
			"translation": [1.25, 5.75, 8.75],
			"scale": [1.49, 1.49, 1.49]
		}
	},
	"groups": [
		{
			"name": "group",
			"origin": [-0.23934, 8.58327, 8],
			"children": [0, 1, 2, 3, 4, 5, 6, 7]
		},
		{
			"name": "group",
			"origin": [-0.23934, 8.58327, 8],
			"children": [8, 9, 10, 11, 12, 13]
		},
		{
			"name": "group",
			"origin": [3, 8, 8],
			"children": [14, 15, 16, 17, 18, 19]
		},
		{
			"name": "group",
			"origin": [8.11839, 7.72328, 5.70402],
			"children": [
				{
					"name": "group",
					"origin": [8.11839, 7.72328, 5.70402],
					"children": [
						{
							"name": "group",
							"origin": [8.11839, 7.72328, 5.70402],
							"children": [20, 21, 22, 23, 24, 25, 26, 27, 28, 29]
						},
						{
							"name": "group",
							"origin": [8.11839, 7.72328, 5.70402],
							"children": [30, 31, 32, 33, 34, 35, 36, 37]
						}
					]
				}, 38, 39]
		},
		{
			"name": "group",
			"origin": [8.11839, 7.72328, 5.70402],
			"children": [
				{
					"name": "group",
					"origin": [8.11839, 7.72328, 5.70402],
					"children": [
						{
							"name": "group",
							"origin": [8.11839, 7.72328, 5.70402],
							"children": [40, 41, 42, 43, 44, 45, 46, 47, 48, 49]
						},
						{
							"name": "group",
							"origin": [8.11839, 7.72328, 5.70402],
							"children": [50, 51, 52, 53, 54, 55, 56, 57]
						}
					]
				}, 58, 59]
		}, 60]
}