{
	"credit": "Made with Blockbench",
	"textures": {
		"0": "items/poi/sickle",
		"particle": "items/poi/sickle"
	},
	"elements": [
		{
			"from": [2, -16, 15],
			"to": [4, 12, 17],
			"rotation": {"angle": 0, "axis": "y", "origin": [10, 8, 24]},
			"faces": {
				"north": {"uv": [14, 0, 16, 16], "texture": "#0"},
				"east": {"uv": [14, 0, 16, 16], "texture": "#0"},
				"south": {"uv": [14, 0, 16, 16], "texture": "#0"},
				"west": {"uv": [14, 0, 16, 16], "texture": "#0"},
				"up": {"uv": [14, 0, 16, 2], "texture": "#0"},
				"down": {"uv": [14, 0, 16, 2], "texture": "#0"}
			}
		},
		{
			"from": [2.25, 12, 15.25],
			"to": [3.75, 13, 16.75],
			"rotation": {"angle": 0, "axis": "y", "origin": [10, 11, 24]},
			"faces": {
				"north": {"uv": [14.25, 0, 15.75, 1], "texture": "#0"},
				"east": {"uv": [14.25, 0, 15.75, 1], "texture": "#0"},
				"south": {"uv": [14.25, 0, 15.75, 1], "texture": "#0"},
				"west": {"uv": [14.25, 0, 15.75, 1], "texture": "#0"},
				"up": {"uv": [14.25, 0, 15.75, 1], "texture": "#0"},
				"down": {"uv": [14.25, 0, 15.75, 1], "texture": "#0"}
			}
		},
		{
			"from": [2.25, 17, 15.25],
			"to": [3.75, 22, 16.75],
			"rotation": {"angle": 0, "axis": "y", "origin": [10, 16, 24]},
			"faces": {
				"north": {"uv": [14.25, 0, 15.75, 5], "texture": "#0"},
				"east": {"uv": [14.25, 0, 15.75, 5], "texture": "#0"},
				"south": {"uv": [14.25, 0, 15.75, 5], "texture": "#0"},
				"west": {"uv": [14.25, 0, 15.75, 5], "texture": "#0"},
				"up": {"uv": [14.25, 0, 15.75, 1.5], "texture": "#0"},
				"down": {"uv": [14.25, 0, 15.75, 5], "texture": "#0"}
			}
		},
		{
			"from": [1.5, 13, 14.5],
			"to": [4.5, 17, 17.5],
			"rotation": {"angle": 0, "axis": "y", "origin": [10, 12, 24]},
			"faces": {
				"north": {"uv": [11, 0, 14, 4], "texture": "#0"},
				"east": {"uv": [11, 0, 14, 4], "texture": "#0"},
				"south": {"uv": [11, 0, 14, 4], "texture": "#0"},
				"west": {"uv": [11, 0, 14, 4], "texture": "#0"},
				"up": {"uv": [11, 0, 14, 4], "texture": "#0"},
				"down": {"uv": [11, 0, 14, 4], "texture": "#0"}
			}
		},
		{
			"from": [2.25, 15, 17.5],
			"to": [3.75, 16.5, 18.5],
			"rotation": {"angle": 0, "axis": "y", "origin": [10, 7.75, 16.5]},
			"faces": {
				"north": {"uv": [14, 10, 16, 11], "texture": "#0"},
				"east": {"uv": [14, 10, 16, 11], "texture": "#0"},
				"south": {"uv": [14, 10, 16, 11], "texture": "#0"},
				"west": {"uv": [14, 10, 16, 11], "rotation": 90, "texture": "#0"},
				"up": {"uv": [14, 10, 16, 11], "texture": "#0"},
				"down": {"uv": [14, 10, 16, 11], "texture": "#0"}
			}
		},
		{
			"from": [3, 17.5, 20.5],
			"to": [3.1, 18.5, 21.5],
			"rotation": {"angle": 0, "axis": "y", "origin": [10, 10, 19.5]},
			"faces": {
				"north": {"uv": [0, 15, 3, 16], "texture": "#0"},
				"east": {"uv": [0, 15, 3, 16], "texture": "#0"},
				"south": {"uv": [0, 15, 3, 16], "texture": "#0"},
				"west": {"uv": [0, 15, 3, 16], "texture": "#0"},
				"up": {"uv": [0, 15, 3, 16], "texture": "#0"},
				"down": {"uv": [0, 15, 3, 16], "texture": "#0"}
			}
		},
		{
			"from": [3, 14, 19.75],
			"to": [3.1, 17.75, 22],
			"rotation": {"angle": 0, "axis": "y", "origin": [10, 6, 19.5]},
			"faces": {
				"north": {"uv": [1, 15, 3, 16], "texture": "#0"},
				"east": {"uv": [1, 15, 3, 16], "texture": "#0"},
				"south": {"uv": [1, 15, 3, 16], "texture": "#0"},
				"west": {"uv": [1, 15, 3, 16], "texture": "#0"},
				"up": {"uv": [1, 15, 3, 16], "texture": "#0"},
				"down": {"uv": [1, 15, 3, 16], "texture": "#0"}
			}
		},
		{
			"from": [3, 15.5, 20.5],
			"to": [3.1, 17.25, 24.5],
			"rotation": {"angle": 0, "axis": "y", "origin": [10, 6, 19.5]},
			"faces": {
				"north": {"uv": [1, 15, 3, 16], "texture": "#0"},
				"east": {"uv": [1, 15, 3, 16], "texture": "#0"},
				"south": {"uv": [1, 15, 3, 16], "texture": "#0"},
				"west": {"uv": [1, 15, 3, 16], "texture": "#0"},
				"up": {"uv": [1, 15, 3, 16], "texture": "#0"},
				"down": {"uv": [1, 15, 3, 16], "texture": "#0"}
			}
		},
		{
			"from": [3, 15.5, 18.5],
			"to": [3.1, 16.5, 19.5],
			"rotation": {"angle": 0, "axis": "y", "origin": [10, 8, 17.5]},
			"faces": {
				"north": {"uv": [0, 15, 3, 16], "texture": "#0"},
				"east": {"uv": [0, 15, 3, 16], "rotation": 180, "texture": "#0"},
				"south": {"uv": [0, 15, 3, 16], "texture": "#0"},
				"west": {"uv": [0, 15, 3, 16], "texture": "#0"},
				"up": {"uv": [0, 15, 3, 16], "texture": "#0"},
				"down": {"uv": [0, 15, 3, 16], "texture": "#0"}
			}
		},
		{
			"from": [2.99, 17.28249, 24.8033],
			"to": [3.11, 18.28249, 28.0533],
			"rotation": {"angle": -45, "axis": "x", "origin": [10, 9.78249, 23.8033]},
			"faces": {
				"north": {"uv": [0, 15, 3, 16], "rotation": 90, "texture": "#0"},
				"east": {"uv": [0, 15, 3, 16], "rotation": 90, "texture": "#0"},
				"south": {"uv": [0, 15, 3, 16], "rotation": 90, "texture": "#0"},
				"west": {"uv": [0, 15, 3, 16], "rotation": 90, "texture": "#0"},
				"up": {"uv": [0, 15, 3, 16], "rotation": 90, "texture": "#0"},
				"down": {"uv": [0, 15, 3, 16], "rotation": 90, "texture": "#0"}
			}
		},
		{
			"from": [2.98, 18.40381, 13.48959],
			"to": [3.12, 19.90381, 14.98959],
			"rotation": {"angle": 45, "axis": "x", "origin": [10, 10.90381, 12.48959]},
			"faces": {
				"north": {"uv": [0, 15, 3, 16], "rotation": 270, "texture": "#0"},
				"east": {"uv": [0, 15, 3, 16], "rotation": 270, "texture": "#0"},
				"south": {"uv": [0, 15, 3, 16], "rotation": 270, "texture": "#0"},
				"west": {"uv": [0, 15, 3, 16], "rotation": 270, "texture": "#0"},
				"up": {"uv": [0, 15, 3, 16], "rotation": 270, "texture": "#0"},
				"down": {"uv": [10, 12, 13, 13], "rotation": 270, "texture": "#0"}
			}
		},
		{
			"from": [2.99, 8.81752, 19.53211],
			"to": [3.11, 12.06752, 21.03211],
			"rotation": {"angle": -22.5, "axis": "x", "origin": [10, 12.81752, 12.03211]},
			"faces": {
				"north": {"uv": [10, 12, 13, 13], "texture": "#0"},
				"east": {"uv": [0, 15, 3, 16], "rotation": 180, "texture": "#0"},
				"south": {"uv": [0, 15, 3, 16], "texture": "#0"},
				"west": {"uv": [0, 15, 3, 16], "texture": "#0"},
				"up": {"uv": [0, 15, 3, 16], "texture": "#0"},
				"down": {"uv": [0, 15, 3, 16], "texture": "#0"}
			}
		},
		{
			"from": [2.98, 14.55777, 22.59357],
			"to": [3.12, 18.30777, 23.84357],
			"rotation": {"angle": 22.5, "axis": "x", "origin": [10, 18.55777, 15.09357]},
			"faces": {
				"north": {"uv": [0, 10, 3, 15], "rotation": 180, "texture": "#0"},
				"east": {"uv": [5, 1, 11, 6], "rotation": 270, "texture": "#0"},
				"south": {"uv": [10, 10, 13, 15], "rotation": 180, "texture": "#0"},
				"west": {"uv": [0, 10, 3, 15], "rotation": 180, "texture": "#0"},
				"up": {"uv": [0, 10, 3, 15], "rotation": 180, "texture": "#0"},
				"down": {"uv": [10, 10, 13, 15], "rotation": 180, "texture": "#0"}
			}
		},
		{
			"from": [2.98, 18.8278, 17.62141],
			"to": [3.12, 19.8278, 22.87141],
			"rotation": {"angle": 22.5, "axis": "x", "origin": [10, 11.3278, 16.62141]},
			"faces": {
				"north": {"uv": [0, 15, 3, 16], "rotation": 90, "texture": "#0"},
				"east": {"uv": [0, 15, 3, 16], "rotation": 90, "texture": "#0"},
				"south": {"uv": [0, 15, 3, 16], "rotation": 90, "texture": "#0"},
				"west": {"uv": [0, 15, 3, 16], "rotation": 90, "texture": "#0"},
				"up": {"uv": [0, 15, 3, 16], "rotation": 90, "texture": "#0"},
				"down": {"uv": [0, 15, 3, 16], "rotation": 90, "texture": "#0"}
			}
		},
		{
			"from": [2.99, 14.72101, 25.25593],
			"to": [3.11, 15.72101, 28.75593],
			"rotation": {"angle": -22.5, "axis": "x", "origin": [10, 7.22101, 24.25593]},
			"faces": {
				"north": {"uv": [0, 15, 3, 16], "rotation": 270, "texture": "#0"},
				"east": {"uv": [0, 15, 3, 16], "rotation": 270, "texture": "#0"},
				"south": {"uv": [0, 15, 3, 16], "rotation": 270, "texture": "#0"},
				"west": {"uv": [0, 15, 3, 16], "rotation": 270, "texture": "#0"},
				"up": {"uv": [0, 15, 3, 16], "rotation": 270, "texture": "#0"},
				"down": {"uv": [9, 14, 12, 15], "rotation": 270, "texture": "#0"}
			}
		},
		{
			"from": [2.99, 16.06041, 28.48951],
			"to": [3.09, 17.06041, 30.48951],
			"rotation": {"angle": -22.5, "axis": "x", "origin": [10, 8.56041, 27.48951]},
			"faces": {
				"north": {"uv": [0, 10, 4, 16], "rotation": 90, "texture": "#0"},
				"east": {"uv": [0, 10, 4, 16], "rotation": 270, "texture": "#0"},
				"south": {"uv": [0, 10, 4, 16], "rotation": 90, "texture": "#0"},
				"west": {"uv": [0, 10, 4, 16], "rotation": 90, "texture": "#0"},
				"up": {"uv": [0, 10, 4, 16], "rotation": 90, "texture": "#0"},
				"down": {"uv": [8, 9, 12, 15], "rotation": 90, "texture": "#0"}
			}
		},
		{
			"from": [2.481, 13.75, 4.5],
			"to": [3.521, 14.75, 8.1],
			"rotation": {"angle": 0, "axis": "y", "origin": [10, 6.25, 5.5]},
			"faces": {
				"north": {"uv": [0, 0, 4, 3.6], "rotation": 90, "texture": "#0"},
				"east": {"uv": [0, 0, 4, 3.6], "rotation": 90, "texture": "#0"},
				"south": {"uv": [0, 0, 4, 3.6], "rotation": 90, "texture": "#0"},
				"west": {"uv": [0, 0, 4, 3.6], "rotation": 90, "texture": "#0"},
				"up": {"uv": [0, 0, 4, 3.6], "texture": "#0"},
				"down": {"uv": [0, 0, 1, 4], "rotation": 90, "texture": "#0"}
			}
		},
		{
			"from": [2.48, -1.14654, -7.51601],
			"to": [3.52, 4.30346, -6.51601],
			"rotation": {"angle": 0, "axis": "y", "origin": [10, -3.89654, -8.51601]},
			"faces": {
				"north": {"uv": [0, 0, 4, 5.45], "texture": "#0"},
				"east": {"uv": [0, 0, 4, 5.45], "texture": "#0"},
				"south": {"uv": [0, 0, 1, 5], "texture": "#0"},
				"west": {"uv": [0, 0, 4, 5.45], "texture": "#0"},
				"up": {"uv": [0, 0, 4, 5.45], "texture": "#0"},
				"down": {"uv": [0, 0, 1, 5], "texture": "#0"}
			}
		},
		{
			"from": [2.48, 1.01259, -7.97169],
			"to": [3.52, 3.61259, -6.97169],
			"rotation": {"angle": 22.5, "axis": "x", "origin": [10, 1.51259, 0.52831]},
			"faces": {
				"north": {"uv": [0, 0, 4, 2.6], "texture": "#0"},
				"east": {"uv": [0, 0, 4, 2.6], "texture": "#0"},
				"south": {"uv": [0, 0, 1, 3], "texture": "#0"},
				"west": {"uv": [0, 0, 4, 2.6], "texture": "#0"},
				"up": {"uv": [0, 0, 4, 2.6], "texture": "#0"},
				"down": {"uv": [0, 0, 4, 2.6], "texture": "#0"}
			}
		},
		{
			"from": [2.48, 17.16239, 9.89943],
			"to": [3.52, 18.16239, 12.39943],
			"rotation": {"angle": 22.5, "axis": "x", "origin": [10, 9.66239, 9.39943]},
			"faces": {
				"north": {"uv": [0, 0, 4, 2.5], "rotation": 90, "texture": "#0"},
				"east": {"uv": [0, 0, 4, 2.5], "rotation": 90, "texture": "#0"},
				"south": {"uv": [0, 0, 4, 2.5], "rotation": 90, "texture": "#0"},
				"west": {"uv": [0, 0, 3, 3], "rotation": 90, "texture": "#0"},
				"up": {"uv": [0, 0, 4, 2.5], "texture": "#0"},
				"down": {"uv": [0, 0, 4, 2.5], "rotation": 90, "texture": "#0"}
			}
		},
		{
			"from": [2.48, 20.01106, 6.51398],
			"to": [3.52, 21.01106, 8.01398],
			"rotation": {"angle": 45, "axis": "x", "origin": [10, 12.51106, 6.01398]},
			"faces": {
				"north": {"uv": [0, 0, 4, 1.5], "rotation": 90, "texture": "#0"},
				"east": {"uv": [0, 0, 4, 1.5], "rotation": 90, "texture": "#0"},
				"south": {"uv": [0, 0, 4, 1.5], "rotation": 90, "texture": "#0"},
				"west": {"uv": [0, 0, 3, 2], "rotation": 90, "texture": "#0"},
				"up": {"uv": [0, 0, 4, 1.5], "texture": "#0"},
				"down": {"uv": [0, 0, 4, 1.5], "rotation": 90, "texture": "#0"}
			}
		},
		{
			"from": [2.481, 14.43844, 11.47637],
			"to": [3.521, 18.18844, 12.47637],
			"rotation": {"angle": -22.5, "axis": "x", "origin": [10, 16.43844, 3.97637]},
			"faces": {
				"north": {"uv": [0, 0, 4, 3.75], "rotation": 180, "texture": "#0"},
				"east": {"uv": [0, 0, 4, 3.75], "rotation": 180, "texture": "#0"},
				"south": {"uv": [0, 0, 4, 3.75], "rotation": 180, "texture": "#0"},
				"west": {"uv": [0, 0, 3, 4], "rotation": 180, "texture": "#0"},
				"up": {"uv": [0, 0, 4, 3.75], "rotation": 180, "texture": "#0"},
				"down": {"uv": [0, 0, 4, 3.75], "rotation": 180, "texture": "#0"}
			}
		},
		{
			"from": [2.48, 18.44406, 10.13698],
			"to": [3.52, 24.69406, 11.13698],
			"rotation": {"angle": 22.5, "axis": "x", "origin": [10, 22.94406, 2.63698]},
			"faces": {
				"north": {"uv": [0, 0, 3, 6], "texture": "#0"},
				"east": {"uv": [0, 0, 3, 6], "rotation": 180, "texture": "#0"},
				"south": {"uv": [0, 0, 3, 6], "texture": "#0"},
				"west": {"uv": [0, 0, 3, 6], "texture": "#0"},
				"up": {"uv": [0, 0, 3, 6], "texture": "#0"},
				"down": {"uv": [0, 0, 3, 6], "texture": "#0"}
			}
		},
		{
			"from": [2.48, 19.55676, 9.02004],
			"to": [3.53, 22.05676, 10.02004],
			"rotation": {"angle": 45, "axis": "x", "origin": [10, 20.30676, 1.52004]},
			"faces": {
				"north": {"uv": [0, 0, 4, 2.5], "texture": "#0"},
				"east": {"uv": [0, 0, 3, 3], "rotation": 180, "texture": "#0"},
				"south": {"uv": [0, 0, 4, 2.5], "texture": "#0"},
				"west": {"uv": [0, 0, 3, 3], "texture": "#0"},
				"up": {"uv": [0, 0, 4, 2.5], "texture": "#0"},
				"down": {"uv": [0, 0, 4, 2.5], "texture": "#0"}
			}
		},
		{
			"from": [2.5, 19.04565, 10.87645],
			"to": [3.5, 25.09565, 12.37645],
			"rotation": {"angle": 45, "axis": "x", "origin": [10, 21.54565, 3.87645]},
			"faces": {
				"north": {"uv": [0, 0, 3, 6], "rotation": 180, "texture": "#0"},
				"east": {"uv": [0, 0, 3, 6], "texture": "#0"},
				"south": {"uv": [0, 0, 1, 6], "rotation": 180, "texture": "#0"},
				"west": {"uv": [0, 0, 3, 6], "rotation": 180, "texture": "#0"},
				"up": {"uv": [0, 0, 3, 6], "rotation": 180, "texture": "#0"},
				"down": {"uv": [0, 0, 3, 6], "rotation": 180, "texture": "#0"}
			}
		},
		{
			"from": [2.5, 22.04565, 10.37645],
			"to": [3.5, 23.59565, 10.87645],
			"rotation": {"angle": 45, "axis": "x", "origin": [10, 21.54565, 3.87645]},
			"faces": {
				"north": {"uv": [1, 0, 3, 2], "rotation": 180, "texture": "#0"},
				"east": {"uv": [1, 0, 3, 2], "rotation": 180, "texture": "#0"},
				"south": {"uv": [1, 0, 3, 2], "rotation": 180, "texture": "#0"},
				"west": {"uv": [1, 0, 3, 2], "rotation": 180, "texture": "#0"},
				"up": {"uv": [1, 0, 3, 2], "rotation": 180, "texture": "#0"},
				"down": {"uv": [1, 0, 3, 2], "rotation": 180, "texture": "#0"}
			}
		},
		{
			"from": [2.5, 23.54565, 9.62645],
			"to": [3.5, 25.34565, 10.87645],
			"rotation": {"angle": 45, "axis": "x", "origin": [10, 21.54565, 3.87645]},
			"faces": {
				"north": {"uv": [1, 0, 3, 2], "rotation": 180, "texture": "#0"},
				"east": {"uv": [1, 0, 3, 2], "rotation": 180, "texture": "#0"},
				"south": {"uv": [1, 0, 3, 2], "rotation": 180, "texture": "#0"},
				"west": {"uv": [1, 0, 3, 2], "rotation": 180, "texture": "#0"},
				"up": {"uv": [1, 0, 3, 2], "rotation": 180, "texture": "#0"},
				"down": {"uv": [1, 0, 3, 2], "rotation": 180, "texture": "#0"}
			}
		},
		{
			"from": [2.49, 12.68844, 11.47637],
			"to": [3.51, 14.18844, 13.97637],
			"rotation": {"angle": -22.5, "axis": "x", "origin": [10, 11.93844, 3.97637]},
			"faces": {
				"north": {"uv": [0, 0, 1, 2], "rotation": 180, "texture": "#0"},
				"east": {"uv": [1, 0, 4, 2], "texture": "#0"},
				"south": {"uv": [1, 0, 4, 2], "rotation": 180, "texture": "#0"},
				"west": {"uv": [1, 0, 4, 2], "rotation": 180, "texture": "#0"},
				"up": {"uv": [1, 0, 4, 2], "rotation": 180, "texture": "#0"},
				"down": {"uv": [1, 0, 4, 2], "rotation": 180, "texture": "#0"}
			}
		},
		{
			"from": [2.5, 18.05173, 5.4616],
			"to": [3.5, 20.55173, 6.9616],
			"rotation": {"angle": 45, "axis": "x", "origin": [10, 10.55173, 4.9616]},
			"faces": {
				"north": {"uv": [1, 0, 4, 2], "rotation": 90, "texture": "#0"},
				"east": {"uv": [1, 0, 4, 2], "rotation": 90, "texture": "#0"},
				"south": {"uv": [1, 0, 4, 2], "rotation": 90, "texture": "#0"},
				"west": {"uv": [1, 0, 4, 2], "rotation": 90, "texture": "#0"},
				"up": {"uv": [1, 0, 4, 2], "rotation": 90, "texture": "#0"},
				"down": {"uv": [3, 0, 4, 2], "rotation": 90, "texture": "#0"}
			}
		},
		{
			"from": [2.48, 14.44081, 11.67912],
			"to": [3.48, 16.19081, 14.67912],
			"rotation": {"angle": 0, "axis": "x", "origin": [10, 6.94081, 11.17912]},
			"faces": {
				"north": {"uv": [1, 0, 4, 3], "rotation": 90, "texture": "#0"},
				"east": {"uv": [1, 0, 4, 3], "rotation": 90, "texture": "#0"},
				"south": {"uv": [1, 0, 4, 3], "rotation": 90, "texture": "#0"},
				"west": {"uv": [1, 0, 4, 3], "rotation": 90, "texture": "#0"},
				"up": {"uv": [1, 0, 4, 3], "rotation": 90, "texture": "#0"},
				"down": {"uv": [0, 0, 1, 3], "rotation": 90, "texture": "#0"}
			}
		},
		{
			"from": [2.48, 13.63166, 2.40505],
			"to": [3.52, 14.63166, 7.90505],
			"rotation": {"angle": -22.5, "axis": "x", "origin": [10, 6.13166, 5.90505]},
			"faces": {
				"north": {"uv": [0, 0, 4, 5.5], "rotation": 90, "texture": "#0"},
				"east": {"uv": [0, 0, 4, 5.5], "rotation": 90, "texture": "#0"},
				"south": {"uv": [0, 0, 4, 5.5], "rotation": 90, "texture": "#0"},
				"west": {"uv": [0, 0, 4, 5.5], "rotation": 90, "texture": "#0"},
				"up": {"uv": [0, 0, 4, 5.5], "texture": "#0"},
				"down": {"uv": [0, 0, 1, 6], "rotation": 90, "texture": "#0"}
			}
		},
		{
			"from": [2.48, -1.13545, -4.59121],
			"to": [3.52, 7.26455, -3.59121],
			"rotation": {"angle": 45, "axis": "x", "origin": [10, 5.11455, 3.90879]},
			"faces": {
				"north": {"uv": [0, 0, 4, 8.4], "texture": "#0"},
				"east": {"uv": [0, 0, 4, 8.4], "texture": "#0"},
				"south": {"uv": [0, 0, 1, 8], "texture": "#0"},
				"west": {"uv": [0, 0, 4, 8.4], "texture": "#0"},
				"up": {"uv": [0, 0, 4, 8.4], "texture": "#0"},
				"down": {"uv": [0, 0, 4, 8.4], "texture": "#0"}
			}
		},
		{
			"from": [2.999, 13, 10.5],
			"to": [3.099, 14.5, 14.5],
			"rotation": {"angle": 0, "axis": "y", "origin": [10, 5.25, 12.5]},
			"faces": {
				"north": {"uv": [11, 8, 14, 16], "rotation": 90, "texture": "#0"},
				"east": {"uv": [11, 8, 14, 16], "rotation": 90, "texture": "#0"},
				"south": {"uv": [11, 8, 14, 16], "rotation": 90, "texture": "#0"},
				"west": {"uv": [12, 8, 14, 16], "rotation": 90, "texture": "#0"},
				"up": {"uv": [11, 8, 14, 16], "rotation": 90, "texture": "#0"},
				"down": {"uv": [13, 8, 14, 16], "rotation": 90, "texture": "#0"}
			}
		},
		{
			"from": [3, 10.55554, 1.77237],
			"to": [3.1, 14.05554, 15.77237],
			"rotation": {"angle": -22.5, "axis": "x", "origin": [10, 3.05554, 7.52237]},
			"faces": {
				"north": {"uv": [11, 8, 14, 16], "rotation": 90, "texture": "#0"},
				"east": {"uv": [11, 8, 14, 16], "rotation": 90, "texture": "#0"},
				"south": {"uv": [11, 8, 14, 16], "rotation": 90, "texture": "#0"},
				"west": {"uv": [11, 8, 14, 16], "rotation": 90, "texture": "#0"},
				"up": {"uv": [11, 8, 14, 16], "rotation": 90, "texture": "#0"},
				"down": {"uv": [13, 8, 14, 16], "rotation": 90, "texture": "#0"}
			}
		},
		{
			"from": [2.998, 8.78346, -1.44656],
			"to": [3.108, 11.28346, 6.30344],
			"rotation": {"angle": -45, "axis": "x", "origin": [10, 1.28346, 3.55344]},
			"faces": {
				"north": {"uv": [11, 8, 14, 16], "rotation": 90, "texture": "#0"},
				"east": {"uv": [11, 8, 14, 16], "rotation": 90, "texture": "#0"},
				"south": {"uv": [11, 8, 14, 16], "rotation": 90, "texture": "#0"},
				"west": {"uv": [11, 8, 14, 16], "rotation": 90, "texture": "#0"},
				"up": {"uv": [11, 8, 14, 16], "rotation": 90, "texture": "#0"},
				"down": {"uv": [13, 8, 14, 16], "rotation": 90, "texture": "#0"}
			}
		},
		{
			"from": [3, -4.18132, -6.71692],
			"to": [3.1, 1.36868, -5.71692],
			"rotation": {"angle": 22.5, "axis": "x", "origin": [10, -0.68132, 1.78308]},
			"faces": {
				"north": {"uv": [13, 8, 14, 16], "texture": "#0"},
				"east": {"uv": [13, 8, 14, 16], "texture": "#0"},
				"south": {"uv": [13, 8, 14, 16], "texture": "#0"},
				"west": {"uv": [13, 8, 14, 16], "texture": "#0"},
				"up": {"uv": [13, 8, 14, 16], "texture": "#0"},
				"down": {"uv": [13, 8, 14, 16], "texture": "#0"}
			}
		},
		{
			"from": [2.99, -1.93132, -7.71692],
			"to": [3.11, 1.36868, -5.71692],
			"rotation": {"angle": 22.5, "axis": "x", "origin": [10, -0.68132, 1.78308]},
			"faces": {
				"north": {"uv": [11.5, 8, 14, 16], "texture": "#0"},
				"east": {"uv": [11.5, 8, 14, 16], "rotation": 180, "texture": "#0"},
				"south": {"uv": [13, 8, 14, 16], "texture": "#0"},
				"west": {"uv": [11.5, 8, 14, 16], "texture": "#0"},
				"up": {"uv": [11.5, 8, 14, 16], "texture": "#0"},
				"down": {"uv": [11.5, 8, 14, 16], "texture": "#0"}
			}
		}
	],
	"display": {
		"thirdperson_righthand": {
			"rotation": [-11, -67, -97],
			"translation": [4, -10, 18],
			"scale": [0.66, 1.07, 0.88]
		},
		"thirdperson_lefthand": {
			"rotation": [-11, -67, -97],
			"translation": [4, -4.25, 18],
			"scale": [0.66, 1.07, 0.88]
		},
		"firstperson_righthand": {
			"translation": [3, 0, 0]
		},
		"firstperson_lefthand": {
			"translation": [-6.75, 0, 0]
		},
		"ground": {
			"translation": [0, 3, 0],
			"scale": [0.27, 0.27, 0.27]
		},
		"gui": {
			"rotation": [0, -90, 0],
			"translation": [0, 2, 0],
			"scale": [0.31, 0.31, 0.31]
		},
		"head": {
			"rotation": [-90, 7, 90],
			"translation": [-5.5, -24, 1.25],
			"scale": [0.6, 0.6, 0.6]
		},
		"fixed": {
			"rotation": [0, -90, 0],
			"translation": [0.75, 2.5, 0],
			"scale": [0.48, 0.48, 0.48]
		}
	},
	"groups": [0, 1, 2, 3, 4,
		{
			"name": "group",
			"origin": [10, 7.22101, 24.25593],
			"children": [
				{
					"name": "group",
					"origin": [10, 8.25, 18.5],
					"children": [5, 6, 7, 8]
				}, 9, 10, 11, 12, 13, 14, 15]
		},
		{
			"name": "group",
			"origin": [10, 5.11455, 3.90879],
			"children": [16, 17, 18, 19, 20, 21, 22, 23, 24, 25, 26, 27, 28, 29, 30, 31]
		},
		{
			"name": "group",
			"origin": [10, -3.75, -6.5],
			"children": [32, 33, 34, 35, 36]
		}
	]
}