{
	"credit": "Made with Blockbench",
	"textures": {
		"0": "blocks/cracked_stone_bricks",
		"1": "items/poi/tomb",
		"2": "items/poi/tomb2",
		"3": "items/poi/tomb_leaf1",
		"4": "items/poi/tomb_leaf2",
		"particle": "blocks/cracked_stone_bricks"
	},
	"elements": [
		{
			"from": [-5, 0, 5.75],
			"to": [19, 19, 6],
			"rotation": {"angle": 0, "axis": "y", "origin": [9, 8, 15.25]},
			"faces": {
				"north": {"uv": [0, 0, 8.66667, 8], "texture": "#3"},
				"east": {"uv": [0, 0, 2.66667, 5.33333], "texture": "#3"},
				"south": {"uv": [0, 0, 2.66667, 5.33333], "texture": "#3"},
				"west": {"uv": [0, 0, 2.66667, 5.33333], "texture": "#3"},
				"up": {"uv": [0, 0, 2.66667, 5.33333], "texture": "#3"},
				"down": {"uv": [0, 0, 2.66667, 5.33333], "texture": "#3"}
			}
		},
		{
			"from": [2, 3, 6],
			"to": [14, 16, 9],
			"rotation": {"angle": 0, "axis": "y", "origin": [10, 8, 15]},
			"faces": {
				"north": {"uv": [0, 0, 12, 13], "texture": "#2"},
				"east": {"uv": [0, 0, 12, 13], "texture": "#2"},
				"south": {"uv": [0, 0, 12, 13], "texture": "#0"},
				"west": {"uv": [0, 0, 12, 13], "texture": "#2"},
				"up": {"uv": [0, 0, 12, 13], "texture": "#2"},
				"down": {"uv": [0, 0, 12, 13], "texture": "#2"}
			}
		},
		{
			"from": [-1, 7.75, 6],
			"to": [2, 14.75, 9],
			"rotation": {"angle": 0, "axis": "y", "origin": [-2, 7.75, 15]},
			"faces": {
				"north": {"uv": [0, 0, 3, 7], "texture": "#0"},
				"east": {"uv": [0, 0, 3, 7], "texture": "#0"},
				"south": {"uv": [0, 0, 3, 7], "texture": "#0"},
				"west": {"uv": [0, 0, 3, 7], "texture": "#0"},
				"up": {"uv": [0, 0, 3, 7], "texture": "#0"},
				"down": {"uv": [0, 0, 3, 7], "texture": "#0"}
			}
		},
		{
			"from": [6, 16, 6],
			"to": [10, 17, 9],
			"rotation": {"angle": 0, "axis": "y", "origin": [5, 10, 15]},
			"faces": {
				"north": {"uv": [0, 0, 4, 1], "texture": "#1"},
				"east": {"uv": [0, 0, 3, 1], "texture": "#1"},
				"south": {"uv": [0, 0, 4, 1], "texture": "#1"},
				"west": {"uv": [0, 0, 3, 1], "texture": "#1"},
				"up": {"uv": [0, 0, 4, 3], "texture": "#1"},
				"down": {"uv": [0, 0, 4, 3], "texture": "#1"}
			}
		},
		{
			"from": [14, 7.75, 6],
			"to": [17, 14.75, 9],
			"rotation": {"angle": 0, "axis": "y", "origin": [13, 7.75, 15]},
			"faces": {
				"north": {"uv": [0, 0, 3, 7], "texture": "#0"},
				"east": {"uv": [0, 0, 3, 7], "texture": "#0"},
				"south": {"uv": [0, 0, 3, 7], "texture": "#0"},
				"west": {"uv": [0, 0, 3, 7], "texture": "#0"},
				"up": {"uv": [0, 0, 3, 7], "texture": "#0"},
				"down": {"uv": [0, 0, 3, 7], "texture": "#0"}
			}
		},
		{
			"from": [2.01465, 0.00835, 5.99],
			"to": [14.01465, 3.00835, 9.01],
			"rotation": {"angle": 0, "axis": "z", "origin": [6.01465, -0.99165, 15]},
			"faces": {
				"north": {"uv": [0, 0, 3, 12], "rotation": 270, "texture": "#1"},
				"east": {"uv": [0, 0, 3, 3.02], "rotation": 270, "texture": "#1"},
				"south": {"uv": [0, 0, 3, 12], "rotation": 270, "texture": "#1"},
				"west": {"uv": [0, 0, 3, 3.02], "rotation": 270, "texture": "#1"},
				"up": {"uv": [0, 0, 3.02, 12], "rotation": 270, "texture": "#1"},
				"down": {"uv": [0, 0, 3.02, 12], "rotation": 270, "texture": "#1"}
			}
		},
		{
			"from": [-2.33668, 15.88396, 5.99],
			"to": [5.51332, 18.88396, 9.01],
			"rotation": {"angle": 22.5, "axis": "z", "origin": [5.581, 19.88396, 15]},
			"faces": {
				"north": {"uv": [0, 0, 3, 7.85], "rotation": 90, "texture": "#1"},
				"east": {"uv": [0, 0, 3, 3.02], "rotation": 90, "texture": "#1"},
				"south": {"uv": [0, 0, 3, 10.1], "rotation": 90, "texture": "#1"},
				"west": {"uv": [0, 0, 3, 3.02], "rotation": 90, "texture": "#1"},
				"up": {"uv": [0, 0, 3.02, 10.1], "rotation": 90, "texture": "#1"},
				"down": {"uv": [0, 0, 3.02, 10.1], "rotation": 90, "texture": "#1"}
			}
		},
		{
			"from": [5.90116, 15.93419, 5.99],
			"to": [10.10116, 18.93419, 9.01],
			"rotation": {"angle": 0, "axis": "z", "origin": [10.31883, 19.93419, 15]},
			"faces": {
				"north": {"uv": [0, 0, 3, 4.2], "rotation": 90, "texture": "#1"},
				"east": {"uv": [0, 0, 3, 3.02], "rotation": 90, "texture": "#1"},
				"south": {"uv": [0, 0, 3, 10.1], "rotation": 90, "texture": "#1"},
				"west": {"uv": [0, 0, 3, 3.02], "rotation": 90, "texture": "#1"},
				"up": {"uv": [0, 0, 3.02, 10.1], "rotation": 90, "texture": "#1"},
				"down": {"uv": [0, 0, 3.02, 10.1], "rotation": 90, "texture": "#1"}
			}
		},
		{
			"from": [-5.33668, 15.88396, 5.99],
			"to": [-2.23668, 18.88396, 9.01],
			"rotation": {"angle": 22.5, "axis": "z", "origin": [5.581, 19.88396, 15]},
			"faces": {
				"north": {"uv": [0, 13, 3, 16], "rotation": 270, "texture": "#1"},
				"east": {"uv": [0, 13, 3, 16], "rotation": 270, "texture": "#1"},
				"south": {"uv": [0, 13, 3, 16], "rotation": 180, "texture": "#1"},
				"west": {"uv": [0, 13, 3, 16], "rotation": 270, "texture": "#1"},
				"up": {"uv": [0, 0, 3, 3], "rotation": 270, "texture": "#1"},
				"down": {"uv": [0, 13, 3, 16], "rotation": 270, "texture": "#1"}
			}
		},
		{
			"from": [18.23668, 15.88396, 5.99],
			"to": [21.33668, 18.88396, 9.01],
			"rotation": {"angle": -22.5, "axis": "z", "origin": [10.419, 19.88396, 15]},
			"faces": {
				"north": {"uv": [0, 13, 3, 16], "rotation": 180, "texture": "#1"},
				"east": {"uv": [0, 8, 3, 11], "rotation": 180, "texture": "#1"},
				"south": {"uv": [0, 13, 3, 16], "rotation": 270, "texture": "#1"},
				"west": {"uv": [0, 13, 3, 16], "rotation": 180, "texture": "#1"},
				"up": {"uv": [0, 0, 3, 3], "rotation": 90, "texture": "#1"},
				"down": {"uv": [0, 13, 3, 16], "rotation": 180, "texture": "#1"}
			}
		},
		{
			"from": [10.39914, 15.44388, 5.99],
			"to": [18.24914, 18.44388, 9.01],
			"rotation": {"angle": -22.5, "axis": "z", "origin": [11.48147, 19.44388, 15]},
			"faces": {
				"north": {"uv": [0, 0, 3, 7.85], "rotation": 270, "texture": "#1"},
				"east": {"uv": [3, 0, 6, 3.02], "rotation": 270, "texture": "#1"},
				"south": {"uv": [3, 0, 6, 10.1], "rotation": 270, "texture": "#1"},
				"west": {"uv": [3, 0, 6, 3.02], "rotation": 270, "texture": "#1"},
				"up": {"uv": [3, 0, 6.02, 10.1], "rotation": 270, "texture": "#1"},
				"down": {"uv": [3, 0, 6.02, 10.1], "rotation": 270, "texture": "#1"}
			}
		},
		{
			"from": [13.98535, -0.99165, 5.98],
			"to": [16.98535, 12.00835, 9.02],
			"rotation": {"angle": -22.5, "axis": "z", "origin": [17.98535, 7.00835, 15]},
			"faces": {
				"north": {"uv": [6, 0, 9, 13], "texture": "#1"},
				"east": {"uv": [0, 0, 3, 13], "texture": "#1"},
				"south": {"uv": [3, 0, 6, 13], "texture": "#1"},
				"west": {"uv": [3, 0, 6.02, 13], "texture": "#1"},
				"up": {"uv": [3, 0, 6, 3.02], "texture": "#1"},
				"down": {"uv": [3, 0, 6, 3.02], "texture": "#1"}
			}
		},
		{
			"from": [-0.98535, -0.99165, 5.98],
			"to": [2.01465, 12.00835, 9.02],
			"rotation": {"angle": 22.5, "axis": "z", "origin": [-1.98535, 7.00835, 15]},
			"faces": {
				"north": {"uv": [3, 0, 6, 13], "texture": "#1"},
				"east": {"uv": [0, 0, 3.02, 13], "texture": "#1"},
				"south": {"uv": [6, 0, 9, 13], "texture": "#1"},
				"west": {"uv": [0, 0, 3.02, 13], "texture": "#1"},
				"up": {"uv": [0, 0, 3, 3.02], "texture": "#1"},
				"down": {"uv": [0, 0, 3, 3.02], "texture": "#1"}
			}
		},
		{
			"from": [3, 10, 5.5],
			"to": [7, 14, 5.5],
			"rotation": {"angle": 0, "axis": "y", "origin": [-3, 18, 15.25]},
			"faces": {
				"north": {"uv": [0, 0, 16, 16], "texture": "#4"},
				"east": {"uv": [0, 0, 16, 16], "texture": "#4"},
				"south": {"uv": [0, 0, 16, 16], "texture": "#4"},
				"west": {"uv": [0, 0, 16, 16], "texture": "#4"},
				"up": {"uv": [0, 0, 16, 16], "texture": "#4"},
				"down": {"uv": [0, 0, 16, 16], "texture": "#4"}
			}
		},
		{
			"from": [7, 0, 5.5],
			"to": [11, 4, 5.5],
			"rotation": {"angle": 0, "axis": "y", "origin": [1, 8, 15.25]},
			"faces": {
				"north": {"uv": [0, 0, 16, 16], "texture": "#4"},
				"east": {"uv": [0, 0, 16, 16], "texture": "#4"},
				"south": {"uv": [0, 0, 16, 16], "texture": "#4"},
				"west": {"uv": [0, 0, 16, 16], "texture": "#4"},
				"up": {"uv": [0, 0, 16, 16], "texture": "#4"},
				"down": {"uv": [0, 0, 16, 16], "texture": "#4"}
			}
		},
		{
			"from": [7, 6, 5.5],
			"to": [11, 10, 5.5],
			"rotation": {"angle": -22.5, "axis": "z", "origin": [1, 14, 15.25]},
			"faces": {
				"north": {"uv": [0, 0, 16, 16], "texture": "#4"},
				"east": {"uv": [0, 0, 16, 16], "texture": "#4"},
				"south": {"uv": [0, 0, 16, 16], "texture": "#4"},
				"west": {"uv": [0, 0, 16, 16], "texture": "#4"},
				"up": {"uv": [0, 0, 16, 16], "texture": "#4"},
				"down": {"uv": [0, 0, 16, 16], "texture": "#4"}
			}
		},
		{
			"from": [2, 6, 5.5],
			"to": [6, 10, 5.5],
			"rotation": {"angle": -22.5, "axis": "z", "origin": [-4, 14, 15.25]},
			"faces": {
				"north": {"uv": [0, 0, 16, 16], "texture": "#4"},
				"east": {"uv": [0, 0, 16, 16], "texture": "#4"},
				"south": {"uv": [0, 0, 16, 16], "texture": "#4"},
				"west": {"uv": [0, 0, 16, 16], "texture": "#4"},
				"up": {"uv": [0, 0, 16, 16], "texture": "#4"},
				"down": {"uv": [0, 0, 16, 16], "texture": "#4"}
			}
		},
		{
			"from": [2, 1, 5.5],
			"to": [6, 5, 5.5],
			"rotation": {"angle": -22.5, "axis": "z", "origin": [-4, 9, 15.25]},
			"faces": {
				"north": {"uv": [0, 0, 16, 16], "texture": "#4"},
				"east": {"uv": [0, 0, 16, 16], "texture": "#4"},
				"south": {"uv": [0, 0, 16, 16], "texture": "#4"},
				"west": {"uv": [0, 0, 16, 16], "texture": "#4"},
				"up": {"uv": [0, 0, 16, 16], "texture": "#4"},
				"down": {"uv": [0, 0, 16, 16], "texture": "#4"}
			}
		},
		{
			"from": [3, 8, 5.5],
			"to": [7, 12, 5.5],
			"rotation": {"angle": -22.5, "axis": "z", "origin": [-3, 16, 15.25]},
			"faces": {
				"north": {"uv": [0, 0, 16, 16], "texture": "#4"},
				"east": {"uv": [0, 0, 16, 16], "texture": "#4"},
				"south": {"uv": [0, 0, 16, 16], "texture": "#4"},
				"west": {"uv": [0, 0, 16, 16], "texture": "#4"},
				"up": {"uv": [0, 0, 16, 16], "texture": "#4"},
				"down": {"uv": [0, 0, 16, 16], "texture": "#4"}
			}
		},
		{
			"from": [3, 12, 5.5],
			"to": [7, 16, 5.5],
			"rotation": {"angle": -22.5, "axis": "z", "origin": [-3, 20, 15.25]},
			"faces": {
				"north": {"uv": [0, 0, 16, 16], "texture": "#4"},
				"east": {"uv": [0, 0, 16, 16], "texture": "#4"},
				"south": {"uv": [0, 0, 16, 16], "texture": "#4"},
				"west": {"uv": [0, 0, 16, 16], "texture": "#4"},
				"up": {"uv": [0, 0, 16, 16], "texture": "#4"},
				"down": {"uv": [0, 0, 16, 16], "texture": "#4"}
			}
		},
		{
			"from": [2, -1, 5.5],
			"to": [6, 3, 5.5],
			"rotation": {"angle": 45, "axis": "z", "origin": [-4, 7, 15.25]},
			"faces": {
				"north": {"uv": [0, 0, 16, 16], "texture": "#4"},
				"east": {"uv": [0, 0, 16, 16], "texture": "#4"},
				"south": {"uv": [0, 0, 16, 16], "texture": "#4"},
				"west": {"uv": [0, 0, 16, 16], "texture": "#4"},
				"up": {"uv": [0, 0, 16, 16], "texture": "#4"},
				"down": {"uv": [0, 0, 16, 16], "texture": "#4"}
			}
		},
		{
			"from": [-1, -6, 5.5],
			"to": [3, -2, 5.5],
			"rotation": {"angle": 45, "axis": "z", "origin": [-7, 2, 15.25]},
			"faces": {
				"north": {"uv": [0, 0, 16, 16], "texture": "#4"},
				"east": {"uv": [0, 0, 16, 16], "texture": "#4"},
				"south": {"uv": [0, 0, 16, 16], "texture": "#4"},
				"west": {"uv": [0, 0, 16, 16], "texture": "#4"},
				"up": {"uv": [0, 0, 16, 16], "texture": "#4"},
				"down": {"uv": [0, 0, 16, 16], "texture": "#4"}
			}
		},
		{
			"from": [-1, 0, 5.5],
			"to": [3, 4, 5.5],
			"rotation": {"angle": 45, "axis": "z", "origin": [-7, 8, 15.25]},
			"faces": {
				"north": {"uv": [0, 0, 16, 16], "texture": "#4"},
				"east": {"uv": [0, 0, 16, 16], "texture": "#4"},
				"south": {"uv": [0, 0, 16, 16], "texture": "#4"},
				"west": {"uv": [0, 0, 16, 16], "texture": "#4"},
				"up": {"uv": [0, 0, 16, 16], "texture": "#4"},
				"down": {"uv": [0, 0, 16, 16], "texture": "#4"}
			}
		},
		{
			"from": [0, 7, 5.5],
			"to": [4, 11, 5.5],
			"rotation": {"angle": 45, "axis": "z", "origin": [-6, 15, 15.25]},
			"faces": {
				"north": {"uv": [0, 0, 16, 16], "texture": "#4"},
				"east": {"uv": [0, 0, 16, 16], "texture": "#4"},
				"south": {"uv": [0, 0, 16, 16], "texture": "#4"},
				"west": {"uv": [0, 0, 16, 16], "texture": "#4"},
				"up": {"uv": [0, 0, 16, 16], "texture": "#4"},
				"down": {"uv": [0, 0, 16, 16], "texture": "#4"}
			}
		}
	],
	"display": {
		"thirdperson_righthand": {
			"scale": [0.2, 0.2, 0.2]
		},
		"thirdperson_lefthand": {
			"scale": [0.2, 0.2, 0.2]
		},
		"firstperson_righthand": {
			"rotation": [0, 132, 0]
		},
		"firstperson_lefthand": {
			"rotation": [0, 132, 0]
		},
		"ground": {
			"translation": [0, 3.5, 0],
			"scale": [0.5, 0.6, 0.5]
		},
		"gui": {
			"rotation": [0, -180, 0],
			"translation": [0, -0.25, 0],
			"scale": [0.4, 0.7, 0.4]
		},
		"head": {
			"translation": [0, 10.5, 0],
			"scale": [0.4, 0.55, 0.4]
		},
		"fixed": {
			"rotation": [-90, 0, 0],
			"translation": [0, 0, -24],
			"scale": [2, 3, 2]
		}
	},
	"groups": [0, 1, 2, 3, 4,
		{
			"name": "group",
			"origin": [-1.98535, 7.00835, 15],
			"children": [5, 6, 7, 8, 9, 10, 11, 12]
		},
		{
			"name": "group",
			"origin": [-3, 18, 15.25],
			"children": [13, 14, 15, 16, 17, 18, 19, 20, 21, 22, 23]
		}
	]
}