{
	"credit": "Made with Blockbench, a free, modern block model editor by JannisX11",
	"textures": {
		"0": "items/marjan/mar_tenbou",
		"particle": "items/marjan/mar_tenbou"
	},
	"elements": [
		{
			"name": "cube",
			"from": [6, 0, 7],
			"to": [10, 16, 9],
			"faces": {
				"north": {"uv": [6, 0, 10, 16], "texture": "#0"},
				"east": {"uv": [2, 0, 4, 16], "texture": "#0"},
				"south": {"uv": [2, 0, 6, 16], "texture": "#0"},
				"west": {"uv": [2, 0, 4, 16], "texture": "#0"},
				"up": {"uv": [2, 0, 6, 2], "texture": "#0"},
				"down": {"uv": [2, 0, 6, 2], "texture": "#0"}
			},
			"type": "cube"
		}
	],
	"display": {
		"thirdperson_righthand": {
			"scale": [0.1, 0.2, 0.1],
			"translation": [0, 2.5, 0]
		},
		"thirdperson_lefthand": {
			"scale": [0.1, 0.2, 0.1],
			"rotation": [0, 0, 0],
			"translation": [0, 2.5, 0]
		},
		"firstperson_righthand": {
			"scale": [0.1, 0.2, 0.1],
			"translation": [1, 3, 0.5]
		},
		"firstperson_lefthand": {
			"scale": [0.1, 0.2, 0.1],
			"rotation": [0, 0, 0],
			"translation": [1, 3, 0]
		},
		"head": {
			"scale": [0.7, 1.2, 0.7],
			"translation": [0, 14.5, 0],
			"rotation": [0, 0, 90]
		},
		"ground": {
			"scale": [0.2, 0.4, 0.2],
			"rotation": [0, 0, 90]
		},
		"fixed": {
			"scale": [0.5, 1, 0.5],
			"rotation": [0, 0, 90]
		},
		"gui": {
			"scale": [0.5, 1, 0.5],
			"rotation": [0, 0, 90],
			"translation": [0, 0, 0]
		}
	}
}