{
	"credit": "Made with Blockbench, a free, modern block model editor by JannisX11",
	"ambientocclusion": false,
	"textures": {
		"0": "items/loveletter/loveletter",
		"particle": "items/loveletter/loveletter"
	},
	"elements": [
		{
			"name": "cube",
			"from": [3, 0, 7],
			"to": [13, 6, 7.2],
			"faces": {
				"north": {"uv": [0, 2, 1, 3], "texture": "#0"},
				"east": {"uv": [0, 2, 1, 3], "texture": "#0"},
				"south": {"uv": [0, 2, 1, 3], "texture": "#0"},
				"west": {"uv": [0, 2, 1, 3], "texture": "#0"},
				"up": {"uv": [0, 2, 1, 3], "texture": "#0"},
				"down": {"uv": [0, 2, 1, 3], "texture": "#0"}
			},
			"type": "cube"
		},
		{
			"name": "cube",
			"from": [3.0999999999999996, 6, 6.9],
			"to": [10.1, 6.1, 7],
			"faces": {
				"north": {"uv": [0, 1, 1, 2], "texture": "#0"},
				"east": {"uv": [0, 1, 1, 2], "texture": "#0"},
				"south": {"uv": [0, 1, 1, 2], "texture": "#0"},
				"west": {"uv": [0, 1, 1, 2], "texture": "#0"},
				"up": {"uv": [0, 1, 1, 2], "texture": "#0"},
				"down": {"uv": [0, 1, 1, 2], "texture": "#0"}
			},
			"rotation": {
				"origin": [3, 6.05, 6.95],
				"axis": "z",
				"angle": -45
			},
			"type": "cube"
		},
		{
			"name": "cube",
			"from": [5.9, 6, 6.9],
			"to": [12.9, 6.1, 7],
			"faces": {
				"north": {"uv": [0, 1, 1, 2], "texture": "#0"},
				"east": {"uv": [0, 1, 1, 2], "texture": "#0"},
				"south": {"uv": [0, 1, 1, 2], "texture": "#0"},
				"west": {"uv": [0, 1, 1, 2], "texture": "#0"},
				"up": {"uv": [0, 1, 1, 2], "texture": "#0"},
				"down": {"uv": [0, 1, 1, 2], "texture": "#0"}
			},
			"rotation": {
				"origin": [13, 6.05, 6.95],
				"axis": "z",
				"angle": 45
			},
			"type": "cube"
		},
		{
			"name": "cube",
			"from": [7.75, 0.8, 6.8],
			"to": [8.75, 1.3, 7],
			"faces": {
				"north": {"uv": [0, 0, 1, 1], "texture": "#0"},
				"east": {"uv": [0, 0, 1, 1], "texture": "#0"},
				"south": {"uv": [0, 0, 1, 1], "texture": "#0"},
				"west": {"uv": [0, 0, 1, 1], "texture": "#0"},
				"up": {"uv": [0, 0, 1, 1], "texture": "#0"},
				"down": {"uv": [0, 0, 1, 1], "texture": "#0"}
			},
			"rotation": {
				"origin": [8, 1.05, 6.8999999999999995],
				"axis": "z",
				"angle": 45
			},
			"type": "cube"
		},
		{
			"name": "cube",
			"from": [7.25, 0.8, 6.8],
			"to": [8.25, 1.3, 7],
			"faces": {
				"north": {"uv": [0, 0, 1, 1], "texture": "#0"},
				"east": {"uv": [0, 0, 1, 1], "texture": "#0"},
				"south": {"uv": [0, 0, 1, 1], "texture": "#0"},
				"west": {"uv": [0, 0, 1, 1], "texture": "#0"},
				"up": {"uv": [0, 0, 1, 1], "texture": "#0"},
				"down": {"uv": [0, 0, 1, 1], "texture": "#0"}
			},
			"rotation": {
				"origin": [8, 1.05, 6.8999999999999995],
				"axis": "z",
				"angle": -45
			},
			"type": "cube"
		}
	],
	"display": {
		"thirdperson_righthand": {
			"scale": [0.6, 0.6, 0.6],
			"rotation": [38, 0, 0],
			"translation": [0, 3, 3]
		},
		"thirdperson_lefthand": {
			"scale": [0.6, 0.6, 0.6],
			"rotation": [38, 0, 0],
			"translation": [0, 3, 3]
		},
		"firstperson_righthand": {
			"scale": [0.6, 0.6, 0.6],
			"translation": [2, 5, 0],
			"rotation": [0, 180, 0]
		},
		"firstperson_lefthand": {
			"scale": [0.6, 0.6, 0.6],
			"rotation": [0, 180, 0],
			"translation": [2, 5, 0]
		},
		"head": {
			"scale": [1, 1, 1],
			"translation": [0, 15, 0]
		},
		"ground": {
			"scale": [0.6, 0.6, 0.6],
			"translation": [0, 2, 0]
		},
		"fixed": {
			"scale": [1, 1, 1],
			"translation": [0, 4.5, 0]
		},
		"gui": {
			"scale": [1.4, 1.4, 1.4],
			"translation": [0, 6.5, 0],
			"rotation": [0, 180, 0]
		}
	}
}