{
	"credit": "Made with Blockbench, a free, modern block model editor by JannisX11",
	"textures": {
		"0": "items/ponjan/pon_back",
		"1": "items/ponjan/pon_bottom",
		"2": "items/ponjan/pon_left",
		"3": "items/ponjan/pon_right",
		"4": "items/ponjan/pon_top",
		"30": "items/ponjan/pon_pink1",
		"particle": "items/ponjan/pon_back"
	},
	"elements": [
		{
			"name": "cube",
			"from": [2, 0, 3],
			"to": [14, 16, 13],
			"faces": {
				"north": {"uv": [2, 0, 14, 16], "texture": "#30"},
				"east": {"uv": [3, 0, 13, 16], "texture": "#3"},
				"south": {"uv": [2, 0, 14, 16], "texture": "#0"},
				"west": {"uv": [3, 0, 13, 16], "texture": "#2"},
				"up": {"uv": [2, 3, 14, 13], "texture": "#1"},
				"down": {"uv": [2, 3, 14, 13], "texture": "#4"}
			}
		}
	],
	"groups": [0],
	"display": {
		"thirdperson_righthand": {
			"scale": [0.1, 0.1, 0.1],
			"translation": [-1, 0.5, 1],
			"rotation": [30, 180, 0]
		},
		"thirdperson_lefthand": {
			"scale": [0.1, 0.1, 0.1],
			"rotation": [30, 180, 0],
			"translation": [-1, 0.5, 1]
		},
		"firstperson_lefthand": {
			"scale": [0.2, 0.2, 0.1],
			"rotation": [0, 175, 0],
			"translation": [2.5, 3.5, 0]
		},
		"firstperson_righthand": {
			"scale": [0.2, 0.2, 0.1],
			"translation": [2.5, 3.5, 0.5],
			"rotation": [0, 175, 0]
		},
		"head": {
			"scale": [1.2, 1.2, 1.2],
			"translation": [0, 0, -0.5]
		},
		"ground": {"scale": [0.2, 0.2, 0.2]},
		"fixed": {
			"scale": [1.1, 1.1, 1.1],
			"translation": [0, 0, 4]
		},
		"gui": {"scale": [1, 1, 1], "rotation": [0, 180, 0]}
	}
}