{
	"credit": "Made with Blockbench, a free, modern block model editor by JannisX11",
	"textures": {
		"0": "items/halloween/baseball",
		"particle": "items/halloween/baseball"
	},
	"elements": [
		{
			"name": "cube",
			"from": [7, 0, 7],
			"to": [10, 1, 10],
			"faces": {
				"north": {"uv": [0, 8, 10, 10], "texture": "#0"},
				"east": {
					"uv": [10, 1, 15, 15],
					"texture": "#0",
					"rotation": 270
				},
				"south": {
					"uv": [10, 1, 15, 15],
					"texture": "#0",
					"rotation": 270
				},
				"west": {
					"uv": [10, 1, 15, 15],
					"texture": "#0",
					"rotation": 270
				},
				"up": {"uv": [0, 0, 3, 3], "texture": "#0"},
				"down": {"uv": [0, 0, 10, 10], "texture": "#0"}
			}
		},
		{
			"name": "cube",
			"from": [7, 1, 6],
			"to": [10, 4, 7],
			"faces": {
				"north": {"uv": [0, 0, 10, 10], "texture": "#0"},
				"east": {
					"uv": [10, 1, 15, 15],
					"texture": "#0",
					"rotation": 180
				},
				"south": {
					"uv": [0, 0, 3, 3],
					"texture": "#0"
				},
				"west": {"uv": [9, 1, 15, 15], "texture": "#0"},
				"up": {"uv": [0, 0, 10, 2], "texture": "#0"},
				"down": {"uv": [0, 8, 10, 10], "texture": "#0"}
			}
		},
		{
			"name": "cube",
			"from": [6, 1, 7],
			"to": [7, 4, 10],
			"faces": {
				"north": {
					"uv": [9, 1, 15, 15],
					"texture": "#0",
					"rotation": 180
				},
				"east": {"uv": [0, 0, 1, 3], "texture": "#0"},
				"south": {"uv": [0, 0, 1, 3], "texture": "#0"},
				"west": {"uv": [0, 0, 1, 3], "texture": "#0"},
				"up": {"uv": [10, 1, 15, 15], "texture": "#0"},
				"down": {"uv": [10, 1, 15, 15], "texture": "#0"}
			}
		},
		{
			"name": "cube",
			"from": [7, 1, 10],
			"to": [10, 4, 11],
			"faces": {
				"north": {"uv": [0, 0, 3, 3], "texture": "#0"},
				"east": {"uv": [0, 0, 3, 3], "texture": "#0"},
				"south": {"uv": [0, 0, 3, 3], "texture": "#0"},
				"west": {"uv": [0, 0, 3, 3], "texture": "#0"},
				"up": {
					"uv": [10, 1, 15, 15],
					"texture": "#0",
					"rotation": 270
				},
				"down": {
					"uv": [10, 1, 15, 15],
					"texture": "#0",
					"rotation": 90
				}
			}
		},
		{
			"name": "cube",
			"from": [7, 4, 7],
			"to": [10, 5, 10],
			"faces": {
				"north": {"uv": [0, 0, 10, 2], "texture": "#0"},
				"east": {
					"uv": [10, 1, 15, 15],
					"texture": "#0",
					"rotation": 90
				},
				"south": {
					"uv": [10, 1, 15, 15],
					"texture": "#0",
					"rotation": 90
				},
				"west": {
					"uv": [12, 1, 15, 15],
					"texture": "#0",
					"rotation": 90
				},
				"up": {"uv": [0, 0, 10, 10], "texture": "#0"},
				"down": {"uv": [0, 0, 3, 3], "texture": "#0"}
			}
		},
		{
			"name": "cube",
			"from": [10, 1, 7],
			"to": [11, 4, 10],
			"faces": {
				"north": {"uv": [9, 1, 15, 15], "texture": "#0"},
				"east": {"uv": [0, 0, 3, 14], "texture": "#0"},
				"south": {"uv": [0, 0, 3, 14], "texture": "#0"},
				"west": {"uv": [12, 1, 15, 15], "texture": "#0"},
				"up": {
					"uv": [9, 1, 15, 15],
					"texture": "#0",
					"rotation": 180
				},
				"down": {
					"uv": [10, 1, 15, 15],
					"texture": "#0",
					"rotation": 180
				}
			}
		}
	],
	"groups": [0, 1, 2, 3, 4, 5],
	"display": {
		"thirdperson_righthand": {
			"scale": [0.7, 0.7, 0.7],
			"translation": [-1.5, 5, 0]
		},
		"head": {
			"scale": [4, 4, 4],
			"translation": [-2, 22, -2]
		},
		"fixed": {
			"scale": [1, 1, 1],
			"translation": [-0.5, 5.5, -2.5]
		},
		"ground": {
			"scale": [0.7, 0.7, 0.7],
			"translation": [0, 4, 0]
		},
		"firstperson_lefthand": {"scale": [1, 1, 1]},
		"firstperson_righthand": {"scale": [1, 1, 1]},
		"thirdperson_lefthand": {"scale": [1, 1, 1]},
		"gui": {
			"translation": [0.5, 6.5, 0],
			"rotation": [0, 180, 0],
			"scale": [1.3, 1.3, 1.3]
		}
	}
}