{
	"credit": "Made with Blockbench, a free, modern block model editor by JannisX11",
	"textures": {
		"0": "items/halloween/witchhat",
		"particle": "items/halloween/witchhat"
	},
	"elements": [
		{
			"name": "cube",
			"from": [1, 0, 1],
			"to": [16, 1, 16],
			"faces": {
				"north": {"uv": [0, 0, 15, 1], "texture": "#0"},
				"east": {"uv": [0, 0, 15, 1], "texture": "#0"},
				"south": {"uv": [0, 0, 15, 1], "texture": "#0"},
				"west": {"uv": [0, 0, 15, 1], "texture": "#0"},
				"up": {"uv": [0, 0, 15, 15], "texture": "#0"},
				"down": {"uv": [0, 0, 15, 15], "texture": "#0"}
			}
		},
		{
			"name": "cube",
			"from": [4, 1, 4],
			"to": [13, 5, 13],
			"faces": {
				"north": {"uv": [0, 12, 9, 16], "texture": "#0"},
				"east": {"uv": [0, 12, 9, 16], "texture": "#0"},
				"south": {"uv": [0, 12, 9, 16], "texture": "#0"},
				"west": {"uv": [0, 12, 9, 16], "texture": "#0"},
				"up": {"uv": [0, 0, 9, 9], "texture": "#0"},
				"down": {"uv": [0, 0, 9, 9], "texture": "#0"}
			}
		},
		{
			"name": "cube",
			"from": [5, 5, 6],
			"to": [12, 8, 13],
			"faces": {
				"north": {"uv": [0, 0, 7, 3], "texture": "#0"},
				"east": {"uv": [0, 0, 7, 3], "texture": "#0"},
				"south": {"uv": [0, 0, 7, 3], "texture": "#0"},
				"west": {"uv": [0, 0, 7, 3], "texture": "#0"},
				"up": {"uv": [0, 0, 7, 7], "texture": "#0"},
				"down": {"uv": [0, 0, 7, 7], "texture": "#0"}
			}
		},
		{
			"name": "cube",
			"from": [6, 8, 9],
			"to": [11, 11, 14],
			"faces": {
				"north": {"uv": [0, 0, 5, 3], "texture": "#0"},
				"east": {"uv": [0, 0, 5, 3], "texture": "#0"},
				"south": {"uv": [0, 0, 5, 3], "texture": "#0"},
				"west": {"uv": [0, 0, 5, 3], "texture": "#0"},
				"up": {"uv": [0, 0, 5, 5], "texture": "#0"},
				"down": {"uv": [0, 0, 5, 5], "texture": "#0"}
			}
		},
		{
			"name": "cube",
			"from": [7, 11, 11],
			"to": [10, 13, 15],
			"faces": {
				"north": {"uv": [0, 0, 3, 2], "texture": "#0"},
				"east": {"uv": [0, 0, 4, 2], "texture": "#0"},
				"south": {"uv": [0, 0, 3, 2], "texture": "#0"},
				"west": {"uv": [0, 0, 4, 2], "texture": "#0"},
				"up": {"uv": [0, 0, 3, 4], "texture": "#0"},
				"down": {"uv": [0, 0, 3, 4], "texture": "#0"}
			}
		},
		{
			"name": "cube",
			"from": [8, 12, 15],
			"to": [9, 13, 17],
			"faces": {
				"north": {
					"uv": [0, 0, 1, 1],
					"texture": "#0"
				},
				"east": {"uv": [0, 0, 2, 1], "texture": "#0"},
				"south": {"uv": [0, 0, 1, 1], "texture": "#0"},
				"west": {"uv": [0, 0, 2, 1], "texture": "#0"},
				"up": {"uv": [0, 0, 1, 2], "texture": "#0"},
				"down": {"uv": [0, 0, 1, 2], "texture": "#0"}
			}
		}
	],
	"groups": [0, 1, 2, 3, 4, 5],
	"display": {
		"thirdperson_righthand": {
			"scale": [0.6, 0.6, 0.6],
			"translation": [0, 5.5, -1],
			"rotation": [-3.5, 0, 0]
		},
		"firstperson_lefthand": {
			"scale": [0.2, 0.2, 0.2],
			"translation": [0, 2, 0],
			"rotation": [0, 0, 0]
		},
		"firstperson_righthand": {"scale": [1, 1, 1]},
		"ground": {"scale": [0.6, 0.6, 0.6]},
		"head": {
			"scale": [1.1, 1.2, 1.1],
			"translation": [-0.5, 15.5, 1],
			"rotation": [5, 0, 0]
		},
		"thirdperson_lefthand": {
			"scale": [0.6, 0.6, 0.6],
			"rotation": [-3.5, 0, 0],
			"translation": [0, 5.5, -1]
		},
		"fixed": {
			"scale": [1, 1, 0.2],
			"translation": [0, 0, -2.5]
		},
		"gui": {"scale": [1, 1, 1]}
	}
}