{
	"credit": "Made with Blockbench",
	"textures": {
		"1": "items/rlaiy_baseball/baseball_back",
		"2": "items/rlaiy_baseball/baseball_ti",
		"particle": "items/rlaiy_baseball/baseball_ti"
	},
	"elements": [
		{
			"from": [9, 0, 8.01],
			"to": [12.01, 3, 9.01],
			"faces": {
				"north": {"uv": [11, 14, 16, 16], "texture": "#1"},
				"east": {"uv": [15, 0, 16, 16], "texture": "#1"},
				"south": {"uv": [0, 0, 16, 16], "texture": "#2"},
				"west": {"uv": [15, 0, 16, 16], "texture": "#1"},
				"up": {"uv": [5, 0, 16, 1], "texture": "#1"},
				"down": {"uv": [4, 0, 16, 1], "texture": "#1"}
			}
		},
		{
			"from": [4, 0, 8],
			"to": [12, 12, 9],
			"faces": {
				"north": {"uv": [5, 1, 15, 15], "texture": "#1"},
				"east": {"uv": [4, 2, 5, 14], "texture": "#1"},
				"south": {"uv": [5, 1, 15, 15], "texture": "#1"},
				"west": {"uv": [5, 1, 6, 13], "texture": "#1"},
				"up": {"uv": [6, 0, 14, 1], "texture": "#1"},
				"down": {"uv": [6, 0, 14, 1], "texture": "#1"}
			}
		}
	],
	"display": {
		"thirdperson_righthand": {
			"translation": [0, 4, 0],
			"scale": [0.5, 0.5, 0.1]
		},
		"firstperson_righthand": {
			"translation": [0, 8, 0],
			"scale": [1, 1, 0.1]
		},
		"fixed": {
			"rotation": [0, 180, 0]
		}
	}
}