{
	"credit": "Made with Blockbench",
	"texture_size": [32, 32],
	"textures": {
		"1": "items/eyama/aoken"
	},
	"elements": [
		{
			"name": "hexadecagon",
			"from": [7.90054, -0.5, -12],
			"to": [8.09946, 0.5, -4],
			"rotation": {"angle": -45, "axis": "z", "origin": [8, 0, -3]},
			"faces": {
				"north": {"uv": [14, 4, 15, 6], "texture": "#1"},
				"east": {"uv": [14, 4, 15, 6], "texture": "#1"},
				"south": {"uv": [14, 4, 15, 6], "texture": "#1"},
				"west": {"uv": [14, 4, 15, 6], "texture": "#1"},
				"up": {"uv": [14, 4, 15, 6], "texture": "#1"},
				"down": {"uv": [14, 4, 15, 6], "texture": "#1"}
			}
		},
		{
			"name": "hexadecagon",
			"from": [7.90054, -0.5, -12],
			"to": [8.09946, 0.5, -4],
			"rotation": {"angle": -22.5, "axis": "z", "origin": [8, 0, -3]},
			"faces": {
				"north": {"uv": [14, 4, 15, 6], "texture": "#1"},
				"east": {"uv": [14, 4, 15, 6], "texture": "#1"},
				"south": {"uv": [14, 4, 15, 6], "texture": "#1"},
				"west": {"uv": [14, 4, 15, 6], "texture": "#1"},
				"up": {"uv": [14, 4, 15, 6], "texture": "#1"},
				"down": {"uv": [14, 4, 15, 6], "texture": "#1"}
			}
		},
		{
			"name": "hexadecagon",
			"from": [7.90054, -0.5, -12],
			"to": [8.09946, 0.5, -4],
			"rotation": {"angle": 0, "axis": "z", "origin": [8, 0, -3]},
			"faces": {
				"north": {"uv": [14, 4, 15, 6], "texture": "#1"},
				"east": {"uv": [14, 4, 15, 6], "texture": "#1"},
				"south": {"uv": [14, 4, 15, 6], "texture": "#1"},
				"west": {"uv": [14, 4, 15, 6], "texture": "#1"},
				"up": {"uv": [14, 4, 15, 6], "texture": "#1"},
				"down": {"uv": [14, 4, 15, 6], "texture": "#1"}
			}
		},
		{
			"name": "hexadecagon",
			"from": [7.90054, -0.5, -12],
			"to": [8.09946, 0.5, -4],
			"rotation": {"angle": 22.5, "axis": "z", "origin": [8, 0, -3]},
			"faces": {
				"north": {"uv": [14, 4, 15, 6], "texture": "#1"},
				"east": {"uv": [14, 4, 15, 6], "texture": "#1"},
				"south": {"uv": [14, 4, 15, 6], "texture": "#1"},
				"west": {"uv": [14, 4, 15, 6], "texture": "#1"},
				"up": {"uv": [14, 4, 15, 6], "texture": "#1"},
				"down": {"uv": [14, 4, 15, 6], "texture": "#1"}
			}
		},
		{
			"name": "hexadecagon",
			"from": [7.90054, -0.5, -12],
			"to": [8.09946, 0.5, -4],
			"rotation": {"angle": 45, "axis": "z", "origin": [8, 0, -3]},
			"faces": {
				"north": {"uv": [14, 4, 15, 6], "texture": "#1"},
				"east": {"uv": [14, 4, 15, 6], "texture": "#1"},
				"south": {"uv": [14, 4, 15, 6], "texture": "#1"},
				"west": {"uv": [14, 4, 15, 6], "texture": "#1"},
				"up": {"uv": [14, 4, 15, 6], "texture": "#1"},
				"down": {"uv": [14, 4, 15, 6], "texture": "#1"}
			}
		},
		{
			"name": "hexadecagon",
			"from": [7.5, -0.09946, -12],
			"to": [8.5, 0.09946, -4],
			"rotation": {"angle": -22.5, "axis": "z", "origin": [8, 0, -3]},
			"faces": {
				"north": {"uv": [14, 4, 15, 6], "texture": "#1"},
				"east": {"uv": [14, 4, 15, 6], "texture": "#1"},
				"south": {"uv": [14, 4, 15, 6], "texture": "#1"},
				"west": {"uv": [14, 4, 15, 6], "texture": "#1"},
				"up": {"uv": [14, 4, 15, 6], "texture": "#1"},
				"down": {"uv": [14, 4, 15, 6], "texture": "#1"}
			}
		},
		{
			"name": "hexadecagon",
			"from": [7.5, -0.09946, -12],
			"to": [8.5, 0.09946, -4],
			"rotation": {"angle": 0, "axis": "z", "origin": [8, 0, -3]},
			"faces": {
				"north": {"uv": [14, 4, 15, 6], "texture": "#1"},
				"east": {"uv": [14, 4, 15, 6], "texture": "#1"},
				"south": {"uv": [14, 4, 15, 6], "texture": "#1"},
				"west": {"uv": [14, 4, 15, 6], "texture": "#1"},
				"up": {"uv": [14, 4, 15, 6], "texture": "#1"},
				"down": {"uv": [14, 4, 15, 6], "texture": "#1"}
			}
		},
		{
			"name": "hexadecagon",
			"from": [7.5, -0.09946, -12],
			"to": [8.5, 0.09946, -4],
			"rotation": {"angle": 22.5, "axis": "z", "origin": [8, 0, -3]},
			"faces": {
				"north": {"uv": [14, 4, 15, 6], "texture": "#1"},
				"east": {"uv": [14, 4, 15, 6], "texture": "#1"},
				"south": {"uv": [14, 4, 15, 6], "texture": "#1"},
				"west": {"uv": [14, 4, 15, 6], "texture": "#1"},
				"up": {"uv": [14, 4, 15, 6], "texture": "#1"},
				"down": {"uv": [14, 4, 15, 6], "texture": "#1"}
			}
		},
		{
			"from": [7, -1, -4],
			"to": [9, 1, -3],
			"rotation": {"angle": 0, "axis": "y", "origin": [0, -1, 5]},
			"faces": {
				"north": {"uv": [9.5, 12.5, 11, 16], "texture": "#1"},
				"east": {"uv": [9.5, 12.5, 11, 16], "texture": "#1"},
				"south": {"uv": [9.5, 12.5, 11, 16], "texture": "#1"},
				"west": {"uv": [9.5, 12.5, 11, 16], "texture": "#1"},
				"up": {"uv": [9.5, 12.5, 11, 16], "texture": "#1"},
				"down": {"uv": [9.5, 12.5, 11, 16], "texture": "#1"}
			}
		},
		{
			"from": [7, -1, -16],
			"to": [9, 1, -14],
			"rotation": {"angle": 0, "axis": "y", "origin": [0, -1, 5]},
			"faces": {
				"north": {"uv": [6, 12.5, 7.5, 16], "texture": "#1"},
				"east": {"uv": [6, 12.5, 7.5, 16], "texture": "#1"},
				"south": {"uv": [6, 12.5, 7.5, 16], "texture": "#1"},
				"west": {"uv": [6, 12.5, 7.5, 16], "texture": "#1"},
				"up": {"uv": [6, 12.5, 7.5, 16], "texture": "#1"},
				"down": {"uv": [6, 12.5, 7.5, 16], "texture": "#1"}
			}
		},
		{
			"from": [6.4, -0.5, 1],
			"to": [9.6, 0.5, 26],
			"rotation": {"angle": 0, "axis": "y", "origin": [0, -1, 0]},
			"faces": {
				"north": {"uv": [12, 12, 13.5, 15.5], "texture": "#1"},
				"east": {"uv": [12, 12, 13.5, 15.5], "texture": "#1"},
				"south": {"uv": [12, 12, 13.5, 15.5], "texture": "#1"},
				"west": {"uv": [12, 12, 13.5, 15.5], "texture": "#1"},
				"up": {"uv": [12, 12, 13.5, 15.5], "texture": "#1"},
				"down": {"uv": [12, 12, 13.5, 15.5], "texture": "#1"}
			}
		},
		{
			"from": [7.4, -0.5, 26],
			"to": [8.6, 0.5, 27],
			"rotation": {"angle": 0, "axis": "y", "origin": [0, -1, 0]},
			"faces": {
				"north": {"uv": [6, 12.5, 7.5, 16], "texture": "#1"},
				"east": {"uv": [6, 12.5, 7.5, 16], "texture": "#1"},
				"south": {"uv": [6, 12.5, 7.5, 16], "texture": "#1"},
				"west": {"uv": [6, 12.5, 7.5, 16], "texture": "#1"},
				"up": {"uv": [6, 12.5, 7.5, 16], "texture": "#1"},
				"down": {"uv": [6, 12.5, 7.5, 16], "texture": "#1"}
			}
		},
		{
			"from": [7.4, -0.5, -0.3],
			"to": [8.6, 0.5, 1],
			"rotation": {"angle": 0, "axis": "y", "origin": [0, -1, 0]},
			"faces": {
				"north": {"uv": [6, 12.5, 7.5, 16], "texture": "#1"},
				"east": {"uv": [6, 12.5, 7.5, 16], "texture": "#1"},
				"south": {"uv": [6, 12.5, 7.5, 16], "texture": "#1"},
				"west": {"uv": [6, 12.5, 7.5, 16], "texture": "#1"},
				"up": {"uv": [6, 12.5, 7.5, 16], "texture": "#1"},
				"down": {"uv": [6, 12.5, 7.5, 16], "texture": "#1"}
			}
		},
		{
			"from": [6.5, -0.2, -3.1],
			"to": [9.5, 0.2, -2.3],
			"rotation": {"angle": 0, "axis": "y", "origin": [0, -1, 5]},
			"faces": {
				"north": {"uv": [0, 0, 1.5, 3.5], "texture": "#1"},
				"east": {"uv": [0, 0, 1.5, 3.5], "texture": "#1"},
				"south": {"uv": [0, 0, 1.5, 3.5], "texture": "#1"},
				"west": {"uv": [0, 0, 1.5, 3.5], "texture": "#1"},
				"up": {"uv": [0, 0, 1.5, 3.5], "texture": "#1"},
				"down": {"uv": [0, 0, 1.5, 3.5], "texture": "#1"}
			}
		},
		{
			"from": [7.5, -0.2, 31],
			"to": [8.5, 0.2, 32],
			"rotation": {"angle": 45, "axis": "y", "origin": [8, 0, 31.5]},
			"faces": {
				"north": {"uv": [0, 0, 1.5, 3.5], "texture": "#1"},
				"east": {"uv": [0, 0, 1.5, 3.5], "texture": "#1"},
				"south": {"uv": [0, 0, 1.5, 3.5], "texture": "#1"},
				"west": {"uv": [0, 0, 1.5, 3.5], "texture": "#1"},
				"up": {"uv": [0, 0, 1.5, 3.5], "texture": "#1"},
				"down": {"uv": [0, 0, 1.5, 3.5], "texture": "#1"}
			}
		},
		{
			"from": [4.15635, -0.2, 25.73151],
			"to": [5.95635, 0.2, 30.73151],
			"rotation": {"angle": 22.5, "axis": "y", "origin": [7.65635, 0, 23.23151]},
			"faces": {
				"north": {"uv": [0, 0, 1.5, 3.5], "texture": "#1"},
				"east": {"uv": [0, 0, 1.5, 3.5], "texture": "#1"},
				"south": {"uv": [0, 0, 1.5, 3.5], "texture": "#1"},
				"west": {"uv": [0, 0, 1.5, 3.5], "texture": "#1"},
				"up": {"uv": [0, 0, 1.5, 3.5], "texture": "#1"},
				"down": {"uv": [0, 0, 1.5, 3.5], "texture": "#1"}
			}
		},
		{
			"from": [4.61391, -0.2, 22.6318],
			"to": [5.61391, 0.2, 27.2318],
			"rotation": {"angle": 22.5, "axis": "y", "origin": [4.11391, 0, 25.1318]},
			"faces": {
				"north": {"uv": [0, 0, 1.5, 3.5], "texture": "#1"},
				"east": {"uv": [0, 0, 1.5, 3.5], "texture": "#1"},
				"south": {"uv": [0, 0, 1.5, 3.5], "texture": "#1"},
				"west": {"uv": [0, 0, 1.5, 3.5], "texture": "#1"},
				"up": {"uv": [0, 0, 1.5, 3.5], "texture": "#1"},
				"down": {"uv": [0, 0, 1.5, 3.5], "texture": "#1"}
			}
		},
		{
			"from": [2.79892, -0.2, -1.53465],
			"to": [7.79892, 0.2, -0.53465],
			"rotation": {"angle": 45, "axis": "y", "origin": [6.29892, 0, -4.03465]},
			"faces": {
				"north": {"uv": [0, 0, 1.5, 3.5], "rotation": 270, "texture": "#1"},
				"east": {"uv": [0, 0, 1.5, 3.5], "rotation": 270, "texture": "#1"},
				"south": {"uv": [0, 0, 1.5, 3.5], "rotation": 270, "texture": "#1"},
				"west": {"uv": [0, 0, 1.5, 3.5], "rotation": 270, "texture": "#1"},
				"up": {"uv": [0, 0, 1.5, 3.5], "rotation": 270, "texture": "#1"},
				"down": {"uv": [0, 0, 1.5, 3.5], "rotation": 270, "texture": "#1"}
			}
		},
		{
			"from": [10.04365, -0.2, 25.73151],
			"to": [11.84365, 0.2, 30.73151],
			"rotation": {"angle": -22.5, "axis": "y", "origin": [8.34365, 0, 23.23151]},
			"faces": {
				"north": {"uv": [0, 0, 1.5, 3.5], "texture": "#1"},
				"east": {"uv": [0, 0, 1.5, 3.5], "texture": "#1"},
				"south": {"uv": [0, 0, 1.5, 3.5], "texture": "#1"},
				"west": {"uv": [0, 0, 1.5, 3.5], "texture": "#1"},
				"up": {"uv": [0, 0, 1.5, 3.5], "texture": "#1"},
				"down": {"uv": [0, 0, 1.5, 3.5], "texture": "#1"}
			}
		},
		{
			"from": [10.38609, -0.2, 22.6318],
			"to": [11.38609, 0.2, 27.2318],
			"rotation": {"angle": -22.5, "axis": "y", "origin": [11.88609, 0, 25.1318]},
			"faces": {
				"north": {"uv": [0, 0, 1.5, 3.5], "texture": "#1"},
				"east": {"uv": [0, 0, 1.5, 3.5], "texture": "#1"},
				"south": {"uv": [0, 0, 1.5, 3.5], "texture": "#1"},
				"west": {"uv": [0, 0, 1.5, 3.5], "texture": "#1"},
				"up": {"uv": [0, 0, 1.5, 3.5], "texture": "#1"},
				"down": {"uv": [0, 0, 1.5, 3.5], "texture": "#1"}
			}
		},
		{
			"from": [8.20108, -0.2, -1.53465],
			"to": [13.20108, 0.2, -0.53465],
			"rotation": {"angle": -45, "axis": "y", "origin": [9.70108, 0, -4.03465]},
			"faces": {
				"north": {"uv": [0, 0, 1.5, 3.5], "rotation": 90, "texture": "#1"},
				"east": {"uv": [0, 0, 1.5, 3.5], "rotation": 90, "texture": "#1"},
				"south": {"uv": [0, 0, 1.5, 3.5], "rotation": 90, "texture": "#1"},
				"west": {"uv": [0, 0, 1.5, 3.5], "rotation": 90, "texture": "#1"},
				"up": {"uv": [0, 0, 1.5, 3.5], "rotation": 90, "texture": "#1"},
				"down": {"uv": [0, 0, 1.5, 3.5], "rotation": 90, "texture": "#1"}
			}
		},
		{
			"name": "hexadecagon",
			"from": [7.84087, -0.8, -14],
			"to": [8.15913, 0.8, -12],
			"rotation": {"angle": -45, "axis": "z", "origin": [8, 0, -6]},
			"faces": {
				"north": {"uv": [7.5, 7.5, 9.5, 9.5], "texture": "#1"},
				"east": {"uv": [7.5, 7.5, 9.5, 9.5], "texture": "#1"},
				"south": {"uv": [7.5, 7.5, 9.5, 9.5], "texture": "#1"},
				"west": {"uv": [7.5, 7.5, 9.5, 9.5], "texture": "#1"},
				"up": {"uv": [7.5, 7.5, 9.5, 9.5], "texture": "#1"},
				"down": {"uv": [7.5, 7.5, 9.5, 9.5], "texture": "#1"}
			}
		},
		{
			"name": "hexadecagon",
			"from": [7.84087, -0.8, -14],
			"to": [8.15913, 0.8, -12],
			"rotation": {"angle": -22.5, "axis": "z", "origin": [8, 0, -6]},
			"faces": {
				"north": {"uv": [7.5, 7.5, 9.5, 9.5], "texture": "#1"},
				"east": {"uv": [7.5, 7.5, 9.5, 9.5], "texture": "#1"},
				"south": {"uv": [7.5, 7.5, 9.5, 9.5], "texture": "#1"},
				"west": {"uv": [7.5, 7.5, 9.5, 9.5], "texture": "#1"},
				"up": {"uv": [7.5, 7.5, 9.5, 9.5], "texture": "#1"},
				"down": {"uv": [7.5, 7.5, 9.5, 9.5], "texture": "#1"}
			}
		},
		{
			"name": "hexadecagon",
			"from": [7.84087, -0.8, -14],
			"to": [8.15913, 0.8, -12],
			"rotation": {"angle": 0, "axis": "z", "origin": [8, 0, -6]},
			"faces": {
				"north": {"uv": [7.5, 7.5, 9.5, 9.5], "texture": "#1"},
				"east": {"uv": [7.5, 7.5, 9.5, 9.5], "texture": "#1"},
				"south": {"uv": [7.5, 7.5, 9.5, 9.5], "texture": "#1"},
				"west": {"uv": [7.5, 7.5, 9.5, 9.5], "texture": "#1"},
				"up": {"uv": [7.5, 7.5, 9.5, 9.5], "texture": "#1"},
				"down": {"uv": [7.5, 7.5, 9.5, 9.5], "texture": "#1"}
			}
		},
		{
			"name": "hexadecagon",
			"from": [7.84087, -0.8, -14],
			"to": [8.15913, 0.8, -12],
			"rotation": {"angle": 22.5, "axis": "z", "origin": [8, 0, -6]},
			"faces": {
				"north": {"uv": [7.5, 7.5, 9.5, 9.5], "texture": "#1"},
				"east": {"uv": [7.5, 7.5, 9.5, 9.5], "texture": "#1"},
				"south": {"uv": [7.5, 7.5, 9.5, 9.5], "texture": "#1"},
				"west": {"uv": [7.5, 7.5, 9.5, 9.5], "texture": "#1"},
				"up": {"uv": [7.5, 7.5, 9.5, 9.5], "texture": "#1"},
				"down": {"uv": [7.5, 7.5, 9.5, 9.5], "texture": "#1"}
			}
		},
		{
			"name": "hexadecagon",
			"from": [7.84087, -0.8, -14],
			"to": [8.15913, 0.8, -12],
			"rotation": {"angle": 45, "axis": "z", "origin": [8, 0, -6]},
			"faces": {
				"north": {"uv": [7.5, 7.5, 9.5, 9.5], "texture": "#1"},
				"east": {"uv": [7.5, 7.5, 9.5, 9.5], "texture": "#1"},
				"south": {"uv": [7.5, 7.5, 9.5, 9.5], "texture": "#1"},
				"west": {"uv": [7.5, 7.5, 9.5, 9.5], "texture": "#1"},
				"up": {"uv": [7.5, 7.5, 9.5, 9.5], "texture": "#1"},
				"down": {"uv": [7.5, 7.5, 9.5, 9.5], "texture": "#1"}
			}
		},
		{
			"name": "hexadecagon",
			"from": [7.2, -0.15913, -14],
			"to": [8.8, 0.15913, -12],
			"rotation": {"angle": -22.5, "axis": "z", "origin": [8, 0, -6]},
			"faces": {
				"north": {"uv": [7.5, 7.5, 9.5, 9.5], "texture": "#1"},
				"east": {"uv": [7.5, 7.5, 9.5, 9.5], "texture": "#1"},
				"south": {"uv": [7.5, 7.5, 9.5, 9.5], "texture": "#1"},
				"west": {"uv": [7.5, 7.5, 9.5, 9.5], "texture": "#1"},
				"up": {"uv": [7.5, 7.5, 9.5, 9.5], "texture": "#1"},
				"down": {"uv": [7.5, 7.5, 9.5, 9.5], "texture": "#1"}
			}
		},
		{
			"name": "hexadecagon",
			"from": [7.2, -0.15913, -14],
			"to": [8.8, 0.15913, -12],
			"rotation": {"angle": 0, "axis": "z", "origin": [8, 0, -6]},
			"faces": {
				"north": {"uv": [7.5, 7.5, 9.5, 9.5], "texture": "#1"},
				"east": {"uv": [7.5, 7.5, 9.5, 9.5], "texture": "#1"},
				"south": {"uv": [7.5, 7.5, 9.5, 9.5], "texture": "#1"},
				"west": {"uv": [7.5, 7.5, 9.5, 9.5], "texture": "#1"},
				"up": {"uv": [7.5, 7.5, 9.5, 9.5], "texture": "#1"},
				"down": {"uv": [7.5, 7.5, 9.5, 9.5], "texture": "#1"}
			}
		},
		{
			"name": "hexadecagon",
			"from": [7.2, -0.15913, -14],
			"to": [8.8, 0.15913, -12],
			"rotation": {"angle": 22.5, "axis": "z", "origin": [8, 0, -6]},
			"faces": {
				"north": {"uv": [7.5, 7.5, 9.5, 9.5], "texture": "#1"},
				"east": {"uv": [7.5, 7.5, 9.5, 9.5], "texture": "#1"},
				"south": {"uv": [7.5, 7.5, 9.5, 9.5], "texture": "#1"},
				"west": {"uv": [7.5, 7.5, 9.5, 9.5], "texture": "#1"},
				"up": {"uv": [7.5, 7.5, 9.5, 9.5], "texture": "#1"},
				"down": {"uv": [7.5, 7.5, 9.5, 9.5], "texture": "#1"}
			}
		}
	],
	"display": {
		"thirdperson_righthand": {
			"rotation": [-90, 0, 90],
			"translation": [-6.5, 7.75, 0.75],
			"scale": [0.8, 0.8, 0.6]
		},
		"thirdperson_lefthand": {
			"rotation": [-90, 0, 90],
			"translation": [-6.5, 7.75, 0.75],
			"scale": [0.8, 0.8, 0.6]
		},
		"firstperson_righthand": {
			"rotation": [-69.5, 0, 90],
			"translation": [-7.25, 5.25, 4.75],
			"scale": [0.4, 0.4, 0.25]
		},
		"firstperson_lefthand": {
			"rotation": [-69.5, 0, 90],
			"translation": [-7.25, 5.25, 4.75],
			"scale": [0.4, 0.4, 0.25]
		},
		"ground": {
			"rotation": [-180, 0, 0],
			"translation": [0, -7, -1.5],
			"scale": [0.6, 0.6, 0.6]
		},
		"gui": {
			"rotation": [-90, 45, 0],
			"translation": [0, 0, -6],
			"scale": [0.6, 0.6, 0.6]
		},
		"head": {
			"rotation": [-180, 0, 0],
			"translation": [0, -7, -6.25]
		},
		"fixed": {
			"rotation": [-90, 45, 0],
			"translation": [0, 0, -6],
			"scale": [0.6, 0.6, 0.6]
		}
	},
	"groups": [
		{
			"name": "hexadecagon",
			"origin": [8, 8, 8],
			"color": 0,
			"children": [0, 1, 2, 3, 4, 5, 6, 7]
		},
		{
			"name": "group",
			"origin": [0, 0, 0],
			"color": 0,
			"children": [8, 9, 10, 11, 12, 13, 14, 15, 16, 17, 18, 19, 20]
		},
		{
			"name": "hexadecagon",
			"origin": [8, 8, 8],
			"color": 0,
			"children": [21, 22, 23, 24, 25, 26, 27, 28]
		}
	]
}