{
	"credit": "Made with Blockbench",
	"textures": {
		"0": "items/eyama/bsp",
		"particle": "items/eyama/bsp"
	},
	"elements": [
		{
			"name": "hexadecagon",
			"from": [-0.25859, -15.5, -1.3],
			"to": [0.25859, -14.5, 1.3],
			"rotation": {"angle": -45, "axis": "y", "origin": [0, -16, 0]},
			"faces": {
				"north": {"uv": [14.5, 15, 15.5, 16], "texture": "#0"},
				"east": {"uv": [14.5, 7, 15.5, 8], "texture": "#0"},
				"south": {"uv": [14.5, 7, 15.5, 8], "texture": "#0"},
				"west": {"uv": [14.5, 7, 15.5, 8], "texture": "#0"},
				"up": {"uv": [14.5, 7, 15.5, 8], "texture": "#0"},
				"down": {"uv": [14.5, 7, 15.5, 8], "texture": "#0"}
			}
		},
		{
			"name": "hexadecagon",
			"from": [-0.25859, -15.5, -1.3],
			"to": [0.25859, -14.5, 1.3],
			"rotation": {"angle": -22.5, "axis": "y", "origin": [0, -16, 0]},
			"faces": {
				"north": {"uv": [14.5, 15, 15.5, 16], "texture": "#0"},
				"east": {"uv": [14.5, 7, 15.5, 8], "texture": "#0"},
				"south": {"uv": [14.5, 7, 15.5, 8], "texture": "#0"},
				"west": {"uv": [14.5, 7, 15.5, 8], "texture": "#0"},
				"up": {"uv": [14.5, 7, 15.5, 8], "texture": "#0"},
				"down": {"uv": [14.5, 7, 15.5, 8], "texture": "#0"}
			}
		},
		{
			"name": "hexadecagon",
			"from": [-0.25859, -15.5, -1.3],
			"to": [0.25859, -14.5, 1.3],
			"rotation": {"angle": 0, "axis": "y", "origin": [0, -16, 0]},
			"faces": {
				"north": {"uv": [14.5, 15, 15.5, 16], "texture": "#0"},
				"east": {"uv": [14.5, 7, 15.5, 8], "texture": "#0"},
				"south": {"uv": [14.5, 7, 15.5, 8], "texture": "#0"},
				"west": {"uv": [14.5, 7, 15.5, 8], "texture": "#0"},
				"up": {"uv": [14.5, 7, 15.5, 8], "texture": "#0"},
				"down": {"uv": [14.5, 7, 15.5, 8], "texture": "#0"}
			}
		},
		{
			"name": "hexadecagon",
			"from": [-0.25859, -15.5, -1.3],
			"to": [0.25859, -14.5, 1.3],
			"rotation": {"angle": 22.5, "axis": "y", "origin": [0, -16, 0]},
			"faces": {
				"north": {"uv": [14.5, 15, 15.5, 16], "texture": "#0"},
				"east": {"uv": [14.5, 7, 15.5, 8], "texture": "#0"},
				"south": {"uv": [14.5, 7, 15.5, 8], "texture": "#0"},
				"west": {"uv": [14.5, 7, 15.5, 8], "texture": "#0"},
				"up": {"uv": [14.5, 7, 15.5, 8], "texture": "#0"},
				"down": {"uv": [14.5, 7, 15.5, 8], "texture": "#0"}
			}
		},
		{
			"name": "hexadecagon",
			"from": [-0.25859, -15.5, -1.3],
			"to": [0.25859, -14.5, 1.3],
			"rotation": {"angle": 45, "axis": "y", "origin": [0, -16, 0]},
			"faces": {
				"north": {"uv": [14.5, 15, 15.5, 16], "texture": "#0"},
				"east": {"uv": [14.5, 7, 15.5, 8], "texture": "#0"},
				"south": {"uv": [14.5, 7, 15.5, 8], "texture": "#0"},
				"west": {"uv": [14.5, 7, 15.5, 8], "texture": "#0"},
				"up": {"uv": [14.5, 7, 15.5, 8], "texture": "#0"},
				"down": {"uv": [14.5, 7, 15.5, 8], "texture": "#0"}
			}
		},
		{
			"name": "hexadecagon",
			"from": [-1.3, -15.5, -0.25859],
			"to": [1.3, -14.5, 0.25859],
			"rotation": {"angle": -22.5, "axis": "y", "origin": [0, -16, 0]},
			"faces": {
				"north": {"uv": [14.5, 15, 15.5, 16], "texture": "#0"},
				"east": {"uv": [14.5, 7, 15.5, 8], "texture": "#0"},
				"south": {"uv": [14.5, 7, 15.5, 8], "texture": "#0"},
				"west": {"uv": [14.5, 7, 15.5, 8], "texture": "#0"},
				"up": {"uv": [14.5, 7, 15.5, 8], "texture": "#0"},
				"down": {"uv": [14.5, 7, 15.5, 8], "texture": "#0"}
			}
		},
		{
			"name": "hexadecagon",
			"from": [-1.3, -15.5, -0.25859],
			"to": [1.3, -14.5, 0.25859],
			"rotation": {"angle": 0, "axis": "y", "origin": [0, -16, 0]},
			"faces": {
				"north": {"uv": [14.5, 15, 15.5, 16], "texture": "#0"},
				"east": {"uv": [14.5, 7, 15.5, 8], "texture": "#0"},
				"south": {"uv": [14.5, 7, 15.5, 8], "texture": "#0"},
				"west": {"uv": [14.5, 7, 15.5, 8], "texture": "#0"},
				"up": {"uv": [14.5, 7, 15.5, 8], "texture": "#0"},
				"down": {"uv": [14.5, 7, 15.5, 8], "texture": "#0"}
			}
		},
		{
			"name": "hexadecagon",
			"from": [-1.3, -15.5, -0.25859],
			"to": [1.3, -14.5, 0.25859],
			"rotation": {"angle": 22.5, "axis": "y", "origin": [0, -16, 0]},
			"faces": {
				"north": {"uv": [14.5, 15, 15.5, 16], "texture": "#0"},
				"east": {"uv": [14.5, 7, 15.5, 8], "texture": "#0"},
				"south": {"uv": [14.5, 7, 15.5, 8], "texture": "#0"},
				"west": {"uv": [14.5, 7, 15.5, 8], "texture": "#0"},
				"up": {"uv": [14.5, 7, 15.5, 8], "texture": "#0"},
				"down": {"uv": [14.5, 7, 15.5, 8], "texture": "#0"}
			}
		},
		{
			"name": "hexadecagon",
			"from": [-0.19891, -15, -1],
			"to": [0.19891, -5, 1],
			"rotation": {"angle": -45, "axis": "y", "origin": [0, -10, 0]},
			"faces": {
				"north": {"uv": [14.5, 15, 15.5, 16], "texture": "#0"},
				"east": {"uv": [14.5, 7, 15.5, 8], "texture": "#0"},
				"south": {"uv": [14.5, 7, 15.5, 8], "texture": "#0"},
				"west": {"uv": [14.5, 7, 15.5, 8], "texture": "#0"},
				"up": {"uv": [14.5, 7, 15.5, 8], "texture": "#0"},
				"down": {"uv": [14.5, 7, 15.5, 8], "texture": "#0"}
			}
		},
		{
			"name": "hexadecagon",
			"from": [-0.19891, -15, -1],
			"to": [0.19891, -5, 1],
			"rotation": {"angle": -22.5, "axis": "y", "origin": [0, -10, 0]},
			"faces": {
				"north": {"uv": [14.5, 15, 15.5, 16], "texture": "#0"},
				"east": {"uv": [14.5, 7, 15.5, 8], "texture": "#0"},
				"south": {"uv": [14.5, 7, 15.5, 8], "texture": "#0"},
				"west": {"uv": [14.5, 7, 15.5, 8], "texture": "#0"},
				"up": {"uv": [14.5, 7, 15.5, 8], "texture": "#0"},
				"down": {"uv": [14.5, 7, 15.5, 8], "texture": "#0"}
			}
		},
		{
			"name": "hexadecagon",
			"from": [-0.19891, -15, -1],
			"to": [0.19891, -5, 1],
			"rotation": {"angle": 0, "axis": "y", "origin": [0, -10, 0]},
			"faces": {
				"north": {"uv": [14.5, 15, 15.5, 16], "texture": "#0"},
				"east": {"uv": [14.5, 7, 15.5, 8], "texture": "#0"},
				"south": {"uv": [14.5, 7, 15.5, 8], "texture": "#0"},
				"west": {"uv": [14.5, 7, 15.5, 8], "texture": "#0"},
				"up": {"uv": [14.5, 7, 15.5, 8], "texture": "#0"},
				"down": {"uv": [14.5, 7, 15.5, 8], "texture": "#0"}
			}
		},
		{
			"name": "hexadecagon",
			"from": [-0.19891, -15, -1],
			"to": [0.19891, -5, 1],
			"rotation": {"angle": 22.5, "axis": "y", "origin": [0, -10, 0]},
			"faces": {
				"north": {"uv": [14.5, 15, 15.5, 16], "texture": "#0"},
				"east": {"uv": [14.5, 7, 15.5, 8], "texture": "#0"},
				"south": {"uv": [14.5, 7, 15.5, 8], "texture": "#0"},
				"west": {"uv": [14.5, 7, 15.5, 8], "texture": "#0"},
				"up": {"uv": [14.5, 7, 15.5, 8], "texture": "#0"},
				"down": {"uv": [14.5, 7, 15.5, 8], "texture": "#0"}
			}
		},
		{
			"name": "hexadecagon",
			"from": [-0.19891, -15, -1],
			"to": [0.19891, -5, 1],
			"rotation": {"angle": 45, "axis": "y", "origin": [0, -10, 0]},
			"faces": {
				"north": {"uv": [14.5, 15, 15.5, 16], "texture": "#0"},
				"east": {"uv": [14.5, 7, 15.5, 8], "texture": "#0"},
				"south": {"uv": [14.5, 7, 15.5, 8], "texture": "#0"},
				"west": {"uv": [14.5, 7, 15.5, 8], "texture": "#0"},
				"up": {"uv": [14.5, 7, 15.5, 8], "texture": "#0"},
				"down": {"uv": [14.5, 7, 15.5, 8], "texture": "#0"}
			}
		},
		{
			"name": "hexadecagon",
			"from": [-1, -15, -0.19891],
			"to": [1, -5, 0.19891],
			"rotation": {"angle": -22.5, "axis": "y", "origin": [0, -10, 0]},
			"faces": {
				"north": {"uv": [14.5, 15, 15.5, 16], "texture": "#0"},
				"east": {"uv": [14.5, 7, 15.5, 8], "texture": "#0"},
				"south": {"uv": [14.5, 7, 15.5, 8], "texture": "#0"},
				"west": {"uv": [14.5, 7, 15.5, 8], "texture": "#0"},
				"up": {"uv": [14.5, 7, 15.5, 8], "texture": "#0"},
				"down": {"uv": [14.5, 7, 15.5, 8], "texture": "#0"}
			}
		},
		{
			"name": "hexadecagon",
			"from": [-1, -15, -0.19891],
			"to": [1, -5, 0.19891],
			"rotation": {"angle": 0, "axis": "y", "origin": [0, -10, 0]},
			"faces": {
				"north": {"uv": [14.5, 15, 15.5, 16], "texture": "#0"},
				"east": {"uv": [14.5, 7, 15.5, 8], "texture": "#0"},
				"south": {"uv": [14.5, 7, 15.5, 8], "texture": "#0"},
				"west": {"uv": [14.5, 7, 15.5, 8], "texture": "#0"},
				"up": {"uv": [14.5, 7, 15.5, 8], "texture": "#0"},
				"down": {"uv": [14.5, 7, 15.5, 8], "texture": "#0"}
			}
		},
		{
			"name": "hexadecagon",
			"from": [-1, -15, -0.19891],
			"to": [1, -5, 0.19891],
			"rotation": {"angle": 22.5, "axis": "y", "origin": [0, -10, 0]},
			"faces": {
				"north": {"uv": [14.5, 15, 15.5, 16], "texture": "#0"},
				"east": {"uv": [14.5, 7, 15.5, 8], "texture": "#0"},
				"south": {"uv": [14.5, 7, 15.5, 8], "texture": "#0"},
				"west": {"uv": [14.5, 7, 15.5, 8], "texture": "#0"},
				"up": {"uv": [14.5, 7, 15.5, 8], "texture": "#0"},
				"down": {"uv": [14.5, 7, 15.5, 8], "texture": "#0"}
			}
		},
		{
			"name": "hexadecagon",
			"from": [-0.29837, -5.5, -1.5],
			"to": [0.29837, -3.5, 1.5],
			"rotation": {"angle": -45, "axis": "y", "origin": [0, -4, 0]},
			"faces": {
				"north": {"uv": [14.5, 15, 15.5, 16], "texture": "#0"},
				"east": {"uv": [14.5, 7, 15.5, 8], "texture": "#0"},
				"south": {"uv": [14.5, 7, 15.5, 8], "texture": "#0"},
				"west": {"uv": [14.5, 7, 15.5, 8], "texture": "#0"},
				"up": {"uv": [14.5, 7, 15.5, 8], "texture": "#0"},
				"down": {"uv": [14.5, 7, 15.5, 8], "texture": "#0"}
			}
		},
		{
			"name": "hexadecagon",
			"from": [-0.29837, -5.5, -1.5],
			"to": [0.29837, -3.5, 1.5],
			"rotation": {"angle": -22.5, "axis": "y", "origin": [0, -4, 0]},
			"faces": {
				"north": {"uv": [14.5, 15, 15.5, 16], "texture": "#0"},
				"east": {"uv": [14.5, 7, 15.5, 8], "texture": "#0"},
				"south": {"uv": [14.5, 7, 15.5, 8], "texture": "#0"},
				"west": {"uv": [14.5, 7, 15.5, 8], "texture": "#0"},
				"up": {"uv": [14.5, 7, 15.5, 8], "texture": "#0"},
				"down": {"uv": [14.5, 7, 15.5, 8], "texture": "#0"}
			}
		},
		{
			"name": "hexadecagon",
			"from": [-0.29837, -5.5, -1.5],
			"to": [0.29837, -3.5, 1.5],
			"rotation": {"angle": 0, "axis": "y", "origin": [0, -4, 0]},
			"faces": {
				"north": {"uv": [14.5, 15, 15.5, 16], "texture": "#0"},
				"east": {"uv": [14.5, 7, 15.5, 8], "texture": "#0"},
				"south": {"uv": [14.5, 7, 15.5, 8], "texture": "#0"},
				"west": {"uv": [14.5, 7, 15.5, 8], "texture": "#0"},
				"up": {"uv": [14.5, 7, 15.5, 8], "texture": "#0"},
				"down": {"uv": [14.5, 7, 15.5, 8], "texture": "#0"}
			}
		},
		{
			"name": "hexadecagon",
			"from": [-0.29837, -5.5, -1.5],
			"to": [0.29837, -3.5, 1.5],
			"rotation": {"angle": 22.5, "axis": "y", "origin": [0, -4, 0]},
			"faces": {
				"north": {"uv": [14.5, 15, 15.5, 16], "texture": "#0"},
				"east": {"uv": [14.5, 7, 15.5, 8], "texture": "#0"},
				"south": {"uv": [14.5, 7, 15.5, 8], "texture": "#0"},
				"west": {"uv": [14.5, 7, 15.5, 8], "texture": "#0"},
				"up": {"uv": [14.5, 7, 15.5, 8], "texture": "#0"},
				"down": {"uv": [14.5, 7, 15.5, 8], "texture": "#0"}
			}
		},
		{
			"name": "hexadecagon",
			"from": [-0.29837, -5.5, -1.5],
			"to": [0.29837, -3.5, 1.5],
			"rotation": {"angle": 45, "axis": "y", "origin": [0, -4, 0]},
			"faces": {
				"north": {"uv": [14.5, 15, 15.5, 16], "texture": "#0"},
				"east": {"uv": [14.5, 7, 15.5, 8], "texture": "#0"},
				"south": {"uv": [14.5, 7, 15.5, 8], "texture": "#0"},
				"west": {"uv": [14.5, 7, 15.5, 8], "texture": "#0"},
				"up": {"uv": [14.5, 7, 15.5, 8], "texture": "#0"},
				"down": {"uv": [14.5, 7, 15.5, 8], "texture": "#0"}
			}
		},
		{
			"name": "hexadecagon",
			"from": [-1.5, -5.5, -0.29837],
			"to": [1.5, -3.5, 0.29837],
			"rotation": {"angle": -22.5, "axis": "y", "origin": [0, -4, 0]},
			"faces": {
				"north": {"uv": [14.5, 15, 15.5, 16], "texture": "#0"},
				"east": {"uv": [14.5, 7, 15.5, 8], "texture": "#0"},
				"south": {"uv": [14.5, 7, 15.5, 8], "texture": "#0"},
				"west": {"uv": [14.5, 7, 15.5, 8], "texture": "#0"},
				"up": {"uv": [14.5, 7, 15.5, 8], "texture": "#0"},
				"down": {"uv": [14.5, 7, 15.5, 8], "texture": "#0"}
			}
		},
		{
			"name": "hexadecagon",
			"from": [-1.5, -5.5, -0.29837],
			"to": [1.5, -3.5, 0.29837],
			"rotation": {"angle": 0, "axis": "y", "origin": [0, -4, 0]},
			"faces": {
				"north": {"uv": [14.5, 15, 15.5, 16], "texture": "#0"},
				"east": {"uv": [14.5, 7, 15.5, 8], "texture": "#0"},
				"south": {"uv": [14.5, 7, 15.5, 8], "texture": "#0"},
				"west": {"uv": [14.5, 7, 15.5, 8], "texture": "#0"},
				"up": {"uv": [14.5, 7, 15.5, 8], "texture": "#0"},
				"down": {"uv": [14.5, 7, 15.5, 8], "texture": "#0"}
			}
		},
		{
			"name": "hexadecagon",
			"from": [-1.5, -5.5, -0.29837],
			"to": [1.5, -3.5, 0.29837],
			"rotation": {"angle": 22.5, "axis": "y", "origin": [0, -4, 0]},
			"faces": {
				"north": {"uv": [14.5, 15, 15.5, 16], "texture": "#0"},
				"east": {"uv": [14.5, 7, 15.5, 8], "texture": "#0"},
				"south": {"uv": [14.5, 7, 15.5, 8], "texture": "#0"},
				"west": {"uv": [14.5, 7, 15.5, 8], "texture": "#0"},
				"up": {"uv": [14.5, 7, 15.5, 8], "texture": "#0"},
				"down": {"uv": [14.5, 7, 15.5, 8], "texture": "#0"}
			}
		},
		{
			"from": [-0.8, 31, -0.8],
			"to": [0.8, 31.7, 0.8],
			"rotation": {"angle": 0, "axis": "y", "origin": [0, -0.3, 0]},
			"faces": {
				"north": {"uv": [8.5, 14, 9.5, 15], "texture": "#0"},
				"east": {"uv": [8.5, 14, 9.5, 15], "texture": "#0"},
				"south": {"uv": [8.5, 14, 9.5, 15], "texture": "#0"},
				"west": {"uv": [8.5, 14, 9.5, 15], "texture": "#0"},
				"up": {"uv": [8.5, 14, 9.5, 15], "texture": "#0"},
				"down": {"uv": [8.5, 14, 9.5, 15], "texture": "#0"}
			}
		},
		{
			"from": [-1.1, -3.7, -1],
			"to": [1, 31.1, 1],
			"faces": {
				"north": {"uv": [8.5, 14, 9.5, 15], "texture": "#0"},
				"east": {"uv": [8.5, 14, 9.5, 15], "texture": "#0"},
				"south": {"uv": [8.5, 14, 9.5, 15], "texture": "#0"},
				"west": {"uv": [8.5, 14, 9.5, 15], "texture": "#0"},
				"up": {"uv": [8.5, 14, 9.5, 15], "texture": "#0"},
				"down": {"uv": [8.5, 14, 9.5, 15], "texture": "#0"}
			}
		},
		{
			"from": [-0.6, -3.7, -0.5],
			"to": [0.5, 31.1, 0.5],
			"faces": {
				"north": {"uv": [14, 14, 15, 15], "texture": "#0"},
				"east": {"uv": [14, 14, 15, 15], "texture": "#0"},
				"south": {"uv": [14, 14, 15, 15], "texture": "#0"},
				"west": {"uv": [14, 14, 15, 15], "texture": "#0"},
				"up": {"uv": [14, 14, 15, 15], "texture": "#0"},
				"down": {"uv": [14, 14, 15, 15], "texture": "#0"}
			}
		}
	],
	"display": {
		"thirdperson_righthand": {
			"translation": [4.25, 7, 5],
			"scale": [0.5, 0.5, 0.5]
		},
		"thirdperson_lefthand": {
			"translation": [-16, 7, 5],
			"scale": [0.5, 0.5, 0.5]
		},
		"firstperson_righthand": {
			"rotation": [13, 0, 0],
			"translation": [6.5, 3.75, 0],
			"scale": [0.3, 0.3, 0.3]
		},
		"firstperson_lefthand": {
			"rotation": [13, 0, 0],
			"translation": [2, 3.75, 0],
			"scale": [0.3, 0.3, 0.3]
		},
		"ground": {
			"rotation": [-92.5, 0, 0],
			"translation": [2.25, 0, 0],
			"scale": [0.3, 0.3, 0.3]
		},
		"gui": {
			"rotation": [0, 0, 45],
			"translation": [2.75, 3, 0],
			"scale": [0.5, 0.5, 0.5]
		},
		"head": {
			"rotation": [-90, 0, 0],
			"translation": [8, 7.5, -2]
		},
		"fixed": {
			"rotation": [0, 0, 45],
			"translation": [2.75, 3, 0],
			"scale": [0.5, 0.5, 0.5]
		}
	},
	"groups": [
		{
			"name": "group",
			"origin": [8, 8, 8],
			"color": 0,
			"children": [
				{
					"name": "hexadecagon",
					"origin": [8, 8, 8],
					"color": 0,
					"children": [0, 1, 2, 3, 4, 5, 6, 7]
				},
				{
					"name": "hexadecagon",
					"origin": [8, 8, 8],
					"color": 0,
					"children": [8, 9, 10, 11, 12, 13, 14, 15]
				},
				{
					"name": "hexadecagon",
					"origin": [8, 8, 8],
					"color": 0,
					"children": [16, 17, 18, 19, 20, 21, 22, 23]
				}
			]
		},
		{
			"name": "group",
			"origin": [8, 8, 8],
			"color": 0,
			"children": [
				{
					"name": "group",
					"origin": [8, 8, 8],
					"color": 0,
					"children": [24, 25]
				}, 26]
		}
	]
}