{
	"credit": "Made with Blockbench",
	"textures": {
		"1": "items/eyama/bsp",
		"particle": "items/eyama/bs"
	},
	"elements": [
		{
			"name": "hexadecagon",
			"from": [-0.25859, -15.5, -1.3],
			"to": [0.25859, -14.5, 1.3],
			"rotation": {"angle": -45, "axis": "y", "origin": [0, -16, 0]},
			"faces": {
				"north": {"uv": [14.5, 7, 15.5, 8], "texture": "#1"},
				"east": {"uv": [14.5, 7, 15.5, 8], "texture": "#1"},
				"south": {"uv": [14.5, 7, 15.5, 8], "texture": "#1"},
				"west": {"uv": [14.5, 7, 15.5, 8], "texture": "#1"},
				"up": {"uv": [14.5, 7, 15.5, 8], "texture": "#1"},
				"down": {"uv": [14.5, 7, 15.5, 8], "texture": "#1"}
			}
		},
		{
			"name": "hexadecagon",
			"from": [-0.25859, -15.5, -1.3],
			"to": [0.25859, -14.5, 1.3],
			"rotation": {"angle": -22.5, "axis": "y", "origin": [0, -16, 0]},
			"faces": {
				"north": {"uv": [14.5, 7, 15.5, 8], "texture": "#1"},
				"east": {"uv": [14.5, 7, 15.5, 8], "texture": "#1"},
				"south": {"uv": [14.5, 7, 15.5, 8], "texture": "#1"},
				"west": {"uv": [14.5, 7, 15.5, 8], "texture": "#1"},
				"up": {"uv": [14.5, 7, 15.5, 8], "texture": "#1"},
				"down": {"uv": [14.5, 7, 15.5, 8], "texture": "#1"}
			}
		},
		{
			"name": "hexadecagon",
			"from": [-0.25859, -15.5, -1.3],
			"to": [0.25859, -14.5, 1.3],
			"rotation": {"angle": 0, "axis": "y", "origin": [0, -16, 0]},
			"faces": {
				"north": {"uv": [14.5, 7, 15.5, 8], "texture": "#1"},
				"east": {"uv": [14.5, 7, 15.5, 8], "texture": "#1"},
				"south": {"uv": [14.5, 7, 15.5, 8], "texture": "#1"},
				"west": {"uv": [14.5, 7, 15.5, 8], "texture": "#1"},
				"up": {"uv": [14.5, 7, 15.5, 8], "texture": "#1"},
				"down": {"uv": [14.5, 7, 15.5, 8], "texture": "#1"}
			}
		},
		{
			"name": "hexadecagon",
			"from": [-0.25859, -15.5, -1.3],
			"to": [0.25859, -14.5, 1.3],
			"rotation": {"angle": 22.5, "axis": "y", "origin": [0, -16, 0]},
			"faces": {
				"north": {"uv": [14.5, 7, 15.5, 8], "texture": "#1"},
				"east": {"uv": [14.5, 7, 15.5, 8], "texture": "#1"},
				"south": {"uv": [14.5, 7, 15.5, 8], "texture": "#1"},
				"west": {"uv": [14.5, 7, 15.5, 8], "texture": "#1"},
				"up": {"uv": [14.5, 7, 15.5, 8], "texture": "#1"},
				"down": {"uv": [14.5, 7, 15.5, 8], "texture": "#1"}
			}
		},
		{
			"name": "hexadecagon",
			"from": [-0.25859, -15.5, -1.3],
			"to": [0.25859, -14.5, 1.3],
			"rotation": {"angle": 45, "axis": "y", "origin": [0, -16, 0]},
			"faces": {
				"north": {"uv": [14.5, 7, 15.5, 8], "texture": "#1"},
				"east": {"uv": [14.5, 7, 15.5, 8], "texture": "#1"},
				"south": {"uv": [14.5, 7, 15.5, 8], "texture": "#1"},
				"west": {"uv": [14.5, 7, 15.5, 8], "texture": "#1"},
				"up": {"uv": [14.5, 7, 15.5, 8], "texture": "#1"},
				"down": {"uv": [14.5, 7, 15.5, 8], "texture": "#1"}
			}
		},
		{
			"name": "hexadecagon",
			"from": [-1.3, -15.5, -0.25859],
			"to": [1.3, -14.5, 0.25859],
			"rotation": {"angle": -22.5, "axis": "y", "origin": [0, -16, 0]},
			"faces": {
				"north": {"uv": [14.5, 7, 15.5, 8], "texture": "#1"},
				"east": {"uv": [14.5, 7, 15.5, 8], "texture": "#1"},
				"south": {"uv": [14.5, 7, 15.5, 8], "texture": "#1"},
				"west": {"uv": [14.5, 7, 15.5, 8], "texture": "#1"},
				"up": {"uv": [14.5, 7, 15.5, 8], "texture": "#1"},
				"down": {"uv": [14.5, 7, 15.5, 8], "texture": "#1"}
			}
		},
		{
			"name": "hexadecagon",
			"from": [-1.3, -15.5, -0.25859],
			"to": [1.3, -14.5, 0.25859],
			"rotation": {"angle": 0, "axis": "y", "origin": [0, -16, 0]},
			"faces": {
				"north": {"uv": [14.5, 7, 15.5, 8], "texture": "#1"},
				"east": {"uv": [14.5, 7, 15.5, 8], "texture": "#1"},
				"south": {"uv": [14.5, 7, 15.5, 8], "texture": "#1"},
				"west": {"uv": [14.5, 7, 15.5, 8], "texture": "#1"},
				"up": {"uv": [14.5, 7, 15.5, 8], "texture": "#1"},
				"down": {"uv": [14.5, 7, 15.5, 8], "texture": "#1"}
			}
		},
		{
			"name": "hexadecagon",
			"from": [-1.3, -15.5, -0.25859],
			"to": [1.3, -14.5, 0.25859],
			"rotation": {"angle": 22.5, "axis": "y", "origin": [0, -16, 0]},
			"faces": {
				"north": {"uv": [14.5, 7, 15.5, 8], "texture": "#1"},
				"east": {"uv": [14.5, 7, 15.5, 8], "texture": "#1"},
				"south": {"uv": [14.5, 7, 15.5, 8], "texture": "#1"},
				"west": {"uv": [14.5, 7, 15.5, 8], "texture": "#1"},
				"up": {"uv": [14.5, 7, 15.5, 8], "texture": "#1"},
				"down": {"uv": [14.5, 7, 15.5, 8], "texture": "#1"}
			}
		},
		{
			"name": "hexadecagon",
			"from": [-0.19891, -15, -1],
			"to": [0.19891, -5, 1],
			"rotation": {"angle": -45, "axis": "y", "origin": [0, -10, 0]},
			"faces": {
				"north": {"uv": [14.5, 7, 15.5, 8], "texture": "#1"},
				"east": {"uv": [14.5, 7, 15.5, 8], "texture": "#1"},
				"south": {"uv": [14.5, 7, 15.5, 8], "texture": "#1"},
				"west": {"uv": [14.5, 7, 15.5, 8], "texture": "#1"},
				"up": {"uv": [14.5, 7, 15.5, 8], "texture": "#1"},
				"down": {"uv": [14.5, 7, 15.5, 8], "texture": "#1"}
			}
		},
		{
			"name": "hexadecagon",
			"from": [-0.19891, -15, -1],
			"to": [0.19891, -5, 1],
			"rotation": {"angle": -22.5, "axis": "y", "origin": [0, -10, 0]},
			"faces": {
				"north": {"uv": [14.5, 7, 15.5, 8], "texture": "#1"},
				"east": {"uv": [14.5, 7, 15.5, 8], "texture": "#1"},
				"south": {"uv": [14.5, 7, 15.5, 8], "texture": "#1"},
				"west": {"uv": [14.5, 7, 15.5, 8], "texture": "#1"},
				"up": {"uv": [14.5, 7, 15.5, 8], "texture": "#1"},
				"down": {"uv": [14.5, 7, 15.5, 8], "texture": "#1"}
			}
		},
		{
			"name": "hexadecagon",
			"from": [-0.19891, -15, -1],
			"to": [0.19891, -5, 1],
			"rotation": {"angle": 0, "axis": "y", "origin": [0, -10, 0]},
			"faces": {
				"north": {"uv": [14.5, 7, 15.5, 8], "texture": "#1"},
				"east": {"uv": [14.5, 7, 15.5, 8], "texture": "#1"},
				"south": {"uv": [14.5, 7, 15.5, 8], "texture": "#1"},
				"west": {"uv": [14.5, 7, 15.5, 8], "texture": "#1"},
				"up": {"uv": [14.5, 7, 15.5, 8], "texture": "#1"},
				"down": {"uv": [14.5, 7, 15.5, 8], "texture": "#1"}
			}
		},
		{
			"name": "hexadecagon",
			"from": [-0.19891, -15, -1],
			"to": [0.19891, -5, 1],
			"rotation": {"angle": 22.5, "axis": "y", "origin": [0, -10, 0]},
			"faces": {
				"north": {"uv": [14.5, 7, 15.5, 8], "texture": "#1"},
				"east": {"uv": [14.5, 7, 15.5, 8], "texture": "#1"},
				"south": {"uv": [14.5, 7, 15.5, 8], "texture": "#1"},
				"west": {"uv": [14.5, 7, 15.5, 8], "texture": "#1"},
				"up": {"uv": [14.5, 7, 15.5, 8], "texture": "#1"},
				"down": {"uv": [14.5, 7, 15.5, 8], "texture": "#1"}
			}
		},
		{
			"name": "hexadecagon",
			"from": [-0.19891, -15, -1],
			"to": [0.19891, -5, 1],
			"rotation": {"angle": 45, "axis": "y", "origin": [0, -10, 0]},
			"faces": {
				"north": {"uv": [14.5, 7, 15.5, 8], "texture": "#1"},
				"east": {"uv": [14.5, 7, 15.5, 8], "texture": "#1"},
				"south": {"uv": [14.5, 7, 15.5, 8], "texture": "#1"},
				"west": {"uv": [14.5, 7, 15.5, 8], "texture": "#1"},
				"up": {"uv": [14.5, 7, 15.5, 8], "texture": "#1"},
				"down": {"uv": [14.5, 7, 15.5, 8], "texture": "#1"}
			}
		},
		{
			"name": "hexadecagon",
			"from": [-1, -15, -0.19891],
			"to": [1, -5, 0.19891],
			"rotation": {"angle": -22.5, "axis": "y", "origin": [0, -10, 0]},
			"faces": {
				"north": {"uv": [14.5, 7, 15.5, 8], "texture": "#1"},
				"east": {"uv": [14.5, 7, 15.5, 8], "texture": "#1"},
				"south": {"uv": [14.5, 7, 15.5, 8], "texture": "#1"},
				"west": {"uv": [14.5, 7, 15.5, 8], "texture": "#1"},
				"up": {"uv": [14.5, 7, 15.5, 8], "texture": "#1"},
				"down": {"uv": [14.5, 7, 15.5, 8], "texture": "#1"}
			}
		},
		{
			"name": "hexadecagon",
			"from": [-1, -15, -0.19891],
			"to": [1, -5, 0.19891],
			"rotation": {"angle": 0, "axis": "y", "origin": [0, -10, 0]},
			"faces": {
				"north": {"uv": [14.5, 7, 15.5, 8], "texture": "#1"},
				"east": {"uv": [14.5, 7, 15.5, 8], "texture": "#1"},
				"south": {"uv": [14.5, 7, 15.5, 8], "texture": "#1"},
				"west": {"uv": [14.5, 7, 15.5, 8], "texture": "#1"},
				"up": {"uv": [14.5, 7, 15.5, 8], "texture": "#1"},
				"down": {"uv": [14.5, 7, 15.5, 8], "texture": "#1"}
			}
		},
		{
			"name": "hexadecagon",
			"from": [-1, -15, -0.19891],
			"to": [1, -5, 0.19891],
			"rotation": {"angle": 22.5, "axis": "y", "origin": [0, -10, 0]},
			"faces": {
				"north": {"uv": [14.5, 7, 15.5, 8], "texture": "#1"},
				"east": {"uv": [14.5, 7, 15.5, 8], "texture": "#1"},
				"south": {"uv": [14.5, 7, 15.5, 8], "texture": "#1"},
				"west": {"uv": [14.5, 7, 15.5, 8], "texture": "#1"},
				"up": {"uv": [14.5, 7, 15.5, 8], "texture": "#1"},
				"down": {"uv": [14.5, 7, 15.5, 8], "texture": "#1"}
			}
		},
		{
			"name": "hexadecagon",
			"from": [-0.29837, -5.5, -1.5],
			"to": [0.29837, -3.5, 1.5],
			"rotation": {"angle": -45, "axis": "y", "origin": [0, -4, 0]},
			"faces": {
				"north": {"uv": [14.5, 7, 15.5, 8], "texture": "#1"},
				"east": {"uv": [14.5, 7, 15.5, 8], "texture": "#1"},
				"south": {"uv": [14.5, 7, 15.5, 8], "texture": "#1"},
				"west": {"uv": [14.5, 7, 15.5, 8], "texture": "#1"},
				"up": {"uv": [14.5, 7, 15.5, 8], "texture": "#1"},
				"down": {"uv": [14.5, 7, 15.5, 8], "texture": "#1"}
			}
		},
		{
			"name": "hexadecagon",
			"from": [-0.29837, -5.5, -1.5],
			"to": [0.29837, -3.5, 1.5],
			"rotation": {"angle": -22.5, "axis": "y", "origin": [0, -4, 0]},
			"faces": {
				"north": {"uv": [14.5, 7, 15.5, 8], "texture": "#1"},
				"east": {"uv": [14.5, 7, 15.5, 8], "texture": "#1"},
				"south": {"uv": [14.5, 7, 15.5, 8], "texture": "#1"},
				"west": {"uv": [14.5, 7, 15.5, 8], "texture": "#1"},
				"up": {"uv": [14.5, 7, 15.5, 8], "texture": "#1"},
				"down": {"uv": [14.5, 7, 15.5, 8], "texture": "#1"}
			}
		},
		{
			"name": "hexadecagon",
			"from": [-0.29837, -5.5, -1.5],
			"to": [0.29837, -3.5, 1.5],
			"rotation": {"angle": 0, "axis": "y", "origin": [0, -4, 0]},
			"faces": {
				"north": {"uv": [14.5, 7, 15.5, 8], "texture": "#1"},
				"east": {"uv": [14.5, 7, 15.5, 8], "texture": "#1"},
				"south": {"uv": [14.5, 7, 15.5, 8], "texture": "#1"},
				"west": {"uv": [14.5, 7, 15.5, 8], "texture": "#1"},
				"up": {"uv": [14.5, 7, 15.5, 8], "texture": "#1"},
				"down": {"uv": [14.5, 7, 15.5, 8], "texture": "#1"}
			}
		},
		{
			"name": "hexadecagon",
			"from": [-0.29837, -5.5, -1.5],
			"to": [0.29837, -3.5, 1.5],
			"rotation": {"angle": 22.5, "axis": "y", "origin": [0, -4, 0]},
			"faces": {
				"north": {"uv": [14.5, 7, 15.5, 8], "texture": "#1"},
				"east": {"uv": [14.5, 7, 15.5, 8], "texture": "#1"},
				"south": {"uv": [14.5, 7, 15.5, 8], "texture": "#1"},
				"west": {"uv": [14.5, 7, 15.5, 8], "texture": "#1"},
				"up": {"uv": [14.5, 7, 15.5, 8], "texture": "#1"},
				"down": {"uv": [14.5, 7, 15.5, 8], "texture": "#1"}
			}
		},
		{
			"name": "hexadecagon",
			"from": [-0.29837, -5.5, -1.5],
			"to": [0.29837, -3.5, 1.5],
			"rotation": {"angle": 45, "axis": "y", "origin": [0, -4, 0]},
			"faces": {
				"north": {"uv": [14.5, 7, 15.5, 8], "texture": "#1"},
				"east": {"uv": [14.5, 7, 15.5, 8], "texture": "#1"},
				"south": {"uv": [14.5, 7, 15.5, 8], "texture": "#1"},
				"west": {"uv": [14.5, 7, 15.5, 8], "texture": "#1"},
				"up": {"uv": [14.5, 7, 15.5, 8], "texture": "#1"},
				"down": {"uv": [14.5, 7, 15.5, 8], "texture": "#1"}
			}
		},
		{
			"name": "hexadecagon",
			"from": [-1.5, -5.5, -0.29837],
			"to": [1.5, -3.5, 0.29837],
			"rotation": {"angle": -22.5, "axis": "y", "origin": [0, -4, 0]},
			"faces": {
				"north": {"uv": [14.5, 7, 15.5, 8], "texture": "#1"},
				"east": {"uv": [14.5, 7, 15.5, 8], "texture": "#1"},
				"south": {"uv": [14.5, 7, 15.5, 8], "texture": "#1"},
				"west": {"uv": [14.5, 7, 15.5, 8], "texture": "#1"},
				"up": {"uv": [14.5, 7, 15.5, 8], "texture": "#1"},
				"down": {"uv": [14.5, 7, 15.5, 8], "texture": "#1"}
			}
		},
		{
			"name": "hexadecagon",
			"from": [-1.5, -5.5, -0.29837],
			"to": [1.5, -3.5, 0.29837],
			"rotation": {"angle": 0, "axis": "y", "origin": [0, -4, 0]},
			"faces": {
				"north": {"uv": [14.5, 7, 15.5, 8], "texture": "#1"},
				"east": {"uv": [14.5, 7, 15.5, 8], "texture": "#1"},
				"south": {"uv": [14.5, 7, 15.5, 8], "texture": "#1"},
				"west": {"uv": [14.5, 7, 15.5, 8], "texture": "#1"},
				"up": {"uv": [14.5, 7, 15.5, 8], "texture": "#1"},
				"down": {"uv": [14.5, 7, 15.5, 8], "texture": "#1"}
			}
		},
		{
			"name": "hexadecagon",
			"from": [-1.5, -5.5, -0.29837],
			"to": [1.5, -3.5, 0.29837],
			"rotation": {"angle": 22.5, "axis": "y", "origin": [0, -4, 0]},
			"faces": {
				"north": {"uv": [14.5, 7, 15.5, 8], "texture": "#1"},
				"east": {"uv": [14.5, 7, 15.5, 8], "texture": "#1"},
				"south": {"uv": [14.5, 7, 15.5, 8], "texture": "#1"},
				"west": {"uv": [14.5, 7, 15.5, 8], "texture": "#1"},
				"up": {"uv": [14.5, 7, 15.5, 8], "texture": "#1"},
				"down": {"uv": [14.5, 7, 15.5, 8], "texture": "#1"}
			}
		},
		{
			"name": "hexadecagon",
			"from": [-0.19891, -3.5, -1],
			"to": [0.19891, -1.5, 1],
			"rotation": {"angle": -45, "axis": "y", "origin": [0, -2, 0]},
			"faces": {
				"north": {"uv": [0, 0, 0, 0], "texture": "#1"},
				"south": {"uv": [0, 0, 0, 0], "texture": "#1"},
				"up": {"uv": [0, 0, 0, 0], "texture": "#1"}
			}
		},
		{
			"name": "hexadecagon",
			"from": [-0.19891, -3.5, -1],
			"to": [0.19891, -1.5, 1],
			"rotation": {"angle": -22.5, "axis": "y", "origin": [0, -2, 0]},
			"faces": {
				"north": {"uv": [0, 0, 0, 0], "texture": "#1"},
				"south": {"uv": [0, 0, 0, 0], "texture": "#1"},
				"up": {"uv": [0, 0, 0, 0], "texture": "#1"}
			}
		},
		{
			"name": "hexadecagon",
			"from": [-0.19891, -3.5, -1],
			"to": [0.19891, -1.5, 1],
			"rotation": {"angle": 0, "axis": "y", "origin": [0, -2, 0]},
			"faces": {
				"north": {"uv": [0, 0, 0, 0], "texture": "#1"},
				"south": {"uv": [0, 0, 0, 0], "texture": "#1"},
				"up": {"uv": [0, 0, 0, 0], "texture": "#1"}
			}
		},
		{
			"name": "hexadecagon",
			"from": [-0.19891, -3.5, -1],
			"to": [0.19891, -1.5, 1],
			"rotation": {"angle": 22.5, "axis": "y", "origin": [0, -2, 0]},
			"faces": {
				"north": {"uv": [0, 0, 0, 0], "texture": "#1"},
				"south": {"uv": [0, 0, 0, 0], "texture": "#1"},
				"up": {"uv": [0, 0, 0, 0], "texture": "#1"}
			}
		},
		{
			"name": "hexadecagon",
			"from": [-0.19891, -3.5, -1],
			"to": [0.19891, -1.5, 1],
			"rotation": {"angle": 45, "axis": "y", "origin": [0, -2, 0]},
			"faces": {
				"north": {"uv": [0, 0, 0, 0], "texture": "#1"},
				"south": {"uv": [0, 0, 0, 0], "texture": "#1"},
				"up": {"uv": [0, 0, 0, 0], "texture": "#1"}
			}
		},
		{
			"name": "hexadecagon",
			"from": [-1, -3.5, -0.19891],
			"to": [1, -1.5, 0.19891],
			"rotation": {"angle": -22.5, "axis": "y", "origin": [0, -2, 0]},
			"faces": {
				"east": {"uv": [0, 0, 0, 0], "texture": "#1"},
				"west": {"uv": [0, 0, 0, 0], "texture": "#1"},
				"up": {"uv": [0, 0, 0, 0], "texture": "#1"}
			}
		},
		{
			"name": "hexadecagon",
			"from": [-1, -3.5, -0.19891],
			"to": [1, -1.5, 0.19891],
			"rotation": {"angle": 0, "axis": "y", "origin": [0, -2, 0]},
			"faces": {
				"east": {"uv": [0, 0, 0, 0], "texture": "#1"},
				"west": {"uv": [0, 0, 0, 0], "texture": "#1"},
				"up": {"uv": [0, 0, 0, 0], "texture": "#1"}
			}
		},
		{
			"name": "hexadecagon",
			"from": [-1, -3.5, -0.19891],
			"to": [1, -1.5, 0.19891],
			"rotation": {"angle": 22.5, "axis": "y", "origin": [0, -2, 0]},
			"faces": {
				"east": {"uv": [0, 0, 0, 0], "texture": "#1"},
				"west": {"uv": [0, 0, 0, 0], "texture": "#1"},
				"up": {"uv": [0, 0, 0, 0], "texture": "#1"}
			}
		},
		{
			"name": "hexadecagon",
			"from": [-0.25859, -1.5, -1.3],
			"to": [0.25859, 1.5, 1.3],
			"rotation": {"angle": -45, "axis": "y", "origin": [0, 11, 0]},
			"faces": {
				"north": {"uv": [0, 0, 0, 0], "texture": "#1"},
				"south": {"uv": [0, 0, 0, 0], "texture": "#1"},
				"up": {"uv": [0, 0, 0, 0], "texture": "#1"},
				"down": {"uv": [0, 0, 0, 0], "texture": "#1"}
			}
		},
		{
			"name": "hexadecagon",
			"from": [-0.25859, -1.5, -1.3],
			"to": [0.25859, 1.5, 1.3],
			"rotation": {"angle": -22.5, "axis": "y", "origin": [0, 11, 0]},
			"faces": {
				"north": {"uv": [0, 0, 0, 0], "texture": "#1"},
				"south": {"uv": [0, 0, 0, 0], "texture": "#1"},
				"up": {"uv": [0, 0, 0, 0], "texture": "#1"},
				"down": {"uv": [0, 0, 0, 0], "texture": "#1"}
			}
		},
		{
			"name": "hexadecagon",
			"from": [-0.25859, -1.5, -1.3],
			"to": [0.25859, 1.5, 1.3],
			"rotation": {"angle": 0, "axis": "y", "origin": [0, 11, 0]},
			"faces": {
				"north": {"uv": [0, 0, 0, 0], "texture": "#1"},
				"south": {"uv": [0, 0, 0, 0], "texture": "#1"},
				"up": {"uv": [0, 0, 0, 0], "texture": "#1"},
				"down": {"uv": [0, 0, 0, 0], "texture": "#1"}
			}
		},
		{
			"name": "hexadecagon",
			"from": [-0.25859, -1.5, -1.3],
			"to": [0.25859, 1.5, 1.3],
			"rotation": {"angle": 22.5, "axis": "y", "origin": [0, 11, 0]},
			"faces": {
				"north": {"uv": [0, 0, 0, 0], "texture": "#1"},
				"south": {"uv": [0, 0, 0, 0], "texture": "#1"},
				"up": {"uv": [0, 0, 0, 0], "texture": "#1"},
				"down": {"uv": [0, 0, 0, 0], "texture": "#1"}
			}
		},
		{
			"name": "hexadecagon",
			"from": [-0.25859, -1.5, -1.3],
			"to": [0.25859, 1.5, 1.3],
			"rotation": {"angle": 45, "axis": "y", "origin": [0, 11, 0]},
			"faces": {
				"north": {"uv": [0, 0, 0, 0], "texture": "#1"},
				"south": {"uv": [0, 0, 0, 0], "texture": "#1"},
				"up": {"uv": [0, 0, 0, 0], "texture": "#1"},
				"down": {"uv": [0, 0, 0, 0], "texture": "#1"}
			}
		},
		{
			"name": "hexadecagon",
			"from": [-1.3, -1.5, -0.25859],
			"to": [1.3, 1.5, 0.25859],
			"rotation": {"angle": -22.5, "axis": "y", "origin": [0, 11, 0]},
			"faces": {
				"east": {"uv": [0, 0, 0, 0], "texture": "#1"},
				"west": {"uv": [0, 0, 0, 0], "texture": "#1"},
				"up": {"uv": [0, 0, 0, 0], "texture": "#1"},
				"down": {"uv": [0, 0, 0, 0], "texture": "#1"}
			}
		},
		{
			"name": "hexadecagon",
			"from": [-1.3, -1.5, -0.25859],
			"to": [1.3, 1.5, 0.25859],
			"rotation": {"angle": 0, "axis": "y", "origin": [0, 11, 0]},
			"faces": {
				"east": {"uv": [0, 0, 0, 0], "texture": "#1"},
				"west": {"uv": [0, 0, 0, 0], "texture": "#1"},
				"up": {"uv": [0, 0, 0, 0], "texture": "#1"},
				"down": {"uv": [0, 0, 0, 0], "texture": "#1"}
			}
		},
		{
			"name": "hexadecagon",
			"from": [-1.3, -1.5, -0.25859],
			"to": [1.3, 1.5, 0.25859],
			"rotation": {"angle": 22.5, "axis": "y", "origin": [0, 11, 0]},
			"faces": {
				"east": {"uv": [0, 0, 0, 0], "texture": "#1"},
				"west": {"uv": [0, 0, 0, 0], "texture": "#1"},
				"up": {"uv": [0, 0, 0, 0], "texture": "#1"},
				"down": {"uv": [0, 0, 0, 0], "texture": "#1"}
			}
		},
		{
			"name": "hexadecagon",
			"from": [-0.19891, 1.5, -1],
			"to": [0.19891, 21.5, 1],
			"rotation": {"angle": -45, "axis": "y", "origin": [0, 24, 0]},
			"faces": {
				"north": {"uv": [0, 0, 0, 0], "texture": "#1"},
				"south": {"uv": [0, 0, 0, 0], "texture": "#1"},
				"up": {"uv": [0, 0, 0, 0], "texture": "#1"}
			}
		},
		{
			"name": "hexadecagon",
			"from": [-0.19891, 1.5, -1],
			"to": [0.19891, 21.5, 1],
			"rotation": {"angle": -22.5, "axis": "y", "origin": [0, 24, 0]},
			"faces": {
				"north": {"uv": [0, 0, 0, 0], "texture": "#1"},
				"south": {"uv": [0, 0, 0, 0], "texture": "#1"},
				"up": {"uv": [0, 0, 0, 0], "texture": "#1"}
			}
		},
		{
			"name": "hexadecagon",
			"from": [-0.19891, 1.5, -1],
			"to": [0.19891, 21.5, 1],
			"rotation": {"angle": 0, "axis": "y", "origin": [0, 24, 0]},
			"faces": {
				"north": {"uv": [0, 0, 0, 0], "texture": "#1"},
				"south": {"uv": [0, 0, 0, 0], "texture": "#1"},
				"up": {"uv": [0, 0, 0, 0], "texture": "#1"}
			}
		},
		{
			"name": "hexadecagon",
			"from": [-0.19891, 1.5, -1],
			"to": [0.19891, 21.5, 1],
			"rotation": {"angle": 22.5, "axis": "y", "origin": [0, 24, 0]},
			"faces": {
				"north": {"uv": [0, 0, 0, 0], "texture": "#1"},
				"south": {"uv": [0, 0, 0, 0], "texture": "#1"},
				"up": {"uv": [0, 0, 0, 0], "texture": "#1"}
			}
		},
		{
			"name": "hexadecagon",
			"from": [-0.19891, 1.5, -1],
			"to": [0.19891, 21.5, 1],
			"rotation": {"angle": 45, "axis": "y", "origin": [0, 24, 0]},
			"faces": {
				"north": {"uv": [0, 0, 0, 0], "texture": "#1"},
				"south": {"uv": [0, 0, 0, 0], "texture": "#1"},
				"up": {"uv": [0, 0, 0, 0], "texture": "#1"}
			}
		},
		{
			"name": "hexadecagon",
			"from": [-1, 1.5, -0.19891],
			"to": [1, 21.5, 0.19891],
			"rotation": {"angle": -22.5, "axis": "y", "origin": [0, 24, 0]},
			"faces": {
				"east": {"uv": [0, 0, 0, 0], "texture": "#1"},
				"west": {"uv": [0, 0, 0, 0], "texture": "#1"},
				"up": {"uv": [0, 0, 0, 0], "texture": "#1"}
			}
		},
		{
			"name": "hexadecagon",
			"from": [-1, 1.5, -0.19891],
			"to": [1, 21.5, 0.19891],
			"rotation": {"angle": 0, "axis": "y", "origin": [0, 24, 0]},
			"faces": {
				"east": {"uv": [0, 0, 0, 0], "texture": "#1"},
				"west": {"uv": [0, 0, 0, 0], "texture": "#1"},
				"up": {"uv": [0, 0, 0, 0], "texture": "#1"}
			}
		},
		{
			"name": "hexadecagon",
			"from": [-1, 1.5, -0.19891],
			"to": [1, 21.5, 0.19891],
			"rotation": {"angle": 22.5, "axis": "y", "origin": [0, 24, 0]},
			"faces": {
				"east": {"uv": [0, 0, 0, 0], "texture": "#1"},
				"west": {"uv": [0, 0, 0, 0], "texture": "#1"},
				"up": {"uv": [0, 0, 0, 0], "texture": "#1"}
			}
		},
		{
			"name": "hexadecagon",
			"from": [-0.13924, 21.5, -0.7],
			"to": [0.13924, 28.5, 0.7],
			"rotation": {"angle": -45, "axis": "y", "origin": [0, 31, 0]},
			"faces": {
				"north": {"uv": [0, 0, 0, 0], "texture": "#1"},
				"south": {"uv": [0, 0, 0, 0], "texture": "#1"},
				"up": {"uv": [0, 0, 0, 0], "texture": "#1"}
			}
		},
		{
			"name": "hexadecagon",
			"from": [-0.13924, 21.5, -0.7],
			"to": [0.13924, 28.5, 0.7],
			"rotation": {"angle": -22.5, "axis": "y", "origin": [0, 31, 0]},
			"faces": {
				"north": {"uv": [0, 0, 0, 0], "texture": "#1"},
				"south": {"uv": [0, 0, 0, 0], "texture": "#1"},
				"up": {"uv": [0, 0, 0, 0], "texture": "#1"}
			}
		},
		{
			"name": "hexadecagon",
			"from": [-0.13924, 21.5, -0.7],
			"to": [0.13924, 28.5, 0.7],
			"rotation": {"angle": 0, "axis": "y", "origin": [0, 31, 0]},
			"faces": {
				"north": {"uv": [0, 0, 0, 0], "texture": "#1"},
				"south": {"uv": [0, 0, 0, 0], "texture": "#1"},
				"up": {"uv": [0, 0, 0, 0], "texture": "#1"}
			}
		},
		{
			"name": "hexadecagon",
			"from": [-0.13924, 21.5, -0.7],
			"to": [0.13924, 28.5, 0.7],
			"rotation": {"angle": 22.5, "axis": "y", "origin": [0, 31, 0]},
			"faces": {
				"north": {"uv": [0, 0, 0, 0], "texture": "#1"},
				"south": {"uv": [0, 0, 0, 0], "texture": "#1"},
				"up": {"uv": [0, 0, 0, 0], "texture": "#1"}
			}
		},
		{
			"name": "hexadecagon",
			"from": [-0.13924, 21.5, -0.7],
			"to": [0.13924, 28.5, 0.7],
			"rotation": {"angle": 45, "axis": "y", "origin": [0, 31, 0]},
			"faces": {
				"north": {"uv": [0, 0, 0, 0], "texture": "#1"},
				"south": {"uv": [0, 0, 0, 0], "texture": "#1"},
				"up": {"uv": [0, 0, 0, 0], "texture": "#1"}
			}
		},
		{
			"name": "hexadecagon",
			"from": [-0.7, 21.5, -0.13924],
			"to": [0.7, 28.5, 0.13924],
			"rotation": {"angle": -22.5, "axis": "y", "origin": [0, 31, 0]},
			"faces": {
				"east": {"uv": [0, 0, 0, 0], "texture": "#1"},
				"west": {"uv": [0, 0, 0, 0], "texture": "#1"},
				"up": {"uv": [0, 0, 0, 0], "texture": "#1"}
			}
		},
		{
			"name": "hexadecagon",
			"from": [-0.7, 21.5, -0.13924],
			"to": [0.7, 28.5, 0.13924],
			"rotation": {"angle": 0, "axis": "y", "origin": [0, 31, 0]},
			"faces": {
				"east": {"uv": [0, 0, 0, 0], "texture": "#1"},
				"west": {"uv": [0, 0, 0, 0], "texture": "#1"},
				"up": {"uv": [0, 0, 0, 0], "texture": "#1"}
			}
		},
		{
			"name": "hexadecagon",
			"from": [-0.7, 21.5, -0.13924],
			"to": [0.7, 28.5, 0.13924],
			"rotation": {"angle": 22.5, "axis": "y", "origin": [0, 31, 0]},
			"faces": {
				"east": {"uv": [0, 0, 0, 0], "texture": "#1"},
				"west": {"uv": [0, 0, 0, 0], "texture": "#1"},
				"up": {"uv": [0, 0, 0, 0], "texture": "#1"}
			}
		},
		{
			"name": "hexadecagon",
			"from": [-0.07956, 28.5, -0.4],
			"to": [0.07956, 31.5, 0.4],
			"rotation": {"angle": -45, "axis": "y", "origin": [0, 30, 0]},
			"faces": {
				"north": {"uv": [0, 0, 0, 0], "texture": "#1"},
				"south": {"uv": [0, 0, 0, 0], "texture": "#1"},
				"up": {"uv": [0, 0, 0, 0], "texture": "#1"}
			}
		},
		{
			"name": "hexadecagon",
			"from": [-0.07956, 28.5, -0.4],
			"to": [0.07956, 31.5, 0.4],
			"rotation": {"angle": -22.5, "axis": "y", "origin": [0, 30, 0]},
			"faces": {
				"north": {"uv": [0, 0, 0, 0], "texture": "#1"},
				"south": {"uv": [0, 0, 0, 0], "texture": "#1"},
				"up": {"uv": [0, 0, 0, 0], "texture": "#1"}
			}
		},
		{
			"name": "hexadecagon",
			"from": [-0.07956, 28.5, -0.4],
			"to": [0.07956, 31.5, 0.4],
			"rotation": {"angle": 0, "axis": "y", "origin": [0, 30, 0]},
			"faces": {
				"north": {"uv": [0, 0, 0, 0], "texture": "#1"},
				"south": {"uv": [0, 0, 0, 0], "texture": "#1"},
				"up": {"uv": [0, 0, 0, 0], "texture": "#1"}
			}
		},
		{
			"name": "hexadecagon",
			"from": [-0.07956, 28.5, -0.4],
			"to": [0.07956, 31.5, 0.4],
			"rotation": {"angle": 22.5, "axis": "y", "origin": [0, 30, 0]},
			"faces": {
				"north": {"uv": [0, 0, 0, 0], "texture": "#1"},
				"south": {"uv": [0, 0, 0, 0], "texture": "#1"},
				"up": {"uv": [0, 0, 0, 0], "texture": "#1"}
			}
		},
		{
			"name": "hexadecagon",
			"from": [-0.07956, 28.5, -0.4],
			"to": [0.07956, 31.5, 0.4],
			"rotation": {"angle": 45, "axis": "y", "origin": [0, 30, 0]},
			"faces": {
				"north": {"uv": [0, 0, 0, 0], "texture": "#1"},
				"south": {"uv": [0, 0, 0, 0], "texture": "#1"},
				"up": {"uv": [0, 0, 0, 0], "texture": "#1"}
			}
		},
		{
			"name": "hexadecagon",
			"from": [-0.4, 28.5, -0.07956],
			"to": [0.4, 31.5, 0.07956],
			"rotation": {"angle": -22.5, "axis": "y", "origin": [0, 30, 0]},
			"faces": {
				"east": {"uv": [0, 0, 0, 0], "texture": "#1"},
				"west": {"uv": [0, 0, 0, 0], "texture": "#1"},
				"up": {"uv": [0, 0, 0, 0], "texture": "#1"}
			}
		},
		{
			"name": "hexadecagon",
			"from": [-0.4, 28.5, -0.07956],
			"to": [0.4, 31.5, 0.07956],
			"rotation": {"angle": 0, "axis": "y", "origin": [0, 30, 0]},
			"faces": {
				"east": {"uv": [0, 0, 0, 0], "texture": "#1"},
				"west": {"uv": [0, 0, 0, 0], "texture": "#1"},
				"up": {"uv": [0, 0, 0, 0], "texture": "#1"}
			}
		},
		{
			"name": "hexadecagon",
			"from": [-0.4, 28.5, -0.07956],
			"to": [0.4, 31.5, 0.07956],
			"rotation": {"angle": 22.5, "axis": "y", "origin": [0, 30, 0]},
			"faces": {
				"east": {"uv": [0, 0, 0, 0], "texture": "#1"},
				"west": {"uv": [0, 0, 0, 0], "texture": "#1"},
				"up": {"uv": [0, 0, 0, 0], "texture": "#1"}
			}
		}
	],
	"display": {
		"thirdperson_righthand": {
			"translation": [-8, 7, 5],
			"scale": [0.5, 0.5, 0.5]
		},
		"thirdperson_lefthand": {
			"translation": [-16, 7, 5],
			"scale": [0.5, 0.5, 0.5]
		},
		"firstperson_righthand": {
			"rotation": [13, 0, 0],
			"translation": [5, 3.75, 2],
			"scale": [0.4, 0.47, 0.5]
		},
		"firstperson_lefthand": {
			"rotation": [13, 0, 0],
			"translation": [-2, 3.75, 2],
			"scale": [0.4, 0.47, 0.5]
		},
		"ground": {
			"rotation": [-92.5, 0, 0],
			"translation": [2.25, 0, 0],
			"scale": [0.3, 0.3, 0.3]
		},
		"gui": {
			"rotation": [0, 0, 45],
			"translation": [2.75, 3, 0],
			"scale": [0.5, 0.5, 0.5]
		},
		"head": {
			"rotation": [-90, 0, 0],
			"translation": [8, 7.5, -2]
		},
		"fixed": {
			"rotation": [0, 0, 45],
			"translation": [2.75, 3, 0],
			"scale": [0.5, 0.5, 0.5]
		}
	},
	"groups": [
		{
			"name": "group",
			"origin": [8, 8, 8],
			"color": 0,
			"children": [
				{
					"name": "hexadecagon",
					"origin": [8, 8, 8],
					"color": 0,
					"children": [0, 1, 2, 3, 4, 5, 6, 7]
				},
				{
					"name": "hexadecagon",
					"origin": [8, 8, 8],
					"color": 0,
					"children": [8, 9, 10, 11, 12, 13, 14, 15]
				},
				{
					"name": "hexadecagon",
					"origin": [8, 8, 8],
					"color": 0,
					"children": [16, 17, 18, 19, 20, 21, 22, 23]
				}
			]
		},
		{
			"name": "group",
			"origin": [8, 8, 8],
			"color": 0,
			"children": [
				{
					"name": "hexadecagon",
					"origin": [8, 8, 8],
					"color": 0,
					"children": [24, 25, 26, 27, 28, 29, 30, 31]
				},
				{
					"name": "hexadecagon",
					"origin": [8, 8, 8],
					"color": 0,
					"children": [32, 33, 34, 35, 36, 37, 38, 39]
				},
				{
					"name": "hexadecagon",
					"origin": [8, 8, 8],
					"color": 0,
					"children": [40, 41, 42, 43, 44, 45, 46, 47]
				},
				{
					"name": "hexadecagon",
					"origin": [8, 8, 8],
					"color": 0,
					"children": [48, 49, 50, 51, 52, 53, 54, 55]
				},
				{
					"name": "hexadecagon",
					"origin": [8, 8, 8],
					"color": 0,
					"children": [56, 57, 58, 59, 60, 61, 62, 63]
				}
			]
		}
	]
}