{
	"credit": "Made with Blockbench",
	"textures": {
		"0": "items/eyama/bst",
		"particle": "items/eyama/bst"
	},
	"elements": [
		{
			"name": "hexadecagon",
			"from": [7.70163, -15.5, 6.5],
			"to": [8.29837, -12.5, 9.5],
			"rotation": {"angle": -45, "axis": "y", "origin": [8, -13, 8]},
			"faces": {
				"north": {"uv": [14.5, 2, 15.5, 3], "texture": "#0"},
				"east": {"uv": [14.5, 2, 15.5, 3], "texture": "#0"},
				"south": {"uv": [14.5, 2, 15.5, 3], "texture": "#0"},
				"west": {"uv": [14.5, 2, 15.5, 3], "texture": "#0"},
				"up": {"uv": [14.5, 2, 15.5, 3], "texture": "#0"},
				"down": {"uv": [14.5, 2, 15.5, 3], "texture": "#0"}
			}
		},
		{
			"name": "hexadecagon",
			"from": [7.70163, -15.5, 6.5],
			"to": [8.29837, -12.5, 9.5],
			"rotation": {"angle": -22.5, "axis": "y", "origin": [8, -13, 8]},
			"faces": {
				"north": {"uv": [14.5, 2, 15.5, 3], "texture": "#0"},
				"east": {"uv": [14.5, 2, 15.5, 3], "texture": "#0"},
				"south": {"uv": [14.5, 2, 15.5, 3], "texture": "#0"},
				"west": {"uv": [14.5, 2, 15.5, 3], "texture": "#0"},
				"up": {"uv": [14.5, 2, 15.5, 3], "texture": "#0"},
				"down": {"uv": [14.5, 2, 15.5, 3], "texture": "#0"}
			}
		},
		{
			"name": "hexadecagon",
			"from": [7.70163, -15.5, 6.5],
			"to": [8.29837, -12.5, 9.5],
			"rotation": {"angle": 0, "axis": "y", "origin": [8, -13, 8]},
			"faces": {
				"north": {"uv": [14.5, 2, 15.5, 3], "texture": "#0"},
				"east": {"uv": [14.5, 2, 15.5, 3], "texture": "#0"},
				"south": {"uv": [14.5, 2, 15.5, 3], "texture": "#0"},
				"west": {"uv": [14.5, 2, 15.5, 3], "texture": "#0"},
				"up": {"uv": [14.5, 2, 15.5, 3], "texture": "#0"},
				"down": {"uv": [14.5, 2, 15.5, 3], "texture": "#0"}
			}
		},
		{
			"name": "hexadecagon",
			"from": [7.70163, -15.5, 6.5],
			"to": [8.29837, -12.5, 9.5],
			"rotation": {"angle": 22.5, "axis": "y", "origin": [8, -13, 8]},
			"faces": {
				"north": {"uv": [14.5, 2, 15.5, 3], "texture": "#0"},
				"east": {"uv": [14.5, 2, 15.5, 3], "texture": "#0"},
				"south": {"uv": [14.5, 2, 15.5, 3], "texture": "#0"},
				"west": {"uv": [14.5, 2, 15.5, 3], "texture": "#0"},
				"up": {"uv": [14.5, 2, 15.5, 3], "texture": "#0"},
				"down": {"uv": [14.5, 2, 15.5, 3], "texture": "#0"}
			}
		},
		{
			"name": "hexadecagon",
			"from": [7.70163, -15.5, 6.5],
			"to": [8.29837, -12.5, 9.5],
			"rotation": {"angle": 45, "axis": "y", "origin": [8, -13, 8]},
			"faces": {
				"north": {"uv": [14.5, 2, 15.5, 3], "texture": "#0"},
				"east": {"uv": [14.5, 2, 15.5, 3], "texture": "#0"},
				"south": {"uv": [14.5, 2, 15.5, 3], "texture": "#0"},
				"west": {"uv": [14.5, 2, 15.5, 3], "texture": "#0"},
				"up": {"uv": [14.5, 2, 15.5, 3], "texture": "#0"},
				"down": {"uv": [14.5, 2, 15.5, 3], "texture": "#0"}
			}
		},
		{
			"name": "hexadecagon",
			"from": [6.5, -15.5, 7.70163],
			"to": [9.5, -12.5, 8.29837],
			"rotation": {"angle": -22.5, "axis": "y", "origin": [8, -13, 8]},
			"faces": {
				"north": {"uv": [14.5, 2, 15.5, 3], "texture": "#0"},
				"east": {"uv": [14.5, 2, 15.5, 3], "texture": "#0"},
				"south": {"uv": [14.5, 2, 15.5, 3], "texture": "#0"},
				"west": {"uv": [14.5, 2, 15.5, 3], "texture": "#0"},
				"up": {"uv": [14.5, 2, 15.5, 3], "texture": "#0"},
				"down": {"uv": [14.5, 2, 15.5, 3], "texture": "#0"}
			}
		},
		{
			"name": "hexadecagon",
			"from": [6.5, -15.5, 7.70163],
			"to": [9.5, -12.5, 8.29837],
			"rotation": {"angle": 0, "axis": "y", "origin": [8, -13, 8]},
			"faces": {
				"north": {"uv": [14.5, 2, 15.5, 3], "texture": "#0"},
				"east": {"uv": [14.5, 2, 15.5, 3], "texture": "#0"},
				"south": {"uv": [14.5, 2, 15.5, 3], "texture": "#0"},
				"west": {"uv": [14.5, 2, 15.5, 3], "texture": "#0"},
				"up": {"uv": [14.5, 2, 15.5, 3], "texture": "#0"},
				"down": {"uv": [14.5, 2, 15.5, 3], "texture": "#0"}
			}
		},
		{
			"name": "hexadecagon",
			"from": [6.5, -15.5, 7.70163],
			"to": [9.5, -12.5, 8.29837],
			"rotation": {"angle": 22.5, "axis": "y", "origin": [8, -13, 8]},
			"faces": {
				"north": {"uv": [14.5, 2, 15.5, 3], "texture": "#0"},
				"east": {"uv": [14.5, 2, 15.5, 3], "texture": "#0"},
				"south": {"uv": [14.5, 2, 15.5, 3], "texture": "#0"},
				"west": {"uv": [14.5, 2, 15.5, 3], "texture": "#0"},
				"up": {"uv": [14.5, 2, 15.5, 3], "texture": "#0"},
				"down": {"uv": [14.5, 2, 15.5, 3], "texture": "#0"}
			}
		},
		{
			"name": "hexadecagon",
			"from": [7.80109, -12.5, 7],
			"to": [8.19891, -3.5, 9],
			"rotation": {"angle": -45, "axis": "y", "origin": [8, 0, 8]},
			"faces": {
				"north": {"uv": [14.5, 2, 15.5, 3], "texture": "#0"},
				"east": {"uv": [14.5, 2, 15.5, 3], "texture": "#0"},
				"south": {"uv": [14.5, 2, 15.5, 3], "texture": "#0"},
				"west": {"uv": [14.5, 2, 15.5, 3], "texture": "#0"},
				"up": {"uv": [14.5, 2, 15.5, 3], "texture": "#0"},
				"down": {"uv": [14.5, 2, 15.5, 3], "texture": "#0"}
			}
		},
		{
			"name": "hexadecagon",
			"from": [7.80109, -12.5, 7],
			"to": [8.19891, -3.5, 9],
			"rotation": {"angle": -22.5, "axis": "y", "origin": [8, 0, 8]},
			"faces": {
				"north": {"uv": [14.5, 2, 15.5, 3], "texture": "#0"},
				"east": {"uv": [14.5, 2, 15.5, 3], "texture": "#0"},
				"south": {"uv": [14.5, 2, 15.5, 3], "texture": "#0"},
				"west": {"uv": [14.5, 2, 15.5, 3], "texture": "#0"},
				"up": {"uv": [14.5, 2, 15.5, 3], "texture": "#0"},
				"down": {"uv": [14.5, 2, 15.5, 3], "texture": "#0"}
			}
		},
		{
			"name": "hexadecagon",
			"from": [7.80109, -12.5, 7],
			"to": [8.19891, -3.5, 9],
			"rotation": {"angle": 0, "axis": "y", "origin": [8, 0, 8]},
			"faces": {
				"north": {"uv": [14.5, 2, 15.5, 3], "texture": "#0"},
				"east": {"uv": [14.5, 2, 15.5, 3], "texture": "#0"},
				"south": {"uv": [14.5, 2, 15.5, 3], "texture": "#0"},
				"west": {"uv": [14.5, 2, 15.5, 3], "texture": "#0"},
				"up": {"uv": [14.5, 2, 15.5, 3], "texture": "#0"},
				"down": {"uv": [14.5, 2, 15.5, 3], "texture": "#0"}
			}
		},
		{
			"name": "hexadecagon",
			"from": [7.80109, -12.5, 7],
			"to": [8.19891, -3.5, 9],
			"rotation": {"angle": 22.5, "axis": "y", "origin": [8, 0, 8]},
			"faces": {
				"north": {"uv": [14.5, 2, 15.5, 3], "texture": "#0"},
				"east": {"uv": [14.5, 2, 15.5, 3], "texture": "#0"},
				"south": {"uv": [14.5, 2, 15.5, 3], "texture": "#0"},
				"west": {"uv": [14.5, 2, 15.5, 3], "texture": "#0"},
				"up": {"uv": [14.5, 2, 15.5, 3], "texture": "#0"},
				"down": {"uv": [14.5, 2, 15.5, 3], "texture": "#0"}
			}
		},
		{
			"name": "hexadecagon",
			"from": [7.80109, -12.5, 7],
			"to": [8.19891, -3.5, 9],
			"rotation": {"angle": 45, "axis": "y", "origin": [8, 0, 8]},
			"faces": {
				"north": {"uv": [14.5, 2, 15.5, 3], "texture": "#0"},
				"east": {"uv": [14.5, 2, 15.5, 3], "texture": "#0"},
				"south": {"uv": [14.5, 2, 15.5, 3], "texture": "#0"},
				"west": {"uv": [14.5, 2, 15.5, 3], "texture": "#0"},
				"up": {"uv": [14.5, 2, 15.5, 3], "texture": "#0"},
				"down": {"uv": [14.5, 2, 15.5, 3], "texture": "#0"}
			}
		},
		{
			"name": "hexadecagon",
			"from": [7, -12.5, 7.80109],
			"to": [9, -3.5, 8.19891],
			"rotation": {"angle": -22.5, "axis": "y", "origin": [8, 0, 8]},
			"faces": {
				"north": {"uv": [14.5, 2, 15.5, 3], "texture": "#0"},
				"east": {"uv": [14.5, 2, 15.5, 3], "texture": "#0"},
				"south": {"uv": [14.5, 2, 15.5, 3], "texture": "#0"},
				"west": {"uv": [14.5, 2, 15.5, 3], "texture": "#0"},
				"up": {"uv": [14.5, 2, 15.5, 3], "texture": "#0"},
				"down": {"uv": [14.5, 2, 15.5, 3], "texture": "#0"}
			}
		},
		{
			"name": "hexadecagon",
			"from": [7, -12.5, 7.80109],
			"to": [9, -3.5, 8.19891],
			"rotation": {"angle": 0, "axis": "y", "origin": [8, 0, 8]},
			"faces": {
				"north": {"uv": [14.5, 2, 15.5, 3], "texture": "#0"},
				"east": {"uv": [14.5, 2, 15.5, 3], "texture": "#0"},
				"south": {"uv": [14.5, 2, 15.5, 3], "texture": "#0"},
				"west": {"uv": [14.5, 2, 15.5, 3], "texture": "#0"},
				"up": {"uv": [14.5, 2, 15.5, 3], "texture": "#0"},
				"down": {"uv": [14.5, 2, 15.5, 3], "texture": "#0"}
			}
		},
		{
			"name": "hexadecagon",
			"from": [7, -12.5, 7.80109],
			"to": [9, -3.5, 8.19891],
			"rotation": {"angle": 22.5, "axis": "y", "origin": [8, 0, 8]},
			"faces": {
				"north": {"uv": [14.5, 2, 15.5, 3], "texture": "#0"},
				"east": {"uv": [14.5, 2, 15.5, 3], "texture": "#0"},
				"south": {"uv": [14.5, 2, 15.5, 3], "texture": "#0"},
				"west": {"uv": [14.5, 2, 15.5, 3], "texture": "#0"},
				"up": {"uv": [14.5, 2, 15.5, 3], "texture": "#0"},
				"down": {"uv": [14.5, 2, 15.5, 3], "texture": "#0"}
			}
		},
		{
			"from": [5, -3.5, 6],
			"to": [11, -1, 10],
			"faces": {
				"north": {"uv": [14.5, 2, 20.5, 4], "texture": "#0"},
				"east": {"uv": [14.5, 2, 20.5, 4], "texture": "#0"},
				"south": {"uv": [14.5, 2, 20.5, 4], "texture": "#0"},
				"west": {"uv": [14.5, 2, 20.5, 4], "texture": "#0"},
				"up": {"uv": [14.5, 2, 20.5, 4], "texture": "#0"},
				"down": {"uv": [14.5, 2, 20.5, 4], "texture": "#0"}
			}
		},
		{
			"from": [5.9, -2, 7],
			"to": [10.1, 17, 9],
			"faces": {
				"north": {"uv": [0, 0, 1, 16], "texture": "#0"},
				"east": {"uv": [0, 0, 1, 16], "texture": "#0"},
				"south": {"uv": [0, 0, 1, 16], "texture": "#0"},
				"west": {"uv": [0, 0, 1, 16], "texture": "#0"},
				"up": {"uv": [0, 0, 1, 16], "texture": "#0"},
				"down": {"uv": [0, 0, 1, 16], "texture": "#0"}
			}
		},
		{
			"from": [8.1, -1, 7],
			"to": [9.1, 13, 9],
			"rotation": {"angle": 22.5, "axis": "z", "origin": [0, 0, 0]},
			"faces": {
				"north": {"uv": [0, 0, 1, 16], "texture": "#0"},
				"east": {"uv": [0, 0, 1, 16], "texture": "#0"},
				"south": {"uv": [0, 0, 1, 16], "texture": "#0"},
				"west": {"uv": [0, 0, 1, 16], "texture": "#0"},
				"up": {"uv": [0, 0, 1, 16], "texture": "#0"},
				"down": {"uv": [0, 0, 1, 16], "texture": "#0"}
			}
		},
		{
			"from": [5.9, 7, 7],
			"to": [6.9, 12, 9],
			"rotation": {"angle": -22.5, "axis": "z", "origin": [0, 0, 0]},
			"faces": {
				"north": {"uv": [0, 0, 1, 16], "texture": "#0"},
				"east": {"uv": [0, 0, 1, 16], "texture": "#0"},
				"south": {"uv": [0, 0, 1, 16], "texture": "#0"},
				"west": {"uv": [0, 0, 1, 16], "texture": "#0"},
				"up": {"uv": [0, 0, 1, 16], "texture": "#0"},
				"down": {"uv": [0, 0, 1, 16], "texture": "#0"}
			}
		},
		{
			"from": [6.6, -1, 7],
			"to": [9.4, 31, 9],
			"faces": {
				"north": {"uv": [0, 0, 1, 16], "texture": "#0"},
				"east": {"uv": [0, 0, 1, 16], "texture": "#0"},
				"south": {"uv": [1.5, 0, 2.5, 16], "texture": "#0"},
				"west": {"uv": [0, 0, 1, 16], "texture": "#0"},
				"up": {"uv": [0, 0, 1, 16], "texture": "#0"},
				"down": {"uv": [0, 0, 1, 16], "texture": "#0"}
			}
		},
		{
			"from": [7, 30, 7],
			"to": [9, 32, 9],
			"rotation": {"angle": -45, "axis": "z", "origin": [8, 31, 8]},
			"faces": {
				"north": {"uv": [0, 0, 1, 16], "texture": "#0"},
				"east": {"uv": [0, 0, 1, 16], "texture": "#0"},
				"south": {"uv": [0, 0, 1, 16], "texture": "#0"},
				"west": {"uv": [0, 0, 1, 16], "texture": "#0"},
				"up": {"uv": [0, 0, 1, 16], "texture": "#0"},
				"down": {"uv": [0, 0, 1, 16], "texture": "#0"}
			}
		},
		{
			"from": [6, -4, 6.7],
			"to": [7, 4, 9.3],
			"rotation": {"angle": 22.5, "axis": "z", "origin": [0, 0, 0]},
			"faces": {
				"north": {"uv": [0, 0, 1, 16], "texture": "#0"},
				"east": {"uv": [0, 0, 1, 16], "texture": "#0"},
				"south": {"uv": [0, 0, 1, 16], "texture": "#0"},
				"west": {"uv": [0, 0, 1, 16], "texture": "#0"},
				"up": {"uv": [0, 0, 1, 16], "texture": "#0"},
				"down": {"uv": [0, 0, 1, 16], "texture": "#0"}
			}
		},
		{
			"from": [8, 1, 6.7],
			"to": [9, 7, 9.3],
			"rotation": {"angle": -22.5, "axis": "z", "origin": [0, 0, 0]},
			"faces": {
				"north": {"uv": [0, 0, 1, 16], "texture": "#0"},
				"east": {"uv": [0, 0, 1, 16], "texture": "#0"},
				"south": {"uv": [0, 0, 1, 16], "texture": "#0"},
				"west": {"uv": [0, 0, 1, 16], "texture": "#0"},
				"up": {"uv": [0, 0, 1, 16], "texture": "#0"},
				"down": {"uv": [0, 0, 1, 16], "texture": "#0"}
			}
		},
		{
			"from": [7, 3, 6.7],
			"to": [8, 11, 9.3],
			"rotation": {"angle": -22.5, "axis": "z", "origin": [0, 0, 0]},
			"faces": {
				"north": {"uv": [0, 0, 1, 16], "texture": "#0"},
				"east": {"uv": [0, 0, 1, 16], "texture": "#0"},
				"south": {"uv": [0, 0, 1, 16], "texture": "#0"},
				"west": {"uv": [0, 0, 1, 16], "texture": "#0"},
				"up": {"uv": [0, 0, 1, 16], "texture": "#0"},
				"down": {"uv": [0, 0, 1, 16], "texture": "#0"}
			}
		},
		{
			"from": [5, -4, 6.7],
			"to": [6, -2, 9.3],
			"rotation": {"angle": 22.5, "axis": "z", "origin": [0, 0, 0]},
			"faces": {
				"north": {"uv": [0, 0, 1, 16], "texture": "#0"},
				"east": {"uv": [0, 0, 1, 16], "texture": "#0"},
				"south": {"uv": [0, 0, 1, 16], "texture": "#0"},
				"west": {"uv": [0, 0, 1, 16], "texture": "#0"},
				"up": {"uv": [0, 0, 1, 16], "texture": "#0"},
				"down": {"uv": [0, 0, 1, 16], "texture": "#0"}
			}
		},
		{
			"from": [7, -3, 6.7],
			"to": [8, 5, 9.3],
			"rotation": {"angle": 22.5, "axis": "z", "origin": [0, 0, 0]},
			"faces": {
				"north": {"uv": [0, 0, 1, 16], "texture": "#0"},
				"east": {"uv": [0, 0, 1, 16], "texture": "#0"},
				"south": {"uv": [0, 0, 1, 16], "texture": "#0"},
				"west": {"uv": [0, 0, 1, 16], "texture": "#0"},
				"up": {"uv": [0, 0, 1, 16], "texture": "#0"},
				"down": {"uv": [0, 0, 1, 16], "texture": "#0"}
			}
		},
		{
			"from": [9, 2, 6.7],
			"to": [10, 10, 9.3],
			"rotation": {"angle": -22.5, "axis": "z", "origin": [0, 0, 0]},
			"faces": {
				"north": {"uv": [0, 0, 1, 16], "texture": "#0"},
				"east": {"uv": [0, 0, 1, 16], "texture": "#0"},
				"south": {"uv": [0, 0, 1, 16], "texture": "#0"},
				"west": {"uv": [0, 0, 1, 16], "texture": "#0"},
				"up": {"uv": [0, 0, 1, 16], "texture": "#0"},
				"down": {"uv": [0, 0, 1, 16], "texture": "#0"}
			}
		}
	],
	"display": {
		"thirdperson_righthand": {
			"rotation": [0, 90, 0],
			"translation": [0, 7.25, 0.75],
			"scale": [0.5, 0.6, 0.5]
		}
	},
	"groups": [
		{
			"name": "group",
			"origin": [8, 8, 8],
			"color": 0,
			"children": [
				{
					"name": "hexadecagon",
					"origin": [8, 8, 8],
					"color": 0,
					"children": [0, 1, 2, 3, 4, 5, 6, 7]
				},
				{
					"name": "hexadecagon",
					"origin": [8, 8, 8],
					"color": 0,
					"children": [8, 9, 10, 11, 12, 13, 14, 15]
				}, 16]
		},
		{
			"name": "group",
			"origin": [0, 0, 0],
			"color": 0,
			"children": [17, 18, 19, 20, 21, 22, 23, 24, 25, 26, 27]
		}
	]
}