{
	"credit": "Made with Blockbench",
	"textures": {
		"0": "items/eyama/bz",
		"particle": "items/eyama/bz"
	},
	"elements": [
		{
			"from": [11, 18, -16],
			"to": [12, 22, 3],
			"rotation": {"angle": 45, "axis": "z", "origin": [11.5, 20, -12]},
			"faces": {
				"north": {"uv": [0, 0, 4, 1], "rotation": 90, "texture": "#0"},
				"east": {"uv": [0, 0, 4, 1], "rotation": 90, "texture": "#0"},
				"south": {"uv": [0, 0, 4, 1], "rotation": 90, "texture": "#0"},
				"west": {"uv": [0, 0, 4, 1], "rotation": 90, "texture": "#0"},
				"up": {"uv": [0, 0, 4, 1], "rotation": 90, "texture": "#0"},
				"down": {"uv": [0, 0, 4, 1], "rotation": 90, "texture": "#0"}
			}
		},
		{
			"from": [5, 12, -16],
			"to": [6, 16, 3],
			"rotation": {"angle": 45, "axis": "z", "origin": [5.5, 14, -12]},
			"faces": {
				"north": {"uv": [0, 0, 4, 1], "rotation": 90, "texture": "#0"},
				"east": {"uv": [0, 0, 4, 1], "rotation": 90, "texture": "#0"},
				"south": {"uv": [0, 0, 4, 1], "rotation": 90, "texture": "#0"},
				"west": {"uv": [0, 0, 4, 1], "rotation": 90, "texture": "#0"},
				"up": {"uv": [0, 0, 4, 1], "rotation": 90, "texture": "#0"},
				"down": {"uv": [0, 0, 4, 1], "rotation": 90, "texture": "#0"}
			}
		},
		{
			"from": [6.5, 20.5, -16],
			"to": [10.5, 21.5, 3],
			"rotation": {"angle": 0, "axis": "z", "origin": [8.5, 21, -12]},
			"faces": {
				"north": {"uv": [0, 0, 4, 1], "rotation": 180, "texture": "#0"},
				"east": {"uv": [0, 0, 4, 1], "rotation": 180, "texture": "#0"},
				"south": {"uv": [0, 0, 4, 1], "rotation": 180, "texture": "#0"},
				"west": {"uv": [0, 0, 4, 1], "rotation": 180, "texture": "#0"},
				"up": {"uv": [0, 0, 4, 1], "rotation": 180, "texture": "#0"},
				"down": {"uv": [0, 0, 4, 1], "rotation": 180, "texture": "#0"}
			}
		},
		{
			"from": [6.5, 12.5, -16],
			"to": [10.5, 13.5, 3],
			"rotation": {"angle": 0, "axis": "z", "origin": [8.5, 13, -12]},
			"faces": {
				"north": {"uv": [0, 0, 4, 1], "rotation": 180, "texture": "#0"},
				"east": {"uv": [0, 0, 4, 1], "rotation": 180, "texture": "#0"},
				"south": {"uv": [0, 0, 4, 1], "rotation": 180, "texture": "#0"},
				"west": {"uv": [0, 0, 4, 1], "rotation": 180, "texture": "#0"},
				"up": {"uv": [0, 0, 4, 1], "rotation": 180, "texture": "#0"},
				"down": {"uv": [0, 0, 4, 1], "rotation": 180, "texture": "#0"}
			}
		},
		{
			"from": [9.5, 13.5, -16],
			"to": [13.5, 14.5, 3],
			"rotation": {"angle": 45, "axis": "z", "origin": [11.5, 14, -12]},
			"faces": {
				"north": {"uv": [0, 0, 4, 1], "rotation": 180, "texture": "#0"},
				"east": {"uv": [0, 0, 4, 1], "rotation": 180, "texture": "#0"},
				"south": {"uv": [0, 0, 4, 1], "rotation": 180, "texture": "#0"},
				"west": {"uv": [0, 0, 4, 1], "rotation": 180, "texture": "#0"},
				"up": {"uv": [0, 0, 4, 1], "rotation": 180, "texture": "#0"},
				"down": {"uv": [0, 0, 4, 1], "rotation": 180, "texture": "#0"}
			}
		},
		{
			"from": [3.5, 19.5, -16],
			"to": [7.5, 20.5, 3],
			"rotation": {"angle": 45, "axis": "z", "origin": [5.5, 20, -12]},
			"faces": {
				"north": {"uv": [0, 0, 4, 1], "rotation": 180, "texture": "#0"},
				"east": {"uv": [0, 0, 4, 1], "rotation": 180, "texture": "#0"},
				"south": {"uv": [0, 0, 4, 1], "rotation": 180, "texture": "#0"},
				"west": {"uv": [0, 0, 4, 1], "rotation": 180, "texture": "#0"},
				"up": {"uv": [0, 0, 4, 1], "rotation": 180, "texture": "#0"},
				"down": {"uv": [0, 0, 4, 1], "rotation": 180, "texture": "#0"}
			}
		},
		{
			"from": [1.5, 19.5, -14],
			"to": [5.5, 20.5, -11],
			"rotation": {"angle": -45, "axis": "z", "origin": [5.5, 20, -12]},
			"faces": {
				"north": {"uv": [0, 0, 4, 1], "rotation": 180, "texture": "#0"},
				"east": {"uv": [0, 0, 4, 1], "rotation": 180, "texture": "#0"},
				"south": {"uv": [0, 0, 4, 1], "rotation": 180, "texture": "#0"},
				"west": {"uv": [0, 0, 4, 1], "rotation": 180, "texture": "#0"},
				"up": {"uv": [0, 0, 4, 1], "rotation": 180, "texture": "#0"},
				"down": {"uv": [0, 0, 4, 1], "rotation": 180, "texture": "#0"}
			}
		},
		{
			"from": [1.5, 21.5, -15],
			"to": [2.5, 22.5, -9],
			"rotation": {"angle": -45, "axis": "z", "origin": [3.5, 22, -12]},
			"faces": {
				"north": {"uv": [0, 0, 1, 1], "rotation": 180, "texture": "#0"},
				"east": {"uv": [0, 0, 1, 1], "rotation": 180, "texture": "#0"},
				"south": {"uv": [0, 0, 1, 1], "rotation": 180, "texture": "#0"},
				"west": {"uv": [0, 0, 1, 1], "rotation": 180, "texture": "#0"},
				"up": {"uv": [0, 0, 1, 1], "rotation": 180, "texture": "#0"},
				"down": {"uv": [0, 0, 1, 1], "rotation": 180, "texture": "#0"}
			}
		},
		{
			"from": [12, 15, -16],
			"to": [13, 19, 3],
			"rotation": {"angle": 0, "axis": "z", "origin": [12.5, 17, -12]},
			"faces": {
				"north": {"uv": [0, 0, 4, 1], "rotation": 270, "texture": "#0"},
				"east": {"uv": [0, 0, 4, 1], "rotation": 270, "texture": "#0"},
				"south": {"uv": [0, 0, 4, 1], "rotation": 270, "texture": "#0"},
				"west": {"uv": [0, 0, 4, 1], "rotation": 270, "texture": "#0"},
				"up": {"uv": [0, 0, 4, 1], "rotation": 270, "texture": "#0"},
				"down": {"uv": [0, 0, 4, 1], "rotation": 270, "texture": "#0"}
			}
		},
		{
			"from": [4, 15, -16],
			"to": [5, 19, 3],
			"rotation": {"angle": 0, "axis": "z", "origin": [4.5, 17, -12]},
			"faces": {
				"north": {"uv": [0, 0, 4, 1], "rotation": 270, "texture": "#0"},
				"east": {"uv": [0, 0, 4, 1], "rotation": 270, "texture": "#0"},
				"south": {"uv": [0, 0, 4, 1], "rotation": 270, "texture": "#0"},
				"west": {"uv": [0, 0, 4, 1], "rotation": 270, "texture": "#0"},
				"up": {"uv": [0, 0, 4, 1], "rotation": 270, "texture": "#0"},
				"down": {"uv": [0, 0, 4, 1], "rotation": 270, "texture": "#0"}
			}
		},
		{
			"from": [12, 15, -16],
			"to": [13, 19, 3],
			"rotation": {"angle": 0, "axis": "z", "origin": [12.5, 17, -12]},
			"faces": {
				"north": {"uv": [0, 0, 4, 1], "rotation": 270, "texture": "#0"},
				"east": {"uv": [0, 0, 4, 1], "rotation": 270, "texture": "#0"},
				"south": {"uv": [0, 0, 4, 1], "rotation": 270, "texture": "#0"},
				"west": {"uv": [0, 0, 4, 1], "rotation": 270, "texture": "#0"},
				"up": {"uv": [0, 0, 4, 1], "rotation": 270, "texture": "#0"},
				"down": {"uv": [0, 0, 4, 1], "rotation": 270, "texture": "#0"}
			}
		},
		{
			"from": [6.5, 13.5, 3],
			"to": [10.5, 14.5, 9],
			"rotation": {"angle": 0, "axis": "z", "origin": [8.5, 14, 6]},
			"faces": {
				"north": {"uv": [0, 0, 1, 4], "rotation": 270, "texture": "#0"},
				"east": {"uv": [0, 0, 1, 4], "rotation": 270, "texture": "#0"},
				"south": {"uv": [0, 0, 1, 4], "rotation": 270, "texture": "#0"},
				"west": {"uv": [0, 0, 1, 4], "rotation": 270, "texture": "#0"},
				"up": {"uv": [0, 0, 1, 4], "rotation": 270, "texture": "#0"},
				"down": {"uv": [0, 0, 1, 4], "rotation": 270, "texture": "#0"}
			}
		},
		{
			"from": [6, 13, 3],
			"to": [7, 16, 9],
			"rotation": {"angle": 45, "axis": "z", "origin": [6.5, 14, 6]},
			"faces": {
				"north": {"uv": [0, 0, 1, 3], "texture": "#0"},
				"east": {"uv": [0, 0, 1, 3], "texture": "#0"},
				"south": {"uv": [0, 0, 1, 3], "texture": "#0"},
				"west": {"uv": [0, 0, 1, 3], "texture": "#0"},
				"up": {"uv": [0, 0, 1, 3], "texture": "#0"},
				"down": {"uv": [0, 0, 1, 3], "texture": "#0"}
			}
		},
		{
			"from": [10, 18, 3],
			"to": [11, 21, 9],
			"rotation": {"angle": 45, "axis": "z", "origin": [10.5, 20, 6]},
			"faces": {
				"north": {"uv": [0, 0, 1, 3], "texture": "#0"},
				"east": {"uv": [0, 0, 1, 3], "texture": "#0"},
				"south": {"uv": [0, 0, 1, 3], "texture": "#0"},
				"west": {"uv": [0, 0, 1, 3], "texture": "#0"},
				"up": {"uv": [0, 0, 1, 3], "texture": "#0"},
				"down": {"uv": [0, 0, 1, 3], "texture": "#0"}
			}
		},
		{
			"from": [6.5, 19.5, 3],
			"to": [10.5, 20.5, 9],
			"rotation": {"angle": 0, "axis": "z", "origin": [8.5, 20, 6]},
			"faces": {
				"north": {"uv": [0, 0, 1, 4], "rotation": 90, "texture": "#0"},
				"east": {"uv": [0, 0, 1, 4], "rotation": 90, "texture": "#0"},
				"south": {"uv": [0, 0, 1, 4], "rotation": 90, "texture": "#0"},
				"west": {"uv": [0, 0, 1, 4], "rotation": 90, "texture": "#0"},
				"up": {"uv": [0, 0, 1, 4], "rotation": 90, "texture": "#0"},
				"down": {"uv": [0, 0, 1, 4], "rotation": 90, "texture": "#0"}
			}
		},
		{
			"from": [4.5, 19.5, 3],
			"to": [7.5, 20.5, 9],
			"rotation": {"angle": 45, "axis": "z", "origin": [6.5, 20, 6]},
			"faces": {
				"north": {"uv": [0, 0, 1, 3], "rotation": 90, "texture": "#0"},
				"east": {"uv": [0, 0, 1, 3], "rotation": 90, "texture": "#0"},
				"south": {"uv": [0, 0, 1, 3], "rotation": 90, "texture": "#0"},
				"west": {"uv": [0, 0, 1, 3], "rotation": 90, "texture": "#0"},
				"up": {"uv": [0, 0, 1, 3], "rotation": 90, "texture": "#0"},
				"down": {"uv": [0, 0, 1, 3], "rotation": 90, "texture": "#0"}
			}
		},
		{
			"from": [9.5, 14.5, 3],
			"to": [12.5, 15.5, 9],
			"rotation": {"angle": 45, "axis": "z", "origin": [11.5, 15, 6]},
			"faces": {
				"north": {"uv": [0, 0, 1, 3], "rotation": 90, "texture": "#0"},
				"east": {"uv": [0, 0, 1, 3], "rotation": 90, "texture": "#0"},
				"south": {"uv": [0, 0, 1, 3], "rotation": 90, "texture": "#0"},
				"west": {"uv": [0, 0, 1, 3], "rotation": 90, "texture": "#0"},
				"up": {"uv": [0, 0, 1, 3], "rotation": 90, "texture": "#0"},
				"down": {"uv": [0, 0, 1, 3], "rotation": 90, "texture": "#0"}
			}
		},
		{
			"from": [11, 15, 3],
			"to": [12, 19, 9],
			"rotation": {"angle": 0, "axis": "z", "origin": [11.5, 17, 6]},
			"faces": {
				"north": {"uv": [0, 0, 1, 4], "rotation": 180, "texture": "#0"},
				"east": {"uv": [0, 0, 1, 4], "rotation": 180, "texture": "#0"},
				"south": {"uv": [0, 0, 1, 4], "rotation": 180, "texture": "#0"},
				"west": {"uv": [0, 0, 1, 4], "rotation": 180, "texture": "#0"},
				"up": {"uv": [0, 0, 1, 4], "rotation": 180, "texture": "#0"},
				"down": {"uv": [0, 0, 1, 4], "rotation": 180, "texture": "#0"}
			}
		},
		{
			"from": [5, 15, 3],
			"to": [6, 19, 9],
			"rotation": {"angle": 0, "axis": "z", "origin": [5.5, 17, 6]},
			"faces": {
				"north": {"uv": [0, 0, 1, 4], "rotation": 180, "texture": "#0"},
				"east": {"uv": [0, 0, 1, 4], "rotation": 180, "texture": "#0"},
				"south": {"uv": [0, 0, 1, 4], "rotation": 180, "texture": "#0"},
				"west": {"uv": [0, 0, 1, 4], "rotation": 180, "texture": "#0"},
				"up": {"uv": [0, 0, 1, 4], "rotation": 180, "texture": "#0"},
				"down": {"uv": [0, 0, 1, 4], "rotation": 180, "texture": "#0"}
			}
		},
		{
			"from": [4, 12, -14],
			"to": [13, 13, -11],
			"rotation": {"angle": 0, "axis": "y", "origin": [16, 20, -6]},
			"faces": {
				"north": {"uv": [0, 0, 9, 1], "texture": "#0"},
				"east": {"uv": [0, 0, 9, 1], "texture": "#0"},
				"south": {"uv": [0, 0, 9, 1], "texture": "#0"},
				"west": {"uv": [0, 0, 9, 1], "texture": "#0"},
				"up": {"uv": [0, 0, 9, 1], "texture": "#0"},
				"down": {"uv": [0, 0, 9, 1], "texture": "#0"}
			}
		},
		{
			"from": [2, 7, -13],
			"to": [15, 8, -12],
			"rotation": {"angle": 0, "axis": "y", "origin": [16, 15, -6]},
			"faces": {
				"north": {"uv": [0, 0, 13, 1], "texture": "#0"},
				"east": {"uv": [0, 0, 13, 1], "texture": "#0"},
				"south": {"uv": [0, 0, 13, 1], "texture": "#0"},
				"west": {"uv": [0, 0, 13, 1], "texture": "#0"},
				"up": {"uv": [0, 0, 13, 1], "texture": "#0"},
				"down": {"uv": [0, 0, 13, 1], "texture": "#0"}
			}
		},
		{
			"from": [3, 7, -13],
			"to": [4, 13, -12],
			"rotation": {"angle": -22.5, "axis": "z", "origin": [3.5, 10.5, -12.5]},
			"faces": {
				"north": {"uv": [0, 0, 1, 6], "texture": "#0"},
				"east": {"uv": [0, 0, 1, 6], "texture": "#0"},
				"south": {"uv": [0, 0, 1, 6], "texture": "#0"},
				"west": {"uv": [0, 0, 1, 6], "texture": "#0"},
				"up": {"uv": [0, 0, 1, 6], "texture": "#0"},
				"down": {"uv": [0, 0, 1, 6], "texture": "#0"}
			}
		},
		{
			"from": [13, 7, -13],
			"to": [14, 13, -12],
			"rotation": {"angle": 22.5, "axis": "z", "origin": [13.5, 10.5, -12.5]},
			"faces": {
				"north": {"uv": [0, 0, 1, 6], "texture": "#0"},
				"east": {"uv": [0, 0, 1, 6], "texture": "#0"},
				"south": {"uv": [0, 0, 1, 6], "texture": "#0"},
				"west": {"uv": [0, 0, 1, 6], "texture": "#0"},
				"up": {"uv": [0, 0, 1, 6], "texture": "#0"},
				"down": {"uv": [0, 0, 1, 6], "texture": "#0"}
			}
		},
		{
			"from": [6, 14, 9],
			"to": [11, 20, 25],
			"rotation": {"angle": 0, "axis": "z", "origin": [8.5, 19.5, 9.5]},
			"faces": {
				"north": {"uv": [0, 0, 5, 6], "rotation": 180, "texture": "#0"},
				"east": {"uv": [0, 0, 5, 6], "rotation": 180, "texture": "#0"},
				"south": {"uv": [0, 0, 5, 6], "rotation": 180, "texture": "#0"},
				"west": {"uv": [0, 0, 5, 6], "rotation": 180, "texture": "#0"},
				"up": {"uv": [0, 0, 5, 6], "rotation": 180, "texture": "#0"},
				"down": {"uv": [0, 0, 5, 6], "rotation": 180, "texture": "#0"}
			}
		},
		{
			"from": [6, 14, 25],
			"to": [11, 22, 32],
			"rotation": {"angle": 0, "axis": "x", "origin": [8.5, 17, 24]},
			"faces": {
				"north": {"uv": [0, 0, 5, 8], "texture": "#0"},
				"east": {"uv": [0, 0, 5, 8], "texture": "#0"},
				"south": {"uv": [0, 0, 5, 8], "texture": "#0"},
				"west": {"uv": [0, 0, 5, 8], "texture": "#0"},
				"up": {"uv": [0, 0, 5, 8], "texture": "#0"},
				"down": {"uv": [0, 0, 5, 8], "texture": "#0"}
			}
		},
		{
			"from": [6, 6, 28],
			"to": [11, 14, 32],
			"rotation": {"angle": 0, "axis": "x", "origin": [8.5, 17, 24]},
			"faces": {
				"north": {"uv": [0, 0, 5, 8], "texture": "#0"},
				"east": {"uv": [0, 0, 5, 8], "texture": "#0"},
				"south": {"uv": [0, 0, 5, 8], "texture": "#0"},
				"west": {"uv": [0, 0, 5, 8], "texture": "#0"},
				"up": {"uv": [0, 0, 5, 8], "texture": "#0"},
				"down": {"uv": [0, 0, 5, 8], "texture": "#0"}
			}
		},
		{
			"from": [6, 7, 27],
			"to": [11, 16, 30],
			"rotation": {"angle": -22.5, "axis": "x", "origin": [8.5, 10, 30.5]},
			"faces": {
				"north": {"uv": [0, 0, 5, 9], "texture": "#0"},
				"east": {"uv": [0, 0, 5, 9], "texture": "#0"},
				"south": {"uv": [0, 0, 5, 9], "texture": "#0"},
				"west": {"uv": [0, 0, 5, 9], "texture": "#0"},
				"up": {"uv": [0, 0, 5, 9], "texture": "#0"},
				"down": {"uv": [0, 0, 5, 9], "texture": "#0"}
			}
		},
		{
			"from": [6, 19, 18],
			"to": [11, 22, 32],
			"rotation": {"angle": -22.5, "axis": "x", "origin": [8.5, 21, 24]},
			"faces": {
				"north": {"uv": [0, 0, 5, 3], "rotation": 180, "texture": "#0"},
				"east": {"uv": [0, 0, 5, 3], "rotation": 180, "texture": "#0"},
				"south": {"uv": [0, 0, 5, 3], "rotation": 180, "texture": "#0"},
				"west": {"uv": [0, 0, 5, 3], "rotation": 180, "texture": "#0"},
				"up": {"uv": [0, 0, 5, 3], "rotation": 180, "texture": "#0"},
				"down": {"uv": [0, 0, 5, 3], "rotation": 180, "texture": "#0"}
			}
		},
		{
			"from": [-0.5, 21.5, -5],
			"to": [2.5, 22.5, -2],
			"rotation": {"angle": -45, "axis": "z", "origin": [5.5, 20, -12]},
			"faces": {
				"north": {"uv": [0, 0, 3, 1], "rotation": 180, "texture": "#0"},
				"east": {"uv": [0, 0, 3, 1], "rotation": 180, "texture": "#0"},
				"south": {"uv": [0, 0, 3, 1], "rotation": 180, "texture": "#0"},
				"west": {"uv": [0, 0, 3, 1], "rotation": 180, "texture": "#0"},
				"up": {"uv": [0, 0, 3, 1], "rotation": 180, "texture": "#0"},
				"down": {"uv": [0, 0, 3, 1], "rotation": 180, "texture": "#0"}
			}
		},
		{
			"from": [3.5, 19.5, -5],
			"to": [5.5, 20.5, -2],
			"rotation": {"angle": -45, "axis": "z", "origin": [5.5, 20, -12]},
			"faces": {
				"north": {"uv": [0, 0, 2, 1], "rotation": 180, "texture": "#0"},
				"east": {"uv": [0, 0, 2, 1], "rotation": 180, "texture": "#0"},
				"south": {"uv": [0, 0, 2, 1], "rotation": 180, "texture": "#0"},
				"west": {"uv": [0, 0, 2, 1], "rotation": 180, "texture": "#0"},
				"up": {"uv": [0, 0, 2, 1], "rotation": 180, "texture": "#0"},
				"down": {"uv": [0, 0, 2, 1], "rotation": 180, "texture": "#0"}
			}
		},
		{
			"from": [-1.5, 18.5, -5],
			"to": [-0.5, 21.5, -2],
			"rotation": {"angle": -45, "axis": "z", "origin": [5.5, 20, -12]},
			"faces": {
				"north": {"uv": [0, 0, 1, 3], "rotation": 180, "texture": "#0"},
				"east": {"uv": [0, 0, 1, 3], "rotation": 180, "texture": "#0"},
				"south": {"uv": [0, 0, 1, 3], "rotation": 180, "texture": "#0"},
				"west": {"uv": [0, 0, 1, 3], "rotation": 180, "texture": "#0"},
				"up": {"uv": [0, 0, 1, 3], "rotation": 180, "texture": "#0"},
				"down": {"uv": [0, 0, 1, 3], "rotation": 180, "texture": "#0"}
			}
		},
		{
			"from": [2.5, 18.5, -5],
			"to": [3.5, 21.5, -2],
			"rotation": {"angle": -45, "axis": "z", "origin": [5.5, 20, -12]},
			"faces": {
				"north": {"uv": [0, 0, 1, 3], "rotation": 180, "texture": "#0"},
				"east": {"uv": [0, 0, 1, 3], "rotation": 180, "texture": "#0"},
				"south": {"uv": [0, 0, 1, 3], "rotation": 180, "texture": "#0"},
				"west": {"uv": [0, 0, 1, 3], "rotation": 180, "texture": "#0"},
				"up": {"uv": [0, 0, 1, 3], "rotation": 180, "texture": "#0"},
				"down": {"uv": [0, 0, 1, 3], "rotation": 180, "texture": "#0"}
			}
		},
		{
			"from": [-0.5, 17.5, -5],
			"to": [2.5, 18.5, -2],
			"rotation": {"angle": -45, "axis": "z", "origin": [5.5, 20, -12]},
			"faces": {
				"north": {"uv": [0, 0, 3, 1], "rotation": 180, "texture": "#0"},
				"east": {"uv": [0, 0, 3, 1], "rotation": 180, "texture": "#0"},
				"south": {"uv": [0, 0, 3, 1], "rotation": 180, "texture": "#0"},
				"west": {"uv": [0, 0, 3, 1], "rotation": 180, "texture": "#0"},
				"up": {"uv": [0, 0, 3, 1], "rotation": 180, "texture": "#0"},
				"down": {"uv": [0, 0, 3, 1], "rotation": 180, "texture": "#0"}
			}
		},
		{
			"from": [7.5, 5.5, 7],
			"to": [9.5, 13.5, 9],
			"rotation": {"angle": -22.5, "axis": "x", "origin": [8.5, 10.75, 7.25]},
			"faces": {
				"north": {"uv": [0, 0, 8, 2], "rotation": 270, "texture": "#0"},
				"east": {"uv": [0, 0, 8, 2], "rotation": 270, "texture": "#0"},
				"south": {"uv": [0, 0, 8, 2], "rotation": 270, "texture": "#0"},
				"west": {"uv": [0, 0, 8, 2], "rotation": 270, "texture": "#0"},
				"up": {"uv": [0, 0, 8, 2], "rotation": 270, "texture": "#0"},
				"down": {"uv": [0, 0, 8, 2], "rotation": 270, "texture": "#0"}
			}
		},
		{
			"from": [7.5, 10.5, 6],
			"to": [9.5, 13.5, 7],
			"rotation": {"angle": -22.5, "axis": "x", "origin": [8.5, 10.75, 7.25]},
			"faces": {
				"north": {"uv": [0, 0, 3, 2], "rotation": 270, "texture": "#0"},
				"east": {"uv": [0, 0, 3, 2], "rotation": 270, "texture": "#0"},
				"south": {"uv": [0, 0, 3, 2], "rotation": 270, "texture": "#0"},
				"west": {"uv": [0, 0, 3, 2], "rotation": 270, "texture": "#0"},
				"up": {"uv": [0, 0, 3, 2], "rotation": 270, "texture": "#0"},
				"down": {"uv": [0, 0, 3, 2], "rotation": 270, "texture": "#0"}
			}
		},
		{
			"from": [7.5, 5.5, 1],
			"to": [9.5, 13.5, 2],
			"rotation": {"angle": -22.5, "axis": "x", "origin": [8.5, 9.5, 1.5]},
			"faces": {
				"north": {"uv": [0, 0, 8, 2], "rotation": 270, "texture": "#0"},
				"east": {"uv": [0, 0, 8, 2], "rotation": 270, "texture": "#0"},
				"south": {"uv": [0, 0, 8, 2], "rotation": 270, "texture": "#0"},
				"west": {"uv": [0, 0, 8, 2], "rotation": 270, "texture": "#0"},
				"up": {"uv": [0, 0, 8, 2], "rotation": 270, "texture": "#0"},
				"down": {"uv": [0, 0, 8, 2], "rotation": 270, "texture": "#0"}
			}
		},
		{
			"from": [7.5, 5.5, 2],
			"to": [9.5, 6.5, 11],
			"rotation": {"angle": 0, "axis": "z", "origin": [8.5, 13, -4]},
			"faces": {
				"north": {"uv": [0, 0, 1, 2], "rotation": 270, "texture": "#0"},
				"east": {"uv": [0, 0, 1, 2], "rotation": 270, "texture": "#0"},
				"south": {"uv": [0, 0, 1, 2], "rotation": 270, "texture": "#0"},
				"west": {"uv": [0, 0, 1, 2], "rotation": 270, "texture": "#0"},
				"up": {"uv": [0, 0, 1, 2], "rotation": 270, "texture": "#0"},
				"down": {"uv": [0, 0, 1, 2], "rotation": 270, "texture": "#0"}
			}
		}
	],
	"display": {
		"thirdperson_righthand": {
			"translation": [0, -1.75, 1.25],
			"scale": [0.38672, 0.39648, 0.72852]
		},
		"thirdperson_lefthand": {
			"translation": [0, -1.75, 1.25],
			"scale": [0.38672, 0.39648, 0.72852]
		},
		"firstperson_righthand": {
			"translation": [-3.5, -6.75, 0]
		},
		"firstperson_lefthand": {
			"translation": [5.5, -7, 5]
		},
		"ground": {
			"scale": [0.19531, 0.23242, 0.34961]
		},
		"gui": {
			"rotation": [-90, 130, 90],
			"translation": [-1.25, -2, 0],
			"scale": [0.47, 0.34, 0.47]
		},
		"head": {
			"translation": [0, -31, 0]
		},
		"fixed": {
			"rotation": [-90, -136.25, -90],
			"translation": [2.5, -3, -4.75],
			"scale": [0.47266, 0.42383, 0.57617]
		}
	},
	"groups": [
		{
			"name": "group",
			"origin": [-6, 7, -8],
			"children": [0, 1, 2, 3, 4, 5, 6, 7, 8, 9, 10]
		},
		{
			"name": "group",
			"origin": [8, 8, 8],
			"children": [11, 12, 13, 14, 15, 16, 17, 18]
		},
		{
			"name": "group",
			"origin": [16, 20, -6],
			"children": [19, 20, 21, 22]
		},
		{
			"name": "group",
			"origin": [3.5, 22, -12],
			"children": [23, 24, 25, 26, 27]
		},
		{
			"name": "group",
			"origin": [5.5, 20, -12],
			"children": [28, 29, 30, 31, 32]
		},
		{
			"name": "group",
			"origin": [8.5, 14, 6],
			"children": [33, 34, 35, 36]
		}
	]
}