{
	"credit": "Made with Blockbench",
	"textures": {
		"0": "items/eyama/gndms",
		"particle": "items/eyama/gndms"
	},
	"elements": [
		{
			"from": [1.5, 0, -4],
			"to": [14.5, 1, -2],
			"rotation": {"angle": 0, "axis": "y", "origin": [18, 8, 4]},
			"faces": {
				"north": {"uv": [0, 0, 13, 1], "texture": "#missing"},
				"east": {"uv": [0, 0, 2, 1], "texture": "#missing"},
				"south": {"uv": [0, 0, 13, 1], "texture": "#missing"},
				"west": {"uv": [0, 0, 2, 1], "texture": "#missing"},
				"up": {"uv": [0, 0, 13, 2], "texture": "#0"},
				"down": {"uv": [0, 9, 13, 11], "texture": "#0"}
			}
		},
		{
			"from": [2.25, 0, -6],
			"to": [13.75, 1, -4],
			"rotation": {"angle": 0, "axis": "y", "origin": [18, 8, 2]},
			"faces": {
				"north": {"uv": [0, 0, 11.5, 1], "texture": "#missing"},
				"east": {"uv": [0, 0, 2, 1], "texture": "#missing"},
				"south": {"uv": [0, 0, 11.5, 1], "texture": "#missing"},
				"west": {"uv": [0, 0, 2, 1], "texture": "#missing"},
				"up": {"uv": [0, 0, 11.5, 2], "texture": "#0"},
				"down": {"uv": [0, 11, 11.5, 13], "texture": "#0"}
			}
		},
		{
			"from": [3, 0, -8.5],
			"to": [13, 1, -6],
			"rotation": {"angle": 0, "axis": "y", "origin": [18, 8, 0]},
			"faces": {
				"north": {"uv": [0, 0, 10, 1], "texture": "#0"},
				"east": {"uv": [0, 0, 2.5, 1], "texture": "#0"},
				"south": {"uv": [0, 0, 10, 1], "texture": "#missing"},
				"west": {"uv": [0, 0, 2.5, 1], "texture": "#0"},
				"up": {"uv": [0, 0, 10, 2.5], "texture": "#0"},
				"down": {"uv": [3.5, 2, 13.5, 3], "rotation": 180, "texture": "#0"}
			}
		},
		{
			"from": [12, 1, -8.5],
			"to": [14, 2, -7],
			"rotation": {"angle": 0, "axis": "y", "origin": [18, 9, -1]},
			"faces": {
				"north": {"uv": [0, 0, 2, 1], "texture": "#0"},
				"east": {"uv": [0, 0, 2, 1], "texture": "#0"},
				"south": {"uv": [0, 0, 2, 1], "texture": "#0"},
				"west": {"uv": [0, 0, 2, 1], "texture": "#0"},
				"up": {"uv": [0, 0, 2, 1], "texture": "#0"},
				"down": {"uv": [0, 0, 2, 1], "texture": "#0"}
			}
		},
		{
			"from": [2, 1, -8.5],
			"to": [4, 2, -7],
			"rotation": {"angle": 0, "axis": "y", "origin": [8, 9, -1]},
			"faces": {
				"north": {"uv": [0, 0, 2, 1], "texture": "#0"},
				"east": {"uv": [0, 0, 2, 1], "texture": "#0"},
				"south": {"uv": [0, 0, 2, 1], "texture": "#0"},
				"west": {"uv": [0, 0, 2, 1], "texture": "#0"},
				"up": {"uv": [0, 0, 2, 1], "texture": "#0"},
				"down": {"uv": [0, 0, 2, 1], "texture": "#0"}
			}
		},
		{
			"from": [0.75, 0, -2],
			"to": [15.25, 1, 0],
			"rotation": {"angle": 0, "axis": "y", "origin": [18, 8, 6]},
			"faces": {
				"north": {"uv": [0, 0, 14.5, 1], "texture": "#missing"},
				"east": {"uv": [0, 0, 2, 1], "texture": "#missing"},
				"south": {"uv": [0, 0, 14.5, 1], "texture": "#missing"},
				"west": {"uv": [0, 0, 2, 1], "texture": "#missing"},
				"up": {"uv": [0, 0, 13, 2], "texture": "#0"},
				"down": {"uv": [0, 7, 12.5, 9], "texture": "#0"}
			}
		},
		{
			"from": [-0.25, 0, 0],
			"to": [16.25, 1, 2],
			"rotation": {"angle": 0, "axis": "y", "origin": [18, 8, 8]},
			"faces": {
				"north": {"uv": [0, 0, 16, 1], "texture": "#missing"},
				"east": {"uv": [0, 0, 2, 1], "texture": "#missing"},
				"south": {"uv": [0, 0, 16, 1], "texture": "#missing"},
				"west": {"uv": [0, 0, 2, 1], "texture": "#missing"},
				"up": {"uv": [0, 0.5, 13.5, 2.5], "texture": "#0"},
				"down": {"uv": [0, 8, 13, 10], "texture": "#0"}
			}
		},
		{
			"from": [-1, 0, 2],
			"to": [17, 1, 4],
			"rotation": {"angle": 0, "axis": "y", "origin": [18, 8, 10]},
			"faces": {
				"north": {"uv": [0, 0, 16, 1], "texture": "#missing"},
				"east": {"uv": [0, 0, 2, 1], "texture": "#missing"},
				"south": {"uv": [0, 0, 16, 1], "texture": "#missing"},
				"west": {"uv": [0, 0, 2, 1], "texture": "#missing"},
				"up": {"uv": [0, 0.5, 13, 2.5], "texture": "#0"},
				"down": {"uv": [0, 7.5, 13, 10], "texture": "#0"}
			}
		},
		{
			"from": [-2, 0, 4],
			"to": [18, 1, 6],
			"rotation": {"angle": 0, "axis": "y", "origin": [18, 8, 12]},
			"faces": {
				"north": {"uv": [0, 0, 16, 1], "texture": "#missing"},
				"east": {"uv": [0, 0, 2, 1], "texture": "#missing"},
				"south": {"uv": [0, 0, 16, 1], "texture": "#missing"},
				"west": {"uv": [0, 0, 2, 1], "texture": "#missing"},
				"up": {"uv": [0, 0, 13.5, 2], "texture": "#0"},
				"down": {"uv": [0, 7.5, 13, 9.5], "texture": "#0"}
			}
		},
		{
			"from": [-2.75, 0, 6],
			"to": [18.75, 1, 8],
			"rotation": {"angle": 0, "axis": "y", "origin": [18, 8, 14]},
			"faces": {
				"north": {"uv": [0, 0, 16, 1], "texture": "#missing"},
				"east": {"uv": [0, 0, 2, 1], "texture": "#missing"},
				"south": {"uv": [0, 0, 16, 1], "texture": "#missing"},
				"west": {"uv": [0, 0, 2, 1], "texture": "#missing"},
				"up": {"uv": [0, 0, 13, 2], "texture": "#0"},
				"down": {"uv": [0, 7.5, 13.5, 9.5], "texture": "#0"}
			}
		},
		{
			"from": [15.5, 0, 7],
			"to": [16.5, 1, 24],
			"rotation": {"angle": -22.5, "axis": "y", "origin": [16, 0.5, 15.5]},
			"faces": {
				"north": {"uv": [7, 3, 8, 16], "texture": "#0"},
				"east": {"uv": [7, 3, 8, 16], "texture": "#0"},
				"south": {"uv": [7, 3, 8, 16], "texture": "#0"},
				"west": {"uv": [7, 3, 8, 16], "texture": "#0"},
				"up": {"uv": [7.5, 0, 8.5, 2], "texture": "#0"},
				"down": {"uv": [7, 3, 8, 16], "texture": "#0"}
			}
		},
		{
			"from": [15.5, 0, -8],
			"to": [16.5, 1, 9],
			"rotation": {"angle": 22.5, "axis": "y", "origin": [16, 0.5, 0.5]},
			"faces": {
				"north": {"uv": [7, 3, 13, 16], "texture": "#0"},
				"east": {"uv": [7, 3, 13, 16], "texture": "#0"},
				"south": {"uv": [7, 3, 13, 16], "texture": "#0"},
				"west": {"uv": [7, 3, 13, 16], "texture": "#0"},
				"up": {"uv": [7, 0, 13, 2], "texture": "#0"},
				"down": {"uv": [7, 3, 13, 16], "texture": "#0"}
			}
		},
		{
			"from": [-0.5, 0, -8],
			"to": [0.5, 1, 9],
			"rotation": {"angle": -22.5, "axis": "y", "origin": [0, 0.5, 0.5]},
			"faces": {
				"north": {"uv": [8.5, 3, 12.5, 16], "texture": "#0"},
				"east": {"uv": [8.5, 3, 12.5, 16], "texture": "#0"},
				"south": {"uv": [8.5, 3, 12.5, 16], "texture": "#0"},
				"west": {"uv": [8.5, 3, 12.5, 16], "texture": "#0"},
				"up": {"uv": [8.5, 0, 12.5, 2], "texture": "#0"},
				"down": {"uv": [8.5, 3, 12.5, 16], "texture": "#0"}
			}
		},
		{
			"from": [-1.5, 1, 7],
			"to": [-0.5, 2, 25],
			"rotation": {"angle": 22.5, "axis": "y", "origin": [-1, 1.5, 15.5]},
			"faces": {
				"north": {"uv": [0, 0, 1, 2], "texture": "#0"},
				"east": {"uv": [0, 0, 1, 2], "texture": "#0"},
				"south": {"uv": [0, 0, 1, 2], "texture": "#0"},
				"west": {"uv": [0, 0, 1, 2], "texture": "#0"},
				"up": {"uv": [0, 0, 1, 2], "texture": "#0"},
				"down": {"uv": [0, 0, 1, 2], "texture": "#0"}
			}
		},
		{
			"from": [1.5, 0, 18],
			"to": [14.5, 1, 19],
			"rotation": {"angle": 0, "axis": "y", "origin": [18, 8, 12]},
			"faces": {
				"north": {"uv": [3, 0, 16, 1], "texture": "#missing"},
				"east": {"uv": [2, 0, 4, 1], "texture": "#missing"},
				"south": {"uv": [3, 0, 16, 1], "texture": "#missing"},
				"west": {"uv": [2, 0, 4, 1], "texture": "#missing"},
				"up": {"uv": [0, 0.5, 13, 2.5], "texture": "#0"},
				"down": {"uv": [0, 8.5, 13, 10.5], "texture": "#0"}
			}
		},
		{
			"from": [3, 0, 21],
			"to": [13, 1, 22],
			"rotation": {"angle": 0, "axis": "y", "origin": [18, 8, 14]},
			"faces": {
				"north": {"uv": [1, 1, 8.5, 2], "texture": "#0"},
				"east": {"uv": [1, 1, 8.5, 2], "texture": "#0"},
				"south": {"uv": [1, 1, 8.5, 2], "texture": "#0"},
				"west": {"uv": [1, 1, 8.5, 2], "texture": "#0"},
				"up": {"uv": [1, 1, 8.5, 2], "texture": "#0"},
				"down": {"uv": [5.5, 2.5, 13, 3.5], "texture": "#0"}
			}
		},
		{
			"from": [4.25, 0, 19],
			"to": [11.75, 1, 20],
			"rotation": {"angle": 0, "axis": "y", "origin": [18, 8, 12]},
			"faces": {
				"north": {"uv": [1, 1, 8.5, 2], "texture": "#0"},
				"east": {"uv": [1, 1, 8.5, 2], "texture": "#0"},
				"south": {"uv": [1, 1, 8.5, 2], "texture": "#0"},
				"west": {"uv": [1, 1, 8.5, 2], "texture": "#0"},
				"up": {"uv": [1, 1, 8.5, 2], "texture": "#0"},
				"down": {"uv": [6, 2, 13.5, 3], "texture": "#0"}
			}
		},
		{
			"from": [3, 0, 22],
			"to": [13, 1, 24.5],
			"rotation": {"angle": 0, "axis": "y", "origin": [18, 8, 16]},
			"faces": {
				"north": {"uv": [2.5, 0, 12.5, 2.5], "texture": "#0"},
				"east": {"uv": [2.5, 0, 12.5, 2.5], "texture": "#0"},
				"south": {"uv": [2.5, 0, 12.5, 2.5], "texture": "#0"},
				"west": {"uv": [2.5, 0, 12.5, 2.5], "texture": "#0"},
				"up": {"uv": [0, 0, 10, 2.5], "texture": "#0"},
				"down": {"uv": [4, 1.5, 13.5, 4], "texture": "#0"}
			}
		},
		{
			"from": [2, 1, 23],
			"to": [4, 2, 24.5],
			"rotation": {"angle": 0, "axis": "y", "origin": [18, 9, 17]},
			"faces": {
				"north": {"uv": [4, 0, 6, 1], "texture": "#0"},
				"east": {"uv": [4, 0, 6, 1], "texture": "#0"},
				"south": {"uv": [4, 0, 6, 1], "texture": "#0"},
				"west": {"uv": [4, 0, 6, 1], "texture": "#0"},
				"up": {"uv": [4, 0, 6, 1], "texture": "#0"},
				"down": {"uv": [4, 0, 6, 1], "texture": "#0"}
			}
		},
		{
			"from": [12, 1, 23],
			"to": [14, 2, 24.5],
			"rotation": {"angle": 0, "axis": "y", "origin": [28, 9, 17]},
			"faces": {
				"north": {"uv": [4, 0, 6, 1], "texture": "#0"},
				"east": {"uv": [4, 0, 6, 1], "texture": "#0"},
				"south": {"uv": [4, 0, 6, 1], "texture": "#0"},
				"west": {"uv": [4, 0, 6, 1], "texture": "#0"},
				"up": {"uv": [4, 0, 6, 1], "texture": "#0"},
				"down": {"uv": [4, 0, 6, 1], "texture": "#0"}
			}
		},
		{
			"from": [0.75, 0, 16],
			"to": [15.25, 1, 18],
			"rotation": {"angle": 0, "axis": "y", "origin": [18, 8, 10]},
			"faces": {
				"north": {"uv": [1.5, 0, 16, 1], "texture": "#missing"},
				"east": {"uv": [2, 0, 4, 1], "texture": "#missing"},
				"south": {"uv": [1.5, 0, 16, 1], "texture": "#missing"},
				"west": {"uv": [2, 0, 4, 1], "texture": "#missing"},
				"up": {"uv": [0, 0.5, 12.5, 2.5], "texture": "#0"},
				"down": {"uv": [0, 9.5, 13.5, 11.5], "texture": "#0"}
			}
		},
		{
			"from": [-0.25, 0, 14],
			"to": [16.25, 1, 16],
			"rotation": {"angle": 0, "axis": "y", "origin": [18, 8, 8]},
			"faces": {
				"north": {"uv": [0, 0, 16, 1], "texture": "#missing"},
				"east": {"uv": [2, 0, 4, 1], "texture": "#missing"},
				"south": {"uv": [0, 0, 16, 1], "texture": "#missing"},
				"west": {"uv": [2, 0, 4, 1], "texture": "#missing"},
				"up": {"uv": [0, 0, 13.5, 2], "texture": "#0"},
				"down": {"uv": [0, 8.5, 12, 10.5], "texture": "#0"}
			}
		},
		{
			"from": [-1, 0, 12],
			"to": [17, 1, 14],
			"rotation": {"angle": 0, "axis": "y", "origin": [18, 8, 6]},
			"faces": {
				"north": {"uv": [0, 0, 16, 1], "texture": "#missing"},
				"east": {"uv": [2, 0, 4, 1], "texture": "#missing"},
				"south": {"uv": [0, 0, 16, 1], "texture": "#missing"},
				"west": {"uv": [2, 0, 4, 1], "texture": "#missing"},
				"up": {"uv": [0, 0, 12.5, 2], "texture": "#0"},
				"down": {"uv": [0, 7.5, 12.5, 9.5], "texture": "#0"}
			}
		},
		{
			"from": [-2, 0, 10],
			"to": [18, 1, 12],
			"rotation": {"angle": 0, "axis": "y", "origin": [18, 8, 4]},
			"faces": {
				"north": {"uv": [0, 0, 16, 1], "texture": "#missing"},
				"east": {"uv": [2, 0, 4, 1], "texture": "#missing"},
				"south": {"uv": [0, 0, 16, 1], "texture": "#missing"},
				"west": {"uv": [2, 0, 4, 1], "texture": "#missing"},
				"up": {"uv": [0, 0.5, 13.5, 2.5], "texture": "#0"},
				"down": {"uv": [0, 7.5, 13, 9.5], "texture": "#0"}
			}
		},
		{
			"from": [-2.75, 0, 8],
			"to": [18.75, 1, 10],
			"rotation": {"angle": 0, "axis": "y", "origin": [18, 8, 2]},
			"faces": {
				"north": {"uv": [0, 0, 16, 1], "texture": "#missing"},
				"east": {"uv": [2, 0, 4, 1], "texture": "#missing"},
				"south": {"uv": [0, 0, 16, 1], "texture": "#missing"},
				"west": {"uv": [2, 0, 4, 1], "texture": "#missing"},
				"up": {"uv": [0, 0.5, 13, 2.5], "texture": "#0"},
				"down": {"uv": [0, 9.5, 13.5, 11.5], "texture": "#0"}
			}
		},
		{
			"from": [16.5, 1, 7],
			"to": [17.5, 2, 25],
			"rotation": {"angle": -22.5, "axis": "y", "origin": [17, 1.5, 15.5]},
			"faces": {
				"north": {"uv": [1, 0, 2, 2], "texture": "#0"},
				"east": {"uv": [1, 0, 2, 2], "texture": "#0"},
				"south": {"uv": [1, 0, 2, 2], "texture": "#0"},
				"west": {"uv": [1, 0, 2, 2], "texture": "#0"},
				"up": {"uv": [1, 0, 2, 2], "texture": "#0"},
				"down": {"uv": [1, 0, 2, 2], "texture": "#0"}
			}
		},
		{
			"from": [16.5, 1, -9],
			"to": [17.5, 2, 9],
			"rotation": {"angle": 22.5, "axis": "y", "origin": [17, 1.5, 0.5]},
			"faces": {
				"north": {"uv": [1, 0, 2, 1.5], "texture": "#0"},
				"east": {"uv": [1, 0, 2, 1.5], "texture": "#0"},
				"south": {"uv": [1, 0, 2, 1.5], "texture": "#0"},
				"west": {"uv": [1, 0, 2, 1.5], "texture": "#0"},
				"up": {"uv": [1, 0, 2, 1.5], "texture": "#0"},
				"down": {"uv": [1, 0, 2, 1.5], "texture": "#0"}
			}
		},
		{
			"from": [-1.5, 1, -9],
			"to": [-0.5, 2, 9],
			"rotation": {"angle": -22.5, "axis": "y", "origin": [-1, 1.5, 0.5]},
			"faces": {
				"north": {"uv": [0, 0, 1, 2], "texture": "#0"},
				"east": {"uv": [0, 0, 1, 2], "texture": "#0"},
				"south": {"uv": [0, 0, 1, 2], "texture": "#0"},
				"west": {"uv": [0, 0, 1, 2], "texture": "#0"},
				"up": {"uv": [0, 0, 1, 2], "texture": "#0"},
				"down": {"uv": [0, 0, 1, 2], "texture": "#0"}
			}
		},
		{
			"from": [-0.5, 0, 7],
			"to": [0.5, 1, 24],
			"rotation": {"angle": 22.5, "axis": "y", "origin": [0, 0.5, 15.5]},
			"faces": {
				"north": {"uv": [10.5, 3.5, 11.5, 16], "texture": "#0"},
				"east": {"uv": [10.5, 3.5, 11.5, 16], "texture": "#0"},
				"south": {"uv": [10.5, 3.5, 11.5, 16], "texture": "#0"},
				"west": {"uv": [10.5, 3.5, 11.5, 16], "texture": "#0"},
				"up": {"uv": [10.5, 0, 11.5, 2], "texture": "#0"},
				"down": {"uv": [10.5, 3.5, 11.5, 16], "texture": "#0"}
			}
		},
		{
			"from": [2.25, 0, 20],
			"to": [4.25, 1, 21.5],
			"rotation": {"angle": 0, "axis": "y", "origin": [18, 8, 14]},
			"faces": {
				"north": {"uv": [5.5, 0, 7.5, 1], "texture": "#missing"},
				"east": {"uv": [2, 0, 4, 1], "texture": "#0"},
				"south": {"uv": [5.5, 0, 7.5, 1], "texture": "#missing"},
				"west": {"uv": [2, 0, 4, 1], "texture": "#missing"},
				"up": {"uv": [1, 0.5, 3, 2.5], "texture": "#0"},
				"down": {"uv": [11, 2, 13, 4], "rotation": 90, "texture": "#0"}
			}
		},
		{
			"from": [1.85, 0, 19],
			"to": [4.25, 1, 20],
			"rotation": {"angle": 0, "axis": "y", "origin": [18, 8, 12]},
			"faces": {
				"north": {"uv": [5.5, 0, 7.5, 1], "texture": "#missing"},
				"east": {"uv": [2, 0, 4, 1], "texture": "#missing"},
				"south": {"uv": [5.5, 0, 7.5, 1], "texture": "#missing"},
				"west": {"uv": [2, 0, 4, 1], "texture": "#missing"},
				"up": {"uv": [1, 0.5, 3, 2.5], "texture": "#0"},
				"down": {"uv": [11, 2, 13, 4], "rotation": 90, "texture": "#0"}
			}
		},
		{
			"from": [3.75, -1, 20],
			"to": [4.25, 0, 21],
			"rotation": {"angle": 0, "axis": "y", "origin": [16.5, 7, 14]},
			"faces": {
				"north": {"uv": [1.5, 0.5, 4.5, 1.5], "texture": "#0"},
				"east": {"uv": [1.5, 0.5, 4.5, 1.5], "texture": "#0"},
				"south": {"uv": [1.5, 0.5, 4.5, 1.5], "texture": "#0"},
				"west": {"uv": [1.5, 0.5, 4.5, 1.5], "texture": "#0"},
				"up": {"uv": [1.5, 0.5, 4.5, 1.5], "texture": "#0"},
				"down": {"uv": [1.5, 0.5, 4.5, 1.5], "texture": "#0"}
			}
		},
		{
			"from": [3.75, -1, 21],
			"to": [12.25, 0, 21.5],
			"rotation": {"angle": 0, "axis": "y", "origin": [19, 7, 15]},
			"faces": {
				"north": {"uv": [0.5, 1.5, 9, 2], "texture": "#0"},
				"east": {"uv": [0.5, 1.5, 9, 2], "texture": "#0"},
				"south": {"uv": [0.5, 1.5, 9, 2], "texture": "#0"},
				"west": {"uv": [0.5, 1.5, 9, 2], "texture": "#0"},
				"up": {"uv": [0.5, 1.5, 9, 2], "texture": "#0"},
				"down": {"uv": [0.5, 1.5, 9, 2], "texture": "#0"}
			}
		},
		{
			"from": [3.75, -1, 19.5],
			"to": [12.25, 0, 20],
			"rotation": {"angle": 0, "axis": "y", "origin": [19, 7, 13.5]},
			"faces": {
				"north": {"uv": [1.5, 0.5, 4.5, 1.5], "texture": "#0"},
				"east": {"uv": [1.5, 0.5, 4.5, 1.5], "texture": "#0"},
				"south": {"uv": [1.5, 0.5, 4.5, 1.5], "texture": "#0"},
				"west": {"uv": [1.5, 0.5, 4.5, 1.5], "texture": "#0"},
				"up": {"uv": [1.5, 0.5, 4.5, 1.5], "texture": "#0"},
				"down": {"uv": [1.5, 0.5, 4.5, 1.5], "texture": "#0"}
			}
		},
		{
			"from": [11.75, -1, 20],
			"to": [12.25, 0, 21],
			"rotation": {"angle": 0, "axis": "y", "origin": [24.5, 7, 14]},
			"faces": {
				"north": {"uv": [1.5, 0.5, 4.5, 1.5], "texture": "#0"},
				"east": {"uv": [1.5, 0.5, 4.5, 1.5], "texture": "#0"},
				"south": {"uv": [1.5, 0.5, 4.5, 1.5], "texture": "#0"},
				"west": {"uv": [1.5, 0.5, 4.5, 1.5], "texture": "#0"},
				"up": {"uv": [1.5, 0.5, 4.5, 1.5], "texture": "#0"},
				"down": {"uv": [1.5, 0.5, 4.5, 1.5], "texture": "#0"}
			}
		},
		{
			"from": [11.75, 0, 20],
			"to": [13.75, 1, 21.5],
			"rotation": {"angle": 0, "axis": "y", "origin": [23, 8, 14]},
			"faces": {
				"north": {"uv": [5.5, 0, 7.5, 1], "texture": "#missing"},
				"east": {"uv": [2, 0, 4, 1], "texture": "#missing"},
				"south": {"uv": [5.5, 0, 7.5, 1], "texture": "#missing"},
				"west": {"uv": [2, 0, 4, 1], "texture": "#0"},
				"up": {"uv": [1.5, 0, 3.5, 2], "texture": "#0"},
				"down": {"uv": [11.5, 2, 13.5, 4], "rotation": 270, "texture": "#0"}
			}
		},
		{
			"from": [11.75, 0, 19],
			"to": [14.15, 1, 20],
			"rotation": {"angle": 0, "axis": "y", "origin": [23, 8, 13]},
			"faces": {
				"north": {"uv": [5.5, 0, 7.5, 1], "texture": "#missing"},
				"east": {"uv": [2, 0, 4, 1], "texture": "#missing"},
				"south": {"uv": [5.5, 0, 7.5, 1], "texture": "#missing"},
				"west": {"uv": [2, 0, 4, 1], "texture": "#missing"},
				"up": {"uv": [1.5, 0, 3.5, 2], "texture": "#0"},
				"down": {"uv": [11.5, 2, 13.5, 4], "rotation": 270, "texture": "#0"}
			}
		},
		{
			"from": [1.75, -1, 18],
			"to": [4.25, 0, 19.5],
			"rotation": {"angle": 0, "axis": "y", "origin": [16, 7, 12]},
			"faces": {
				"north": {"uv": [5, 8, 7.5, 9], "texture": "#0"},
				"east": {"uv": [5, 8, 7.5, 9], "texture": "#0"},
				"south": {"uv": [5, 8, 7.5, 9], "texture": "#0"},
				"west": {"uv": [5, 8, 7.5, 9], "texture": "#0"},
				"up": {"uv": [5, 8, 7.5, 9], "texture": "#0"},
				"down": {"uv": [0, 2.5, 4, 6.5], "texture": "#0"}
			}
		},
		{
			"from": [6.75, -1, -7],
			"to": [9.25, 0, 6.5],
			"rotation": {"angle": 0, "axis": "y", "origin": [21, 7, -13]},
			"faces": {
				"north": {"uv": [13.5, 2, 16, 15.5], "texture": "#0"},
				"east": {"uv": [13.5, 2, 16, 15.5], "texture": "#0"},
				"south": {"uv": [13.5, 2, 16, 15.5], "texture": "#0"},
				"west": {"uv": [13.5, 2, 16, 15.5], "texture": "#0"},
				"up": {"uv": [13.5, 2, 16, 15.5], "texture": "#0"},
				"down": {"uv": [13.5, 2, 16, 15.5], "texture": "#0"}
			}
		},
		{
			"from": [9.25, -1, 0],
			"to": [14.65, 0, 1.5],
			"rotation": {"angle": 0, "axis": "y", "origin": [24, 7, -12]},
			"faces": {
				"north": {"uv": [14, 2, 16, 3.5], "texture": "#0"},
				"east": {"uv": [14, 2, 16, 3.5], "texture": "#0"},
				"south": {"uv": [14, 2, 16, 3.5], "texture": "#0"},
				"west": {"uv": [14, 2, 16, 3.5], "texture": "#0"},
				"up": {"uv": [14, 2, 16, 3.5], "texture": "#0"},
				"down": {"uv": [14, 2, 16, 3.5], "texture": "#0"}
			}
		},
		{
			"from": [1.5, -1, 0],
			"to": [6.9, 0, 1.5],
			"rotation": {"angle": 0, "axis": "y", "origin": [16, 7, -12]},
			"faces": {
				"north": {"uv": [14, 2, 16, 3.5], "texture": "#0"},
				"east": {"uv": [14, 2, 16, 3.5], "texture": "#0"},
				"south": {"uv": [14, 2, 16, 3.5], "texture": "#0"},
				"west": {"uv": [14, 2, 16, 3.5], "texture": "#0"},
				"up": {"uv": [14, 2, 16, 3.5], "texture": "#0"},
				"down": {"uv": [14, 2, 16, 3.5], "texture": "#0"}
			}
		},
		{
			"from": [11.75, -1, 18],
			"to": [14.25, 0, 19.5],
			"rotation": {"angle": 0, "axis": "y", "origin": [26, 7, 12]},
			"faces": {
				"north": {"uv": [5, 8, 7.5, 9], "texture": "#0"},
				"east": {"uv": [5, 8, 7.5, 9], "texture": "#0"},
				"south": {"uv": [5, 8, 7.5, 9], "texture": "#0"},
				"west": {"uv": [5, 8, 7.5, 9], "texture": "#0"},
				"up": {"uv": [7.5, 7.5, 10, 9], "texture": "#0"},
				"down": {"uv": [0, 2.5, 4, 6.5], "texture": "#0"}
			}
		},
		{
			"from": [13, 1, 7],
			"to": [15, 8, 8],
			"rotation": {"angle": 0, "axis": "y", "origin": [21, 9, 15]},
			"faces": {
				"north": {"uv": [14, 8, 16, 10], "texture": "#0"},
				"east": {"uv": [14, 8, 16, 10], "texture": "#0"},
				"south": {"uv": [14, 8, 16, 10], "texture": "#0"},
				"west": {"uv": [14, 8, 16, 10], "texture": "#0"},
				"up": {"uv": [14, 8, 16, 10], "texture": "#0"},
				"down": {"uv": [14, 8, 16, 10], "texture": "#0"}
			}
		},
		{
			"from": [2, 1, 7],
			"to": [4, 8, 8],
			"rotation": {"angle": 0, "axis": "y", "origin": [16, 9, 15]},
			"faces": {
				"north": {"uv": [14, 6.5, 16, 8.5], "texture": "#0"},
				"east": {"uv": [14, 6.5, 16, 8.5], "texture": "#0"},
				"south": {"uv": [14, 6.5, 16, 8.5], "texture": "#0"},
				"west": {"uv": [14, 6.5, 16, 8.5], "texture": "#0"},
				"up": {"uv": [14, 6.5, 16, 8.5], "texture": "#0"},
				"down": {"uv": [14, 6.5, 16, 8.5], "texture": "#0"}
			}
		},
		{
			"from": [4, 7, 7],
			"to": [13, 8, 8],
			"rotation": {"angle": 0, "axis": "y", "origin": [21, 9, 15]},
			"faces": {
				"north": {"uv": [14.5, 5, 16, 6], "texture": "#0"},
				"east": {"uv": [14.5, 5, 16, 6], "texture": "#0"},
				"south": {"uv": [14.5, 5, 16, 6], "texture": "#0"},
				"west": {"uv": [14.5, 5, 16, 6], "texture": "#0"},
				"up": {"uv": [14.5, 5, 16, 6], "texture": "#0"},
				"down": {"uv": [14.5, 5, 16, 6], "texture": "#0"}
			}
		}
	],
	"display": {
		"thirdperson_righthand": {
			"rotation": [119.75, 169.5, -38.25],
			"translation": [0, -1.5, 1],
			"scale": [0.43, 0.5, 0.73]
		},
		"thirdperson_lefthand": {
			"rotation": [119.75, 169.5, -38.25],
			"translation": [0, -1.5, 1],
			"scale": [0.43, 0.5, 0.73]
		},
		"firstperson_righthand": {
			"rotation": [90, -180, 0],
			"translation": [-9, -2.5, 9],
			"scale": [0.43, 0.5, 0.73]
		},
		"firstperson_lefthand": {
			"rotation": [90, -180, 0],
			"translation": [-9, -2.5, 9],
			"scale": [0.43, 0.5, 0.73]
		},
		"ground": {
			"rotation": [0, 90, 0],
			"scale": [0.43, -0.5, 0.73]
		},
		"gui": {
			"rotation": [-90, 45, 0],
			"translation": [0, 0, 1.75],
			"scale": [0.43, 0.5, 0.73]
		},
		"head": {
			"rotation": [-65, 0, 90],
			"translation": [-10.75, -16.5, -4],
			"scale": [0.43, -0.5, 0.73]
		},
		"fixed": {
			"rotation": [-90, 45, 0],
			"translation": [0, 0, 1.75],
			"scale": [0.43, -0.5, 0.73]
		}
	},
	"groups": [
		{
			"name": "group",
			"origin": [8, 8, 8],
			"children": [0, 1, 2, 3, 4, 5, 6, 7, 8, 9]
		},
		{
			"name": "group",
			"origin": [3, 0.5, 15.5],
			"children": [10, 11, 12, 13]
		},
		{
			"name": "group",
			"origin": [8, 8, 8],
			"children": [14, 15, 16, 17, 18, 19, 20, 21, 22, 23, 24]
		},
		{
			"name": "group",
			"origin": [3, 0.5, 15.5],
			"children": [25, 26, 27, 28]
		},
		{
			"name": "group",
			"origin": [23, 8, 14],
			"children": [29, 30, 31, 32, 33, 34, 35, 36]
		},
		{
			"name": "group",
			"origin": [19, 7, 15],
			"children": [37, 38, 39, 40, 41]
		},
		{
			"name": "group",
			"origin": [8, 8, 8],
			"children": [42, 43, 44]
		}
	]
}