{
	"credit": "Made with Blockbench",
	"texture_size": [32, 32],
	"textures": {
		"0": "items/eyama/haouken",
		"particle": "items/eyama/haouken"
	},
	"elements": [
		{
			"from": [4, 0, 2],
			"to": [8, 1, 24],
			"rotation": {"angle": 22.5, "axis": "z", "origin": [6.5, 0.5, 16]},
			"faces": {
				"north": {"uv": [0, 0, 2, 12], "texture": "#0"},
				"east": {"uv": [0, 0, 2, 12], "texture": "#0"},
				"south": {"uv": [0, 0, 2, 12], "texture": "#0"},
				"west": {"uv": [0, 0, 2, 12], "texture": "#0"},
				"up": {"uv": [0, 0, 2, 12], "texture": "#0"},
				"down": {"uv": [0, 0, 2, 12], "texture": "#0"}
			}
		},
		{
			"from": [7.84776, 0.30656, 2],
			"to": [11.84776, 1.30656, 24],
			"rotation": {"angle": -22.5, "axis": "z", "origin": [8.34776, 1.80656, 16]},
			"faces": {
				"north": {"uv": [0, 0, 2, 12], "texture": "#0"},
				"east": {"uv": [0, 0, 2, 12], "texture": "#0"},
				"south": {"uv": [0, 0, 2, 12], "texture": "#0"},
				"west": {"uv": [0, 0, 2, 12], "texture": "#0"},
				"up": {"uv": [0, 0, 2, 12], "rotation": 180, "texture": "#0"},
				"down": {"uv": [0, 0, 2, 12], "texture": "#0"}
			}
		},
		{
			"from": [4.4588, -1.76537, 2],
			"to": [8.4588, -0.76537, 24],
			"rotation": {"angle": -22.5, "axis": "z", "origin": [5.9588, -0.26537, 16]},
			"faces": {
				"north": {"uv": [0, 0, 2, 12], "texture": "#0"},
				"east": {"uv": [0, 0, 2, 12], "texture": "#0"},
				"south": {"uv": [0, 0, 2, 12], "texture": "#0"},
				"west": {"uv": [0, 0, 2, 12], "texture": "#0"},
				"up": {"uv": [0, 0, 2, 12], "texture": "#0"},
				"down": {"uv": [0, 0, 2, 12], "texture": "#0"}
			}
		},
		{
			"from": [6.69971, -2.60685, 2],
			"to": [10.69971, -1.60685, 24],
			"rotation": {"angle": 22.5, "axis": "z", "origin": [7.19971, -0.10685, 16]},
			"faces": {
				"north": {"uv": [0, 0, 2, 12], "texture": "#0"},
				"east": {"uv": [0, 0, 2, 12], "texture": "#0"},
				"south": {"uv": [0, 0, 2, 12], "texture": "#0"},
				"west": {"uv": [0, 0, 2, 12], "texture": "#0"},
				"up": {"uv": [0, 0, 2, 12], "texture": "#0"},
				"down": {"uv": [0, 0, 2, 12], "texture": "#0"}
			}
		},
		{
			"from": [11.0597, -1.03217, 2],
			"to": [11.8597, -0.27217, 24],
			"rotation": {"angle": -45, "axis": "z", "origin": [11.5597, -0.53217, 0.5]},
			"faces": {
				"north": {"uv": [0, 0, 0.4, 12], "texture": "#0"},
				"east": {"uv": [0, 0, 0.4, 12], "texture": "#0"},
				"south": {"uv": [0, 0, 0.4, 12], "texture": "#0"},
				"west": {"uv": [0, 0, 0.4, 12], "texture": "#0"},
				"up": {"uv": [0, 0, 0.4, 12], "texture": "#0"},
				"down": {"uv": [0, 0, 0.4, 12], "texture": "#0"}
			}
		},
		{
			"from": [3.55754, -1.01148, 2],
			"to": [4.35754, -0.25148, 24],
			"rotation": {"angle": 45, "axis": "z", "origin": [3.85754, -0.51148, 0.5]},
			"faces": {
				"north": {"uv": [0, 0, 0.4, 12], "texture": "#0"},
				"east": {"uv": [0, 0, 0.4, 12], "texture": "#0"},
				"south": {"uv": [0, 0, 0.4, 12], "texture": "#0"},
				"west": {"uv": [0, 0, 0.4, 12], "texture": "#0"},
				"up": {"uv": [0, 0, 0.4, 12], "texture": "#0"},
				"down": {"uv": [0, 0, 0.4, 12], "texture": "#0"}
			}
		},
		{
			"from": [6, -1, 28],
			"to": [7.6, 0, 32],
			"rotation": {"angle": 22.5, "axis": "z", "origin": [6.5, 0.5, 28]},
			"faces": {
				"north": {"uv": [0, 0, 0.8, 2], "texture": "#0"},
				"east": {"uv": [0, 0, 0.8, 2], "texture": "#0"},
				"south": {"uv": [0, 0, 0.8, 2], "texture": "#0"},
				"west": {"uv": [0, 0, 0.8, 2], "texture": "#0"},
				"up": {"uv": [0, 0, 0.8, 2], "texture": "#0"},
				"down": {"uv": [0, 0, 0.8, 2], "texture": "#0"}
			}
		},
		{
			"from": [8.24776, -0.69344, 28],
			"to": [9.84776, 0.30656, 32],
			"rotation": {"angle": -22.5, "axis": "z", "origin": [8.34776, 1.80656, 28]},
			"faces": {
				"north": {"uv": [0, 0, 0.8, 2], "texture": "#0"},
				"east": {"uv": [0, 0, 0.8, 2], "texture": "#0"},
				"south": {"uv": [0, 0, 0.8, 2], "texture": "#0"},
				"west": {"uv": [0, 0, 0.8, 2], "texture": "#0"},
				"up": {"uv": [0, 0, 0.8, 2], "texture": "#0"},
				"down": {"uv": [0, 0, 0.8, 2], "texture": "#0"}
			}
		},
		{
			"from": [7.09971, -1.60685, 28],
			"to": [8.69971, -0.60685, 32],
			"rotation": {"angle": 22.5, "axis": "z", "origin": [7.19971, -0.10685, 28]},
			"faces": {
				"north": {"uv": [0, 0, 0.8, 2], "texture": "#0"},
				"east": {"uv": [0, 0, 0.8, 2], "texture": "#0"},
				"south": {"uv": [0, 0, 0.8, 2], "texture": "#0"},
				"west": {"uv": [0, 0, 0.8, 2], "texture": "#0"},
				"up": {"uv": [0, 0, 0.8, 2], "texture": "#0"},
				"down": {"uv": [0, 0, 0.8, 2], "texture": "#0"}
			}
		},
		{
			"from": [6.4588, -0.76537, 28],
			"to": [8.0588, 0.23463, 32],
			"rotation": {"angle": -22.5, "axis": "z", "origin": [5.9588, -0.26537, 28]},
			"faces": {
				"north": {"uv": [0, 0, 0.8, 2], "texture": "#0"},
				"east": {"uv": [0, 0, 0.8, 2], "texture": "#0"},
				"south": {"uv": [0, 0, 0.8, 2], "texture": "#0"},
				"west": {"uv": [0, 0, 0.8, 2], "texture": "#0"},
				"up": {"uv": [0, 0, 0.8, 2], "texture": "#0"},
				"down": {"uv": [0, 0, 0.8, 2], "texture": "#0"}
			}
		},
		{
			"from": [8.93328, -1.01897, 28],
			"to": [9.49328, -0.47897, 32],
			"rotation": {"angle": 45, "axis": "z", "origin": [8.93328, -0.71897, 4.5]},
			"faces": {
				"north": {"uv": [0, 0, 0.28, 2], "texture": "#0"},
				"east": {"uv": [0, 0, 0.28, 2], "texture": "#0"},
				"south": {"uv": [0, 0, 0.28, 2], "texture": "#0"},
				"west": {"uv": [0, 0, 0.28, 2], "texture": "#0"},
				"up": {"uv": [0, 0, 0.28, 2], "texture": "#0"},
				"down": {"uv": [0, 0, 0.28, 2], "texture": "#0"}
			}
		},
		{
			"from": [6.00313, -1.01897, 28],
			"to": [6.56313, -0.47897, 32],
			"rotation": {"angle": 45, "axis": "z", "origin": [6.00313, -0.71897, 4.5]},
			"faces": {
				"north": {"uv": [0, 0, 0.28, 2], "texture": "#0"},
				"east": {"uv": [0, 0, 0.28, 2], "texture": "#0"},
				"south": {"uv": [0, 0, 0.28, 2], "texture": "#0"},
				"west": {"uv": [0, 0, 0.28, 2], "texture": "#0"},
				"up": {"uv": [0, 0, 0.28, 2], "texture": "#0"},
				"down": {"uv": [0, 0, 0.28, 2], "texture": "#0"}
			}
		},
		{
			"from": [4.8, -0.5, 24],
			"to": [7.8, 0.5, 28],
			"rotation": {"angle": 22.5, "axis": "z", "origin": [6.5, 0.5, 24]},
			"faces": {
				"north": {"uv": [0, 0, 1.5, 2], "texture": "#0"},
				"east": {"uv": [0, 0, 1.5, 2], "texture": "#0"},
				"south": {"uv": [0, 0, 1.5, 2], "texture": "#0"},
				"west": {"uv": [0, 0, 1.5, 2], "texture": "#0"},
				"up": {"uv": [0, 0, 1.5, 2], "texture": "#0"},
				"down": {"uv": [0, 0, 1.5, 2], "texture": "#0"}
			}
		},
		{
			"from": [8.04776, -0.19344, 24],
			"to": [11.04776, 0.80656, 28],
			"rotation": {"angle": -22.5, "axis": "z", "origin": [8.34776, 1.80656, 24]},
			"faces": {
				"north": {"uv": [0, 0, 1.5, 2], "texture": "#0"},
				"east": {"uv": [0, 0, 1.5, 2], "texture": "#0"},
				"south": {"uv": [0, 0, 1.5, 2], "texture": "#0"},
				"west": {"uv": [0, 0, 1.5, 2], "texture": "#0"},
				"up": {"uv": [0, 0, 1.5, 2], "texture": "#0"},
				"down": {"uv": [0, 0, 1.5, 2], "texture": "#0"}
			}
		},
		{
			"from": [6.89971, -2.10685, 24],
			"to": [9.89971, -1.10685, 28],
			"rotation": {"angle": 22.5, "axis": "z", "origin": [7.19971, -0.10685, 24]},
			"faces": {
				"north": {"uv": [0, 0, 1.5, 2], "texture": "#0"},
				"east": {"uv": [0, 0, 1.5, 2], "texture": "#0"},
				"south": {"uv": [0, 0, 1.5, 2], "texture": "#0"},
				"west": {"uv": [0, 0, 1.5, 2], "texture": "#0"},
				"up": {"uv": [0, 0, 1.5, 2], "texture": "#0"},
				"down": {"uv": [0, 0, 1.5, 2], "texture": "#0"}
			}
		},
		{
			"from": [5.2588, -1.26537, 24],
			"to": [8.2588, -0.26537, 28],
			"rotation": {"angle": -22.5, "axis": "z", "origin": [5.9588, -0.26537, 24]},
			"faces": {
				"north": {"uv": [0, 0, 1.5, 2], "texture": "#0"},
				"east": {"uv": [0, 0, 1.5, 2], "texture": "#0"},
				"south": {"uv": [0, 0, 1.5, 2], "texture": "#0"},
				"west": {"uv": [0, 0, 1.5, 2], "texture": "#0"},
				"up": {"uv": [0, 0, 1.5, 2], "texture": "#0"},
				"down": {"uv": [0, 0, 1.5, 2], "texture": "#0"}
			}
		},
		{
			"from": [10.24742, -1.03039, 24],
			"to": [10.80742, -0.47039, 28],
			"rotation": {"angle": 45, "axis": "z", "origin": [10.24742, -0.73039, 4.5]},
			"faces": {
				"north": {"uv": [0, 0, 0.28, 2], "texture": "#0"},
				"east": {"uv": [0, 0, 0.28, 2], "texture": "#0"},
				"south": {"uv": [0, 0, 0.28, 2], "texture": "#0"},
				"west": {"uv": [0, 0, 0.28, 2], "texture": "#0"},
				"up": {"uv": [0, 0, 0.28, 2], "texture": "#0"},
				"down": {"uv": [0, 0, 0.28, 2], "texture": "#0"}
			}
		},
		{
			"from": [4.71727, -1.03039, 24],
			"to": [5.27727, -0.47039, 28],
			"rotation": {"angle": 45, "axis": "z", "origin": [4.71727, -0.73039, 4.5]},
			"faces": {
				"north": {"uv": [0, 0, 0.28, 2], "texture": "#0"},
				"east": {"uv": [0, 0, 0.28, 2], "texture": "#0"},
				"south": {"uv": [0, 0, 0.28, 2], "texture": "#0"},
				"west": {"uv": [0, 0, 0.28, 2], "texture": "#0"},
				"up": {"uv": [0, 0, 0.28, 2], "texture": "#0"},
				"down": {"uv": [0, 0, 0.28, 2], "texture": "#0"}
			}
		},
		{
			"from": [4.8, -0.5, -1],
			"to": [7.8, 0.5, 2],
			"rotation": {"angle": 22.5, "axis": "z", "origin": [6.5, 0.5, -4]},
			"faces": {
				"north": {"uv": [0, 0, 1.5, 2], "texture": "#0"},
				"east": {"uv": [0, 0, 1.5, 2], "texture": "#0"},
				"south": {"uv": [0, 0, 1.5, 2], "texture": "#0"},
				"west": {"uv": [0, 0, 1.5, 2], "texture": "#0"},
				"up": {"uv": [0, 0, 2, 16], "texture": "#0"},
				"down": {"uv": [0, 0, 1.5, 2], "texture": "#0"}
			}
		},
		{
			"from": [8.04776, -0.19344, -1],
			"to": [11.04776, 0.80656, 2],
			"rotation": {"angle": -22.5, "axis": "z", "origin": [8.34776, 1.80656, -4]},
			"faces": {
				"north": {"uv": [0, 0, 1.5, 2], "texture": "#0"},
				"east": {"uv": [0, 0, 1.5, 2], "texture": "#0"},
				"south": {"uv": [0, 0, 1.5, 2], "texture": "#0"},
				"west": {"uv": [0, 0, 1.5, 2], "texture": "#0"},
				"up": {"uv": [0, 0, 1.5, 5], "rotation": 180, "texture": "#0"},
				"down": {"uv": [0, 0, 1.5, 2], "texture": "#0"}
			}
		},
		{
			"from": [6.89971, -2.10685, -1],
			"to": [9.89971, -1.10685, 2],
			"rotation": {"angle": 22.5, "axis": "z", "origin": [7.19971, -0.10685, -4]},
			"faces": {
				"north": {"uv": [0, 0, 1.5, 2], "texture": "#0"},
				"east": {"uv": [0, 0, 1.5, 2], "texture": "#0"},
				"south": {"uv": [0, 0, 1.5, 2], "texture": "#0"},
				"west": {"uv": [0, 0, 1.5, 2], "texture": "#0"},
				"up": {"uv": [0, 0, 1.5, 2], "texture": "#0"},
				"down": {"uv": [0, 0, 1.5, 2], "texture": "#0"}
			}
		},
		{
			"from": [5.2588, -1.26537, -1],
			"to": [8.2588, -0.26537, 2],
			"rotation": {"angle": -22.5, "axis": "z", "origin": [5.9588, -0.26537, -4]},
			"faces": {
				"north": {"uv": [0, 0, 1.5, 2], "texture": "#0"},
				"east": {"uv": [0, 0, 1.5, 2], "texture": "#0"},
				"south": {"uv": [0, 0, 1.5, 2], "texture": "#0"},
				"west": {"uv": [0, 0, 1.5, 2], "texture": "#0"},
				"up": {"uv": [0, 0, 1.5, 2], "texture": "#0"},
				"down": {"uv": [0, 0, 1.5, 2], "texture": "#0"}
			}
		},
		{
			"from": [10.24742, -1.03039, -1],
			"to": [10.80742, -0.47039, 2],
			"rotation": {"angle": 45, "axis": "z", "origin": [10.24742, -0.73039, -23.5]},
			"faces": {
				"north": {"uv": [0, 0, 0.28, 2], "texture": "#0"},
				"east": {"uv": [0, 0, 0.28, 2], "texture": "#0"},
				"south": {"uv": [0, 0, 0.28, 2], "texture": "#0"},
				"west": {"uv": [0, 0, 0.28, 2], "texture": "#0"},
				"up": {"uv": [0, 0, 0.28, 2], "texture": "#0"},
				"down": {"uv": [0, 0, 0.28, 2], "texture": "#0"}
			}
		},
		{
			"from": [4.71727, -1.03039, -1],
			"to": [5.27727, -0.47039, 2],
			"rotation": {"angle": 45, "axis": "z", "origin": [4.71727, -0.73039, -23.5]},
			"faces": {
				"north": {"uv": [0, 0, 0.28, 2], "texture": "#0"},
				"east": {"uv": [0, 0, 0.28, 2], "texture": "#0"},
				"south": {"uv": [0, 0, 0.28, 2], "texture": "#0"},
				"west": {"uv": [0, 0, 0.28, 2], "texture": "#0"},
				"up": {"uv": [0, 0, 0.28, 2], "texture": "#0"},
				"down": {"uv": [0, 0, 0.28, 2], "texture": "#0"}
			}
		},
		{
			"from": [6.7, -3, -3.5],
			"to": [8.7, 2, -1.5],
			"faces": {
				"north": {"uv": [5.5, 13, 7, 14.5], "texture": "#0"},
				"east": {"uv": [5.5, 13, 7, 14.5], "texture": "#0"},
				"south": {"uv": [5.5, 13, 7, 14.5], "texture": "#0"},
				"west": {"uv": [5.5, 13, 7, 14.5], "texture": "#0"},
				"up": {"uv": [5.5, 13, 7, 14.5], "texture": "#0"},
				"down": {"uv": [5.5, 13, 7, 14.5], "texture": "#0"}
			}
		},
		{
			"from": [6.2, -2.5, -4],
			"to": [9.2, 1.5, -1],
			"faces": {
				"north": {"uv": [9.5, 13.5, 11, 16], "texture": "#0"},
				"east": {"uv": [9.5, 13.5, 11, 16], "texture": "#0"},
				"south": {"uv": [9.5, 13.5, 11, 16], "texture": "#0"},
				"west": {"uv": [9.5, 13.5, 11, 16], "texture": "#0"},
				"up": {"uv": [9.5, 13.5, 11, 16], "texture": "#0"},
				"down": {"uv": [9.5, 13.5, 11, 16], "texture": "#0"}
			}
		},
		{
			"from": [5, -1.5, -5.2],
			"to": [10.4, 0.4, -2],
			"faces": {
				"north": {"uv": [11.5, 7.5, 13, 11.5], "texture": "#0"},
				"east": {"uv": [11.5, 7.5, 13, 11.5], "texture": "#0"},
				"south": {"uv": [11.5, 7.5, 13, 11.5], "texture": "#0"},
				"west": {"uv": [11.5, 7.5, 13, 11.5], "texture": "#0"},
				"up": {"uv": [11.5, 7.5, 13, 11.5], "texture": "#0"},
				"down": {"uv": [11.5, 7.5, 13, 11.5], "texture": "#0"}
			}
		},
		{
			"from": [1.3, -1, -3.5],
			"to": [6.7, -0.1, -2],
			"rotation": {"angle": 22.5, "axis": "y", "origin": [1, -0.5, -2.5]},
			"faces": {
				"north": {"uv": [7.5, 3.5, 10, 11], "texture": "#0"},
				"east": {"uv": [7.5, 3.5, 10, 11], "texture": "#0"},
				"south": {"uv": [7.5, 3.5, 10, 11], "texture": "#0"},
				"west": {"uv": [7.5, 3.5, 10, 11], "texture": "#0"},
				"up": {"uv": [7.5, 3.5, 10, 11], "texture": "#0"},
				"down": {"uv": [7.5, 3.5, 10, 11], "texture": "#0"}
			}
		},
		{
			"from": [8.6, -1, -3.5],
			"to": [14, -0.1, -2],
			"rotation": {"angle": -22.5, "axis": "y", "origin": [14.3, -0.5, -2.5]},
			"faces": {
				"north": {"uv": [7.5, 3.5, 10, 11], "texture": "#0"},
				"east": {"uv": [7.5, 3.5, 10, 11], "texture": "#0"},
				"south": {"uv": [7.5, 3.5, 10, 11], "texture": "#0"},
				"west": {"uv": [7.5, 3.5, 10, 11], "texture": "#0"},
				"up": {"uv": [7.5, 3.5, 10, 11], "texture": "#0"},
				"down": {"uv": [7.5, 3.5, 10, 11], "texture": "#0"}
			}
		},
		{
			"from": [3.68268, 0.07612, -4],
			"to": [6.58268, 1.07612, -1],
			"rotation": {"angle": 22.5, "axis": "z", "origin": [6.58268, 0.07612, -4]},
			"faces": {
				"north": {"uv": [12, 6.5, 13.5, 11], "texture": "#0"},
				"east": {"uv": [12, 6.5, 13.5, 11], "texture": "#0"},
				"south": {"uv": [12, 6.5, 13.5, 11], "texture": "#0"},
				"west": {"uv": [12, 6.5, 13.5, 11], "texture": "#0"},
				"up": {"uv": [12, 6.5, 13.5, 11], "texture": "#0"},
				"down": {"uv": [12, 6.5, 13.5, 11], "texture": "#0"}
			}
		},
		{
			"from": [8.24433, -0.80447, -4],
			"to": [11.14433, 0.19553, -1],
			"rotation": {"angle": -22.5, "axis": "z", "origin": [10.74433, -1.80447, -3]},
			"faces": {
				"north": {"uv": [12, 5.5, 13.5, 10], "texture": "#0"},
				"east": {"uv": [12, 5.5, 13.5, 10], "texture": "#0"},
				"south": {"uv": [12, 5.5, 13.5, 10], "texture": "#0"},
				"west": {"uv": [12, 5.5, 13.5, 10], "texture": "#0"},
				"up": {"uv": [12, 5.5, 13.5, 10], "texture": "#0"},
				"down": {"uv": [12, 5.5, 13.5, 10], "texture": "#0"}
			}
		},
		{
			"from": [5.37525, -0.77167, -4],
			"to": [8.27525, 0.22833, -1],
			"rotation": {"angle": 22.5, "axis": "z", "origin": [10.37525, 8.22833, -4]},
			"faces": {
				"north": {"uv": [11.5, 7.5, 13, 11.5], "texture": "#0"},
				"east": {"uv": [11.5, 7.5, 13, 11.5], "texture": "#0"},
				"south": {"uv": [11.5, 7.5, 13, 11.5], "texture": "#0"},
				"west": {"uv": [11.5, 7.5, 13, 11.5], "texture": "#0"},
				"up": {"uv": [11.5, 7.5, 13, 11.5], "texture": "#0"},
				"down": {"uv": [11.5, 7.5, 13, 11.5], "texture": "#0"}
			}
		},
		{
			"from": [3.10762, -0.96717, -4],
			"to": [6.00762, 0.03283, -1],
			"rotation": {"angle": -22.5, "axis": "z", "origin": [3.50762, -1.96717, -3]},
			"faces": {
				"north": {"uv": [12, 8.5, 13.5, 12.5], "texture": "#0"},
				"east": {"uv": [12, 8.5, 13.5, 12.5], "texture": "#0"},
				"south": {"uv": [12, 8.5, 13.5, 12.5], "texture": "#0"},
				"west": {"uv": [12, 8.5, 13.5, 12.5], "texture": "#0"},
				"up": {"uv": [12, 8.5, 13.5, 12.5], "texture": "#0"},
				"down": {"uv": [12, 8.5, 13.5, 12.5], "texture": "#0"}
			}
		},
		{
			"name": "hexadecagon",
			"from": [7.36131, -1.8, -12.9],
			"to": [7.83869, 0.6, -3.9],
			"rotation": {"angle": -45, "axis": "z", "origin": [7.6, -0.6, -6.4]},
			"faces": {
				"north": {"uv": [13.5, 3.5, 16, 13], "texture": "#0"},
				"east": {"uv": [13.5, 3.5, 16, 13], "texture": "#0"},
				"south": {"uv": [13.5, 3.5, 16, 13], "texture": "#0"},
				"west": {"uv": [13.5, 3.5, 16, 13], "texture": "#0"},
				"up": {"uv": [13.5, 3.5, 16, 13], "texture": "#0"},
				"down": {"uv": [13.5, 3.5, 16, 13], "texture": "#0"}
			}
		},
		{
			"name": "hexadecagon",
			"from": [7.36131, -1.8, -12.9],
			"to": [7.83869, 0.6, -3.9],
			"rotation": {"angle": -22.5, "axis": "z", "origin": [7.6, -0.6, -6.4]},
			"faces": {
				"north": {"uv": [13.5, 3.5, 16, 13], "texture": "#0"},
				"east": {"uv": [13.5, 3.5, 16, 13], "texture": "#0"},
				"south": {"uv": [13.5, 3.5, 16, 13], "texture": "#0"},
				"west": {"uv": [13.5, 3.5, 16, 13], "texture": "#0"},
				"up": {"uv": [13.5, 3.5, 16, 13], "texture": "#0"},
				"down": {"uv": [13.5, 3.5, 16, 13], "texture": "#0"}
			}
		},
		{
			"name": "hexadecagon",
			"from": [7.36131, -1.8, -12.9],
			"to": [7.83869, 0.6, -3.9],
			"rotation": {"angle": 0, "axis": "z", "origin": [7.6, -0.6, -6.4]},
			"faces": {
				"north": {"uv": [13.5, 3.5, 16, 13], "texture": "#0"},
				"east": {"uv": [13.5, 3.5, 16, 13], "texture": "#0"},
				"south": {"uv": [13.5, 3.5, 16, 13], "texture": "#0"},
				"west": {"uv": [13.5, 3.5, 16, 13], "texture": "#0"},
				"up": {"uv": [13.5, 3.5, 16, 13], "texture": "#0"},
				"down": {"uv": [13.5, 3.5, 16, 13], "texture": "#0"}
			}
		},
		{
			"name": "hexadecagon",
			"from": [7.36131, -1.8, -12.9],
			"to": [7.83869, 0.6, -3.9],
			"rotation": {"angle": 22.5, "axis": "z", "origin": [7.6, -0.6, -6.4]},
			"faces": {
				"north": {"uv": [13.5, 3.5, 16, 13], "texture": "#0"},
				"east": {"uv": [13.5, 3.5, 16, 13], "texture": "#0"},
				"south": {"uv": [13.5, 3.5, 16, 13], "texture": "#0"},
				"west": {"uv": [13.5, 3.5, 16, 13], "texture": "#0"},
				"up": {"uv": [13.5, 3.5, 16, 13], "texture": "#0"},
				"down": {"uv": [13.5, 3.5, 16, 13], "texture": "#0"}
			}
		},
		{
			"name": "hexadecagon",
			"from": [7.36131, -1.8, -12.9],
			"to": [7.83869, 0.6, -3.9],
			"rotation": {"angle": 45, "axis": "z", "origin": [7.6, -0.6, -6.4]},
			"faces": {
				"north": {"uv": [13.5, 3.5, 16, 13], "texture": "#0"},
				"east": {"uv": [13.5, 3.5, 16, 13], "texture": "#0"},
				"south": {"uv": [13.5, 3.5, 16, 13], "texture": "#0"},
				"west": {"uv": [13.5, 3.5, 16, 13], "texture": "#0"},
				"up": {"uv": [13.5, 3.5, 16, 13], "texture": "#0"},
				"down": {"uv": [13.5, 3.5, 16, 13], "texture": "#0"}
			}
		},
		{
			"name": "hexadecagon",
			"from": [6.4, -0.83869, -12.9],
			"to": [8.8, -0.36131, -3.9],
			"rotation": {"angle": -22.5, "axis": "z", "origin": [7.6, -0.6, -6.4]},
			"faces": {
				"north": {"uv": [13.5, 3.5, 16, 13], "texture": "#0"},
				"east": {"uv": [13.5, 3.5, 16, 13], "texture": "#0"},
				"south": {"uv": [13.5, 3.5, 16, 13], "texture": "#0"},
				"west": {"uv": [13.5, 3.5, 16, 13], "texture": "#0"},
				"up": {"uv": [13.5, 3.5, 16, 13], "texture": "#0"},
				"down": {"uv": [13.5, 3.5, 16, 13], "texture": "#0"}
			}
		},
		{
			"name": "hexadecagon",
			"from": [6.4, -0.83869, -12.9],
			"to": [8.8, -0.36131, -3.9],
			"rotation": {"angle": 0, "axis": "z", "origin": [7.6, -0.6, -6.4]},
			"faces": {
				"north": {"uv": [13.5, 3.5, 16, 13], "texture": "#0"},
				"east": {"uv": [13.5, 3.5, 16, 13], "texture": "#0"},
				"south": {"uv": [13.5, 3.5, 16, 13], "texture": "#0"},
				"west": {"uv": [13.5, 3.5, 16, 13], "texture": "#0"},
				"up": {"uv": [13.5, 3.5, 16, 13], "texture": "#0"},
				"down": {"uv": [13.5, 3.5, 16, 13], "texture": "#0"}
			}
		},
		{
			"name": "hexadecagon",
			"from": [6.4, -0.83869, -12.9],
			"to": [8.8, -0.36131, -3.9],
			"rotation": {"angle": 22.5, "axis": "z", "origin": [7.6, -0.6, -6.4]},
			"faces": {
				"north": {"uv": [13.5, 3.5, 16, 13], "texture": "#0"},
				"east": {"uv": [13.5, 3.5, 16, 13], "texture": "#0"},
				"south": {"uv": [13.5, 3.5, 16, 13], "texture": "#0"},
				"west": {"uv": [13.5, 3.5, 16, 13], "texture": "#0"},
				"up": {"uv": [13.5, 3.5, 16, 13], "texture": "#0"},
				"down": {"uv": [13.5, 3.5, 16, 13], "texture": "#0"}
			}
		},
		{
			"from": [7.1, -1, -15.9],
			"to": [8.1, 0, -14.9],
			"faces": {
				"north": {"uv": [5.5, 14, 7, 16], "texture": "#0"},
				"east": {"uv": [5.5, 14, 7, 16], "texture": "#0"},
				"south": {"uv": [5.5, 14, 7, 16], "texture": "#0"},
				"west": {"uv": [5.5, 14, 7, 16], "texture": "#0"},
				"up": {"uv": [5.5, 14, 7, 16], "texture": "#0"},
				"down": {"uv": [5.5, 14, 7, 16], "texture": "#0"}
			}
		},
		{
			"from": [6.6, -1.5, -14.9],
			"to": [8.6, 0.5, -13.9],
			"faces": {
				"north": {"uv": [12, 11.5, 13.5, 16], "texture": "#0"},
				"east": {"uv": [12, 11.5, 13.5, 16], "texture": "#0"},
				"south": {"uv": [12, 11.5, 13.5, 16], "texture": "#0"},
				"west": {"uv": [12, 11.5, 13.5, 16], "texture": "#0"},
				"up": {"uv": [12, 11.5, 13.5, 16], "texture": "#0"},
				"down": {"uv": [12, 11.5, 13.5, 16], "texture": "#0"}
			}
		},
		{
			"from": [6.1, -2, -13.9],
			"to": [9.1, 1, -12.9],
			"faces": {
				"north": {"uv": [7.5, 4, 9, 8], "texture": "#0"},
				"east": {"uv": [7.5, 4, 9, 8], "texture": "#0"},
				"south": {"uv": [7.5, 4, 9, 8], "texture": "#0"},
				"west": {"uv": [7.5, 4, 9, 8], "texture": "#0"},
				"up": {"uv": [7.5, 4, 9, 8], "texture": "#0"},
				"down": {"uv": [7.5, 4, 9, 8], "texture": "#0"}
			}
		}
	],
	"display": {
		"thirdperson_righthand": {
			"rotation": [-90, 0, 90],
			"translation": [-4.25, 8.5, 1],
			"scale": [0.5, 0.5, 0.6]
		},
		"thirdperson_lefthand": {
			"rotation": [-90, 0, 90],
			"translation": [-4.25, 8.25, 1],
			"scale": [0.5, 0.5, 0.6]
		},
		"firstperson_righthand": {
			"rotation": [-80, 0, 90],
			"translation": [-3.5, 6.5, 3],
			"scale": [0.3, 0.3, 0.3]
		},
		"firstperson_lefthand": {
			"rotation": [-80, 0, 90],
			"translation": [-3.5, 6.5, 3],
			"scale": [0.3, 0.3, 0.3]
		},
		"ground": {
			"translation": [0, 0.25, 0],
			"scale": [0.3, 0.3, 0.3]
		},
		"gui": {
			"rotation": [90, 45, 0],
			"translation": [0, 0.25, 2.5],
			"scale": [0.5, 0.5, 0.5]
		},
		"head": {
			"rotation": [90, 0, 0],
			"translation": [0, 4.5, 9.25]
		},
		"fixed": {
			"rotation": [90, 45, 0],
			"translation": [0, 0.25, 2.5],
			"scale": [0.5, 0.5, 0.5]
		}
	},
	"groups": [
		{
			"name": "group",
			"origin": [8, 8, 8],
			"color": 0,
			"children": [
				{
					"name": "group",
					"origin": [3.85754, -0.51148, 0.5],
					"color": 0,
					"children": [0, 1, 2, 3, 4, 5]
				},
				{
					"name": "group",
					"origin": [5.9588, -0.26537, 28],
					"color": 0,
					"children": [6, 7, 8, 9, 10, 11]
				},
				{
					"name": "group",
					"origin": [5.9588, -0.26537, 24],
					"color": 0,
					"children": [12, 13, 14, 15, 16, 17]
				},
				{
					"name": "group",
					"origin": [5.9588, -0.26537, 24],
					"color": 0,
					"children": [18, 19, 20, 21, 22, 23]
				}
			]
		},
		{
			"name": "group",
			"origin": [0, 0, 0],
			"color": 0,
			"children": [24, 25, 26, 27, 28,
				{
					"name": "group",
					"origin": [3.50762, -1.96717, -3],
					"color": 0,
					"children": [29, 30, 31, 32]
				}
			]
		},
		{
			"name": "hexadecagon",
			"origin": [8, 8, 8],
			"color": 0,
			"children": [33, 34, 35, 36, 37, 38, 39, 40]
		},
		{
			"name": "group",
			"origin": [0, 0, 0],
			"color": 0,
			"children": [41, 42, 43]
		}
	]
}