{
	"credit": "Made with Blockbench",
	"parent": "helmet",
	"texture_size": [128, 128],
	"textures": {
		"0": "items/eyama/nfl",
		"particle": "items/eyama/nfl"
	},
	"elements": [
		{
			"from": [-4, 7, 29],
			"to": [20, 26, 30],
			"rotation": {"angle": 0, "axis": "y", "origin": [8, 2, 21]},
			"faces": {
				"north": {"uv": [0, 0, 3, 0.125], "texture": "#0"},
				"east": {"uv": [0, 0, 3, 0.125], "texture": "#0"},
				"south": {"uv": [0, 0, 3, 0.125], "texture": "#0"},
				"west": {"uv": [0, 0, 3, 0.125], "texture": "#0"},
				"up": {"uv": [0, 0, 3, 0.125], "texture": "#0"},
				"down": {"uv": [0, 0, 3, 0.125], "texture": "#0"}
			}
		},
		{
			"from": [-1, 7, 30],
			"to": [17, 26, 31],
			"rotation": {"angle": 0, "axis": "y", "origin": [8, 2, 21]},
			"faces": {
				"north": {"uv": [0, 0, 2.25, 0.125], "texture": "#0"},
				"east": {"uv": [0, 0, 2.25, 0.125], "texture": "#0"},
				"south": {"uv": [0, 0, 2.25, 0.125], "texture": "#0"},
				"west": {"uv": [0, 0, 2.25, 0.125], "texture": "#0"},
				"up": {"uv": [0, 0, 2.25, 0.125], "texture": "#0"},
				"down": {"uv": [0, 0, 2.25, 0.125], "texture": "#0"}
			}
		},
		{
			"from": [2, 7, 31],
			"to": [14, 26, 32],
			"rotation": {"angle": 0, "axis": "y", "origin": [8, 2, 21]},
			"faces": {
				"north": {"uv": [0, 0, 1.5, 0.125], "texture": "#0"},
				"east": {"uv": [0, 0, 1.5, 0.125], "texture": "#0"},
				"south": {"uv": [2.5, 0, 13.5, 16], "texture": "#0"},
				"west": {"uv": [0, 0, 1.5, 0.125], "texture": "#0"},
				"up": {"uv": [2.5, 0, 13.5, 16], "texture": "#0"},
				"down": {"uv": [0, 0, 1.5, 0.125], "texture": "#0"}
			}
		},
		{
			"from": [-1, 18, 3],
			"to": [17, 26, 4],
			"rotation": {"angle": 0, "axis": "y", "origin": [8, 2, 21]},
			"faces": {
				"north": {"uv": [0, 0, 2.25, 0.125], "rotation": 180, "texture": "#0"},
				"east": {"uv": [0, 0, 2.25, 0.125], "rotation": 180, "texture": "#0"},
				"south": {"uv": [0, 0, 2.25, 0.125], "rotation": 180, "texture": "#0"},
				"west": {"uv": [0, 0, 2.25, 0.125], "rotation": 180, "texture": "#0"},
				"up": {"uv": [0, 0, 2.25, 0.125], "rotation": 180, "texture": "#0"},
				"down": {"uv": [0, 0, 2.25, 0.125], "rotation": 180, "texture": "#0"}
			}
		},
		{
			"from": [2, 18, 2],
			"to": [14, 26, 3],
			"rotation": {"angle": 0, "axis": "y", "origin": [8, 2, 21]},
			"faces": {
				"north": {"uv": [2.5, 3, 13.5, 7.625], "rotation": 180, "texture": "#0"},
				"east": {"uv": [0, 0, 1.5, 0.125], "rotation": 180, "texture": "#0"},
				"south": {"uv": [0, 0, 1.5, 0.125], "rotation": 180, "texture": "#0"},
				"west": {"uv": [0, 0, 1.5, 0.125], "rotation": 180, "texture": "#0"},
				"up": {"uv": [2.5, 0, 13.5, 6.625], "rotation": 180, "texture": "#0"},
				"down": {"uv": [0, 0, 1.5, 0.125], "rotation": 180, "texture": "#0"}
			}
		},
		{
			"from": [-4, 18, 4],
			"to": [20, 26, 5],
			"rotation": {"angle": 0, "axis": "y", "origin": [8, 2, 21]},
			"faces": {
				"north": {"uv": [0, 0, 3, 0.125], "rotation": 180, "texture": "#0"},
				"east": {"uv": [0, 0, 3, 0.125], "rotation": 180, "texture": "#0"},
				"south": {"uv": [0, 0, 3, 0.125], "rotation": 180, "texture": "#0"},
				"west": {"uv": [0, 0, 3, 0.125], "rotation": 180, "texture": "#0"},
				"up": {"uv": [0, 0, 3, 0.125], "rotation": 180, "texture": "#0"},
				"down": {"uv": [0, 0, 3, 0.125], "rotation": 180, "texture": "#0"}
			}
		},
		{
			"from": [-1, 26, 29],
			"to": [17, 28, 30],
			"faces": {
				"north": {"uv": [0, 0, 2.25, 0.125], "rotation": 180, "texture": "#0"},
				"east": {"uv": [0, 0, 2.25, 0.125], "rotation": 180, "texture": "#0"},
				"south": {"uv": [0, 0, 16, 16], "rotation": 180, "texture": "#0"},
				"west": {"uv": [0, 0, 2.25, 0.125], "rotation": 180, "texture": "#0"},
				"up": {"uv": [0, 0, 16, 16], "rotation": 180, "texture": "#0"},
				"down": {"uv": [0, 0, 2.25, 0.125], "rotation": 180, "texture": "#0"}
			}
		},
		{
			"from": [-4, 26, 5],
			"to": [20, 28, 29],
			"faces": {
				"north": {"uv": [0, 0, 3, 3], "texture": "#0"},
				"east": {"uv": [0, 0, 3, 3], "texture": "#0"},
				"south": {"uv": [0, 0, 3, 3], "texture": "#0"},
				"west": {"uv": [0, 0, 3, 3], "texture": "#0"},
				"up": {"uv": [0, 0, 3, 3], "texture": "#0"},
				"down": {"uv": [0, 0, 3, 3], "texture": "#0"}
			}
		},
		{
			"from": [20, 26, 8],
			"to": [21, 28, 26],
			"faces": {
				"north": {"uv": [0, 0, 2.25, 0.125], "rotation": 90, "texture": "#0"},
				"east": {"uv": [0, 0, 2.25, 0.125], "rotation": 90, "texture": "#0"},
				"south": {"uv": [0, 0, 2.25, 0.125], "rotation": 90, "texture": "#0"},
				"west": {"uv": [0, 0, 2.25, 0.125], "rotation": 90, "texture": "#0"},
				"up": {"uv": [0, 0, 2.25, 0.125], "rotation": 90, "texture": "#0"},
				"down": {"uv": [0, 0, 2.25, 0.125], "rotation": 90, "texture": "#0"}
			}
		},
		{
			"from": [-1, 28, 8],
			"to": [17, 30, 26],
			"faces": {
				"north": {"uv": [0, 0, 16, 16], "texture": "#0"},
				"east": {"uv": [0, 0, 2.25, 2.25], "texture": "#0"},
				"south": {"uv": [0, 0, 16, 16], "texture": "#0"},
				"west": {"uv": [0, 0, 2.25, 2.25], "texture": "#0"},
				"up": {"uv": [0, 0, 16, 16], "texture": "#0"},
				"down": {"uv": [0, 0, 2.25, 2.25], "texture": "#0"}
			}
		},
		{
			"from": [-1, 26, 4],
			"to": [17, 28, 5],
			"faces": {
				"north": {"uv": [0, 0, 16, 3], "texture": "#0"},
				"east": {"uv": [0, 0, 2.25, 0.125], "texture": "#0"},
				"south": {"uv": [0, 0, 2.25, 0.125], "texture": "#0"},
				"west": {"uv": [0, 0, 2.25, 0.125], "texture": "#0"},
				"up": {"uv": [0, 0, 16, 16], "texture": "#0"},
				"down": {"uv": [0, 0, 2.25, 0.125], "texture": "#0"}
			}
		},
		{
			"from": [-5, 26, 8],
			"to": [-4, 28, 26],
			"faces": {
				"north": {"uv": [0, 0, 2.25, 0.125], "rotation": 270, "texture": "#0"},
				"east": {"uv": [0, 0, 2.25, 0.125], "rotation": 270, "texture": "#0"},
				"south": {"uv": [0, 0, 2.25, 0.125], "rotation": 270, "texture": "#0"},
				"west": {"uv": [0, 0, 2.25, 0.125], "rotation": 270, "texture": "#0"},
				"up": {"uv": [0, 0, 2.25, 0.125], "rotation": 270, "texture": "#0"},
				"down": {"uv": [0, 0, 2.25, 0.125], "rotation": 270, "texture": "#0"}
			}
		},
		{
			"from": [-4, 28, 8],
			"to": [-1, 29, 26],
			"faces": {
				"north": {"uv": [0, 0, 2.25, 0.375], "rotation": 270, "texture": "#0"},
				"east": {"uv": [0, 0, 2.25, 0.375], "rotation": 270, "texture": "#0"},
				"south": {"uv": [0, 0, 2.25, 0.375], "rotation": 270, "texture": "#0"},
				"west": {"uv": [0, 0, 2.25, 0.375], "rotation": 270, "texture": "#0"},
				"up": {"uv": [0, 0, 2.25, 0.375], "rotation": 270, "texture": "#0"},
				"down": {"uv": [0, 0, 2.25, 0.375], "rotation": 270, "texture": "#0"}
			}
		},
		{
			"from": [-1, 28, 5],
			"to": [17, 29, 8],
			"faces": {
				"north": {"uv": [0, 0, 16, 16], "texture": "#0"},
				"east": {"uv": [0, 0, 2.25, 0.375], "texture": "#0"},
				"south": {"uv": [0, 0, 2.25, 0.375], "texture": "#0"},
				"west": {"uv": [0, 0, 2.25, 0.375], "texture": "#0"},
				"up": {"uv": [0, 0, 16, 16], "texture": "#0"},
				"down": {"uv": [0, 0, 2.25, 0.375], "texture": "#0"}
			}
		},
		{
			"from": [17, 28, 8],
			"to": [20, 29, 26],
			"faces": {
				"north": {"uv": [0, 0, 2.25, 0.375], "rotation": 90, "texture": "#0"},
				"east": {"uv": [0, 0, 2.25, 0.375], "rotation": 90, "texture": "#0"},
				"south": {"uv": [0, 0, 2.25, 0.375], "rotation": 90, "texture": "#0"},
				"west": {"uv": [0, 0, 2.25, 0.375], "rotation": 90, "texture": "#0"},
				"up": {"uv": [0, 0, 2.25, 0.375], "rotation": 90, "texture": "#0"},
				"down": {"uv": [0, 0, 2.25, 0.375], "rotation": 90, "texture": "#0"}
			}
		},
		{
			"from": [-1, 28, 26],
			"to": [17, 29, 29],
			"faces": {
				"north": {"uv": [0, 0, 2.25, 0.375], "rotation": 180, "texture": "#0"},
				"east": {"uv": [0, 0, 2.25, 0.375], "rotation": 180, "texture": "#0"},
				"south": {"uv": [0, 0, 16, 16], "rotation": 180, "texture": "#0"},
				"west": {"uv": [0, 0, 2.25, 0.375], "rotation": 180, "texture": "#0"},
				"up": {"uv": [0, 0, 16, 16], "rotation": 180, "texture": "#0"},
				"down": {"uv": [0, 0, 2.25, 0.375], "rotation": 180, "texture": "#0"}
			}
		},
		{
			"from": [-6, 15, 11],
			"to": [-5, 27, 23],
			"faces": {
				"north": {"uv": [0, 0, 1.5, 0.125], "rotation": 270, "texture": "#0"},
				"east": {"uv": [0, 0, 1.5, 0.125], "rotation": 270, "texture": "#0"},
				"south": {"uv": [0, 0, 1.5, 0.125], "rotation": 270, "texture": "#0"},
				"west": {"uv": [0, 0, 1.5, 0.125], "rotation": 270, "texture": "#0"},
				"up": {"uv": [0, 0, 1.5, 0.125], "rotation": 270, "texture": "#0"},
				"down": {"uv": [0, 0, 1.5, 0.125], "rotation": 270, "texture": "#0"}
			}
		},
		{
			"from": [-6, 3, 11],
			"to": [-5, 10, 23],
			"faces": {
				"north": {"uv": [0, 0, 1.5, 0.125], "rotation": 270, "texture": "#0"},
				"east": {"uv": [0, 0, 1.5, 0.125], "rotation": 270, "texture": "#0"},
				"south": {"uv": [0, 0, 1.5, 0.125], "rotation": 270, "texture": "#0"},
				"west": {"uv": [0, 0, 1.5, 0.125], "rotation": 270, "texture": "#0"},
				"up": {"uv": [0, 0, 1.5, 0.125], "rotation": 270, "texture": "#0"},
				"down": {"uv": [0, 0, 1.5, 0.125], "rotation": 270, "texture": "#0"}
			}
		},
		{
			"from": [-6, 10, 11],
			"to": [-5, 15, 16],
			"faces": {
				"north": {"uv": [0, 0, 1.5, 0.125], "rotation": 270, "texture": "#0"},
				"east": {"uv": [0, 0, 1.5, 0.125], "rotation": 270, "texture": "#0"},
				"south": {"uv": [0, 0, 1.5, 0.125], "rotation": 270, "texture": "#0"},
				"west": {"uv": [0, 0, 1.5, 0.125], "rotation": 270, "texture": "#0"},
				"up": {"uv": [0, 0, 1.5, 0.125], "rotation": 270, "texture": "#0"},
				"down": {"uv": [0, 0, 1.5, 0.125], "rotation": 270, "texture": "#0"}
			}
		},
		{
			"from": [-6, 10, 21],
			"to": [-5, 15, 23],
			"faces": {
				"north": {"uv": [0, 0, 1.5, 0.125], "rotation": 270, "texture": "#0"},
				"east": {"uv": [0, 0, 1.5, 0.125], "rotation": 270, "texture": "#0"},
				"south": {"uv": [0, 0, 1.5, 0.125], "rotation": 270, "texture": "#0"},
				"west": {"uv": [0, 0, 1.5, 0.125], "rotation": 270, "texture": "#0"},
				"up": {"uv": [0, 0, 1.5, 0.125], "rotation": 270, "texture": "#0"},
				"down": {"uv": [0, 0, 1.5, 0.125], "rotation": 270, "texture": "#0"}
			}
		},
		{
			"from": [2, 26, 3],
			"to": [14, 27, 4],
			"faces": {
				"north": {"uv": [2.5, 0, 13.5, 6.125], "texture": "#0"},
				"east": {"uv": [0, 0, 1.5, 0.125], "texture": "#0"},
				"south": {"uv": [0, 0, 1.5, 0.125], "texture": "#0"},
				"west": {"uv": [0, 0, 1.5, 0.125], "texture": "#0"},
				"up": {"uv": [2.5, 0, 13.5, 9.125], "texture": "#0"},
				"down": {"uv": [0, 0, 1.5, 0.125], "texture": "#0"}
			}
		},
		{
			"from": [21, 15, 11],
			"to": [22, 27, 21],
			"faces": {
				"north": {"uv": [0, 0, 1.5, 0.125], "rotation": 90, "texture": "#0"},
				"east": {"uv": [0, 0, 1.5, 0.125], "rotation": 90, "texture": "#0"},
				"south": {"uv": [0, 0, 1.5, 0.125], "rotation": 90, "texture": "#0"},
				"west": {"uv": [0, 0, 1.5, 0.125], "rotation": 90, "texture": "#0"},
				"up": {"uv": [0, 0, 1.5, 0.125], "rotation": 90, "texture": "#0"},
				"down": {"uv": [0, 0, 1.5, 0.125], "rotation": 90, "texture": "#0"}
			}
		},
		{
			"from": [21, 3, 11],
			"to": [22, 10, 21],
			"faces": {
				"north": {"uv": [0, 0, 1.5, 0.125], "rotation": 90, "texture": "#0"},
				"east": {"uv": [0, 0, 1.5, 0.125], "rotation": 90, "texture": "#0"},
				"south": {"uv": [0, 0, 1.5, 0.125], "rotation": 90, "texture": "#0"},
				"west": {"uv": [0, 0, 1.5, 0.125], "rotation": 90, "texture": "#0"},
				"up": {"uv": [0, 0, 1.5, 0.125], "rotation": 90, "texture": "#0"},
				"down": {"uv": [0, 0, 1.5, 0.125], "rotation": 90, "texture": "#0"}
			}
		},
		{
			"from": [2, 26, 30],
			"to": [14, 27, 31],
			"faces": {
				"north": {"uv": [2.5, 0, 3.5, 16], "rotation": 180, "texture": "#0"},
				"east": {"uv": [2.5, 0, 5, 16], "rotation": 180, "texture": "#0"},
				"south": {"uv": [2.5, 0, 13.5, 16], "rotation": 180, "texture": "#0"},
				"west": {"uv": [2.5, 0, 5, 16], "rotation": 180, "texture": "#0"},
				"up": {"uv": [2.5, 0, 13.5, 16], "rotation": 180, "texture": "#0"},
				"down": {"uv": [2.5, 0, 4.5, 16], "rotation": 180, "texture": "#0"}
			}
		},
		{
			"from": [20, 7, 27],
			"to": [21, 26, 29],
			"faces": {
				"north": {"uv": [0, 0, 2.25, 0.125], "rotation": 90, "texture": "#0"},
				"east": {"uv": [0, 0, 2.25, 0.125], "rotation": 90, "texture": "#0"},
				"south": {"uv": [0, 0, 2.25, 0.125], "rotation": 90, "texture": "#0"},
				"west": {"uv": [0, 0, 2.25, 0.125], "rotation": 90, "texture": "#0"},
				"up": {"uv": [0, 0, 2.25, 0.125], "rotation": 90, "texture": "#0"},
				"down": {"uv": [0, 0, 2.25, 0.125], "rotation": 90, "texture": "#0"}
			}
		},
		{
			"from": [20, 14, 20],
			"to": [21, 22, 22],
			"rotation": {"angle": 45, "axis": "x", "origin": [8, 8, 8]},
			"faces": {
				"north": {"uv": [0, 0, 2.25, 0.125], "rotation": 90, "texture": "#0"},
				"east": {"uv": [0, 0, 2.25, 0.125], "rotation": 90, "texture": "#0"},
				"south": {"uv": [0, 0, 2.25, 0.125], "rotation": 90, "texture": "#0"},
				"west": {"uv": [0, 0, 2.25, 0.125], "rotation": 90, "texture": "#0"},
				"up": {"uv": [0, 0, 2.25, 0.125], "rotation": 90, "texture": "#0"},
				"down": {"uv": [0, 0, 2.25, 0.125], "rotation": 90, "texture": "#0"}
			}
		},
		{
			"from": [20, 8, 25],
			"to": [21, 26, 27],
			"faces": {
				"north": {"uv": [0, 0, 2.25, 0.125], "rotation": 90, "texture": "#0"},
				"east": {"uv": [0, 0, 2.25, 0.125], "rotation": 90, "texture": "#0"},
				"south": {"uv": [0, 0, 2.25, 0.125], "rotation": 90, "texture": "#0"},
				"west": {"uv": [0, 0, 2.25, 0.125], "rotation": 90, "texture": "#0"},
				"up": {"uv": [0, 0, 2.25, 0.125], "rotation": 90, "texture": "#0"},
				"down": {"uv": [0, 0, 2.25, 0.125], "rotation": 90, "texture": "#0"}
			}
		},
		{
			"from": [20, 6, 23],
			"to": [21, 26, 25],
			"faces": {
				"north": {"uv": [0, 0, 2.25, 0.125], "rotation": 90, "texture": "#0"},
				"east": {"uv": [0, 0, 2.25, 0.125], "rotation": 90, "texture": "#0"},
				"south": {"uv": [0, 0, 2.25, 0.125], "rotation": 90, "texture": "#0"},
				"west": {"uv": [0, 0, 2.25, 0.125], "rotation": 90, "texture": "#0"},
				"up": {"uv": [0, 0, 2.25, 0.125], "rotation": 90, "texture": "#0"},
				"down": {"uv": [0, 0, 2.25, 0.125], "rotation": 90, "texture": "#0"}
			}
		},
		{
			"from": [20, 15, 11],
			"to": [21, 26, 21],
			"faces": {
				"north": {"uv": [0, 0, 2.25, 0.125], "rotation": 90, "texture": "#0"},
				"east": {"uv": [0, 0, 2.25, 0.125], "rotation": 90, "texture": "#0"},
				"south": {"uv": [0, 0, 2.25, 0.125], "rotation": 90, "texture": "#0"},
				"west": {"uv": [0, 0, 2.25, 0.125], "rotation": 90, "texture": "#0"},
				"up": {"uv": [0, 0, 2.25, 0.125], "rotation": 90, "texture": "#0"},
				"down": {"uv": [0, 0, 2.25, 0.125], "rotation": 90, "texture": "#0"}
			}
		},
		{
			"from": [20, 3, 12],
			"to": [21, 10, 21],
			"faces": {
				"north": {"uv": [0, 0, 2.25, 0.125], "rotation": 90, "texture": "#0"},
				"east": {"uv": [0, 0, 2.25, 0.125], "rotation": 90, "texture": "#0"},
				"south": {"uv": [0, 0, 2.25, 0.125], "rotation": 90, "texture": "#0"},
				"west": {"uv": [0, 0, 2.25, 0.125], "rotation": 90, "texture": "#0"},
				"up": {"uv": [0, 0, 2.25, 0.125], "rotation": 90, "texture": "#0"},
				"down": {"uv": [0, 0, 2.25, 0.125], "rotation": 90, "texture": "#0"}
			}
		},
		{
			"from": [20, 3, 7],
			"to": [21, 10, 12],
			"faces": {
				"north": {"uv": [0, 0, 2.25, 0.125], "rotation": 90, "texture": "#0"},
				"east": {"uv": [0, 0, 2.25, 0.125], "rotation": 90, "texture": "#0"},
				"south": {"uv": [0, 0, 2.25, 0.125], "rotation": 90, "texture": "#0"},
				"west": {"uv": [0, 0, 2.25, 0.125], "rotation": 90, "texture": "#0"},
				"up": {"uv": [0, 0, 2.25, 0.125], "rotation": 90, "texture": "#0"},
				"down": {"uv": [0, 0, 2.25, 0.125], "rotation": 90, "texture": "#0"}
			}
		},
		{
			"from": [20, 18, 5],
			"to": [21, 26, 9],
			"faces": {
				"north": {"uv": [0, 0, 2.25, 0.125], "rotation": 90, "texture": "#0"},
				"east": {"uv": [0, 0, 2.25, 0.125], "rotation": 90, "texture": "#0"},
				"south": {"uv": [0, 0, 2.25, 0.125], "rotation": 90, "texture": "#0"},
				"west": {"uv": [0, 0, 2.25, 0.125], "rotation": 90, "texture": "#0"},
				"up": {"uv": [0, 0, 2.25, 0.125], "rotation": 90, "texture": "#0"},
				"down": {"uv": [0, 0, 2.25, 0.125], "rotation": 90, "texture": "#0"}
			}
		},
		{
			"from": [20, 10, 9],
			"to": [21, 26, 11],
			"faces": {
				"north": {"uv": [0, 0, 2.25, 0.125], "rotation": 90, "texture": "#0"},
				"east": {"uv": [0, 0, 2.25, 0.125], "rotation": 90, "texture": "#0"},
				"south": {"uv": [0, 0, 2.25, 0.125], "rotation": 90, "texture": "#0"},
				"west": {"uv": [0, 0, 2.25, 0.125], "rotation": 90, "texture": "#0"},
				"up": {"uv": [0, 0, 2.25, 0.125], "rotation": 90, "texture": "#0"},
				"down": {"uv": [0, 0, 2.25, 0.125], "rotation": 90, "texture": "#0"}
			}
		},
		{
			"from": [20, 10, 11],
			"to": [22, 15, 16],
			"faces": {
				"north": {"uv": [0, 0, 2.25, 0.125], "rotation": 90, "texture": "#0"},
				"east": {"uv": [0, 0, 2.25, 0.125], "rotation": 90, "texture": "#0"},
				"south": {"uv": [0, 0, 2.25, 0.125], "rotation": 90, "texture": "#0"},
				"west": {"uv": [0, 0, 2.25, 0.125], "rotation": 90, "texture": "#0"},
				"up": {"uv": [0, 0, 2.25, 0.125], "rotation": 90, "texture": "#0"},
				"down": {"uv": [0, 0, 2.25, 0.125], "rotation": 90, "texture": "#0"}
			}
		},
		{
			"from": [20, 3, 21],
			"to": [22, 27, 23],
			"faces": {
				"north": {"uv": [0, 0, 2.25, 0.125], "rotation": 90, "texture": "#0"},
				"east": {"uv": [0, 0, 2.25, 0.125], "rotation": 90, "texture": "#0"},
				"south": {"uv": [0, 0, 2.25, 0.125], "rotation": 90, "texture": "#0"},
				"west": {"uv": [0, 0, 2.25, 0.125], "rotation": 90, "texture": "#0"},
				"up": {"uv": [0, 0, 2.25, 0.125], "rotation": 90, "texture": "#0"},
				"down": {"uv": [0, 0, 2.25, 0.125], "rotation": 90, "texture": "#0"}
			}
		},
		{
			"from": [-5, 7, 27],
			"to": [-4, 26, 29],
			"rotation": {"angle": 0, "axis": "y", "origin": [-17, 8, 8]},
			"faces": {
				"north": {"uv": [0, 0, 2.25, 0.125], "rotation": 90, "texture": "#0"},
				"east": {"uv": [0, 0, 2.25, 0.125], "rotation": 90, "texture": "#0"},
				"south": {"uv": [0, 0, 2.25, 0.125], "rotation": 90, "texture": "#0"},
				"west": {"uv": [0, 0, 2.25, 0.125], "rotation": 90, "texture": "#0"},
				"up": {"uv": [0, 0, 2.25, 0.125], "rotation": 90, "texture": "#0"},
				"down": {"uv": [0, 0, 2.25, 0.125], "rotation": 90, "texture": "#0"}
			}
		},
		{
			"from": [-5, 14, 20],
			"to": [-4, 22, 22],
			"rotation": {"angle": 45, "axis": "x", "origin": [-17, 8, 8]},
			"faces": {
				"north": {"uv": [0, 0, 2.25, 0.125], "rotation": 90, "texture": "#0"},
				"east": {"uv": [0, 0, 2.25, 0.125], "rotation": 90, "texture": "#0"},
				"south": {"uv": [0, 0, 2.25, 0.125], "rotation": 90, "texture": "#0"},
				"west": {"uv": [0, 0, 2.25, 0.125], "rotation": 90, "texture": "#0"},
				"up": {"uv": [0, 0, 2.25, 0.125], "rotation": 90, "texture": "#0"},
				"down": {"uv": [0, 0, 2.25, 0.125], "rotation": 90, "texture": "#0"}
			}
		},
		{
			"from": [-5, 8, 25],
			"to": [-4, 26, 27],
			"rotation": {"angle": 0, "axis": "y", "origin": [-17, 8, 8]},
			"faces": {
				"north": {"uv": [0, 0, 2.25, 0.125], "rotation": 90, "texture": "#0"},
				"east": {"uv": [0, 0, 2.25, 0.125], "rotation": 90, "texture": "#0"},
				"south": {"uv": [0, 0, 2.25, 0.125], "rotation": 90, "texture": "#0"},
				"west": {"uv": [0, 0, 2.25, 0.125], "rotation": 90, "texture": "#0"},
				"up": {"uv": [0, 0, 2.25, 0.125], "rotation": 90, "texture": "#0"},
				"down": {"uv": [0, 0, 2.25, 0.125], "rotation": 90, "texture": "#0"}
			}
		},
		{
			"from": [-5, 6, 23],
			"to": [-4, 26, 25],
			"rotation": {"angle": 0, "axis": "y", "origin": [-17, 8, 8]},
			"faces": {
				"north": {"uv": [0, 0, 2.25, 0.125], "rotation": 90, "texture": "#0"},
				"east": {"uv": [0, 0, 2.25, 0.125], "rotation": 90, "texture": "#0"},
				"south": {"uv": [0, 0, 2.25, 0.125], "rotation": 90, "texture": "#0"},
				"west": {"uv": [0, 0, 2.25, 0.125], "rotation": 90, "texture": "#0"},
				"up": {"uv": [0, 0, 2.25, 0.125], "rotation": 90, "texture": "#0"},
				"down": {"uv": [0, 0, 2.25, 0.125], "rotation": 90, "texture": "#0"}
			}
		},
		{
			"from": [-5, 15, 11],
			"to": [-4, 26, 21],
			"rotation": {"angle": 0, "axis": "y", "origin": [-17, 8, 8]},
			"faces": {
				"north": {"uv": [0, 0, 2.25, 0.125], "rotation": 90, "texture": "#0"},
				"east": {"uv": [0, 0, 2.25, 0.125], "rotation": 90, "texture": "#0"},
				"south": {"uv": [0, 0, 2.25, 0.125], "rotation": 90, "texture": "#0"},
				"west": {"uv": [0, 0, 2.25, 0.125], "rotation": 90, "texture": "#0"},
				"up": {"uv": [0, 0, 2.25, 0.125], "rotation": 90, "texture": "#0"},
				"down": {"uv": [0, 0, 2.25, 0.125], "rotation": 90, "texture": "#0"}
			}
		},
		{
			"from": [-5, 3, 12],
			"to": [-4, 10, 21],
			"rotation": {"angle": 0, "axis": "y", "origin": [-17, 8, 8]},
			"faces": {
				"north": {"uv": [0, 0, 2.25, 0.125], "rotation": 90, "texture": "#0"},
				"east": {"uv": [0, 0, 2.25, 0.125], "rotation": 90, "texture": "#0"},
				"south": {"uv": [0, 0, 2.25, 0.125], "rotation": 90, "texture": "#0"},
				"west": {"uv": [0, 0, 2.25, 0.125], "rotation": 90, "texture": "#0"},
				"up": {"uv": [0, 0, 2.25, 0.125], "rotation": 90, "texture": "#0"},
				"down": {"uv": [0, 0, 2.25, 0.125], "rotation": 90, "texture": "#0"}
			}
		},
		{
			"from": [-5, 3, 7],
			"to": [-4, 10, 12],
			"rotation": {"angle": 0, "axis": "y", "origin": [-17, 8, 8]},
			"faces": {
				"north": {"uv": [0, 0, 2.25, 0.125], "rotation": 90, "texture": "#0"},
				"east": {"uv": [0, 0, 2.25, 0.125], "rotation": 90, "texture": "#0"},
				"south": {"uv": [0, 0, 2.25, 0.125], "rotation": 90, "texture": "#0"},
				"west": {"uv": [0, 0, 2.25, 0.125], "rotation": 90, "texture": "#0"},
				"up": {"uv": [0, 0, 2.25, 0.125], "rotation": 90, "texture": "#0"},
				"down": {"uv": [0, 0, 2.25, 0.125], "rotation": 90, "texture": "#0"}
			}
		},
		{
			"from": [-5, 18, 5],
			"to": [-4, 26, 9],
			"rotation": {"angle": 0, "axis": "y", "origin": [-17, 8, 8]},
			"faces": {
				"north": {"uv": [0, 0, 2.25, 0.125], "rotation": 90, "texture": "#0"},
				"east": {"uv": [0, 0, 2.25, 0.125], "rotation": 90, "texture": "#0"},
				"south": {"uv": [0, 0, 2.25, 0.125], "rotation": 90, "texture": "#0"},
				"west": {"uv": [0, 0, 2.25, 0.125], "rotation": 90, "texture": "#0"},
				"up": {"uv": [0, 0, 2.25, 0.125], "rotation": 90, "texture": "#0"},
				"down": {"uv": [0, 0, 2.25, 0.125], "rotation": 90, "texture": "#0"}
			}
		},
		{
			"from": [-5, 10, 9],
			"to": [-4, 27, 11],
			"rotation": {"angle": 0, "axis": "y", "origin": [-17, 8, 8]},
			"faces": {
				"north": {"uv": [0, 0, 2.25, 0.125], "rotation": 90, "texture": "#0"},
				"east": {"uv": [0, 0, 2.25, 0.125], "rotation": 90, "texture": "#0"},
				"south": {"uv": [0, 0, 2.25, 0.125], "rotation": 90, "texture": "#0"},
				"west": {"uv": [0, 0, 2.25, 0.125], "rotation": 90, "texture": "#0"},
				"up": {"uv": [0, 0, 2.25, 0.125], "rotation": 90, "texture": "#0"},
				"down": {"uv": [0, 0, 2.25, 0.125], "rotation": 90, "texture": "#0"}
			}
		},
		{
			"from": [-5, 10, 11],
			"to": [-4, 15, 16],
			"rotation": {"angle": 0, "axis": "y", "origin": [-17, 8, 8]},
			"faces": {
				"north": {"uv": [0, 0, 2.25, 0.125], "rotation": 90, "texture": "#0"},
				"east": {"uv": [0, 0, 2.25, 0.125], "rotation": 90, "texture": "#0"},
				"south": {"uv": [0, 0, 2.25, 0.125], "rotation": 90, "texture": "#0"},
				"west": {"uv": [0, 0, 2.25, 0.125], "rotation": 90, "texture": "#0"},
				"up": {"uv": [0, 0, 2.25, 0.125], "rotation": 90, "texture": "#0"},
				"down": {"uv": [0, 0, 2.25, 0.125], "rotation": 90, "texture": "#0"}
			}
		},
		{
			"from": [-5, 3, 21],
			"to": [-4, 27, 23],
			"rotation": {"angle": 0, "axis": "y", "origin": [-17, 8, 8]},
			"faces": {
				"north": {"uv": [0, 0, 2.25, 0.125], "rotation": 90, "texture": "#0"},
				"east": {"uv": [0, 0, 2.25, 0.125], "rotation": 90, "texture": "#0"},
				"south": {"uv": [0, 0, 2.25, 0.125], "rotation": 90, "texture": "#0"},
				"west": {"uv": [0, 0, 2.25, 0.125], "rotation": 90, "texture": "#0"},
				"up": {"uv": [0, 0, 2.25, 0.125], "rotation": 90, "texture": "#0"},
				"down": {"uv": [0, 0, 2.25, 0.125], "rotation": 90, "texture": "#0"}
			}
		},
		{
			"from": [21, 4, 10],
			"to": [22, 21, 11],
			"rotation": {"angle": 22.5, "axis": "y", "origin": [8, 8, 8]},
			"faces": {
				"north": {"uv": [6, 8.5, 10, 12], "rotation": 90, "texture": "#0"},
				"east": {"uv": [6, 8.5, 10, 12], "rotation": 90, "texture": "#0"},
				"south": {"uv": [6, 8.5, 10, 12], "rotation": 90, "texture": "#0"},
				"west": {"uv": [6, 8.5, 10, 12], "rotation": 90, "texture": "#0"},
				"up": {"uv": [6, 8.5, 10, 12], "rotation": 90, "texture": "#0"},
				"down": {"uv": [6, 8.5, 10, 12], "rotation": 90, "texture": "#0"}
			}
		},
		{
			"from": [-6, 4, 10],
			"to": [-5, 21, 11],
			"rotation": {"angle": -22.5, "axis": "y", "origin": [8, 8, 8]},
			"faces": {
				"north": {"uv": [6, 8.5, 10, 12], "rotation": 270, "texture": "#0"},
				"east": {"uv": [6, 8.5, 10, 12], "rotation": 270, "texture": "#0"},
				"south": {"uv": [6, 8.5, 10, 12], "rotation": 270, "texture": "#0"},
				"west": {"uv": [6, 8.5, 10, 12], "rotation": 270, "texture": "#0"},
				"up": {"uv": [6, 8.5, 10, 12], "rotation": 270, "texture": "#0"},
				"down": {"uv": [6, 8.5, 10, 12], "rotation": 270, "texture": "#0"}
			}
		},
		{
			"from": [21, 3, 2],
			"to": [22, 4, 11],
			"rotation": {"angle": 22.5, "axis": "y", "origin": [8, 8, 8]},
			"faces": {
				"north": {"uv": [6, 8.5, 10, 12], "rotation": 90, "texture": "#0"},
				"east": {"uv": [6, 8.5, 10, 12], "rotation": 90, "texture": "#0"},
				"south": {"uv": [6, 8.5, 10, 12], "rotation": 90, "texture": "#0"},
				"west": {"uv": [6, 8.5, 10, 12], "rotation": 90, "texture": "#0"},
				"up": {"uv": [6, 8.5, 10, 12], "rotation": 90, "texture": "#0"},
				"down": {"uv": [6, 8.5, 10, 12], "rotation": 90, "texture": "#0"}
			}
		},
		{
			"from": [21, 4, 4],
			"to": [22, 10, 5],
			"rotation": {"angle": 22.5, "axis": "y", "origin": [8, 8, 8]},
			"faces": {
				"north": {"uv": [6, 8.5, 10, 12], "rotation": 90, "texture": "#0"},
				"east": {"uv": [6, 8.5, 10, 12], "rotation": 90, "texture": "#0"},
				"south": {"uv": [6, 8.5, 10, 12], "rotation": 90, "texture": "#0"},
				"west": {"uv": [6, 8.5, 10, 12], "rotation": 90, "texture": "#0"},
				"up": {"uv": [6, 8.5, 10, 12], "rotation": 90, "texture": "#0"},
				"down": {"uv": [6, 8.5, 10, 12], "rotation": 90, "texture": "#0"}
			}
		},
		{
			"from": [21, 7, 2],
			"to": [22, 8, 10],
			"rotation": {"angle": 22.5, "axis": "y", "origin": [8, 8, 8]},
			"faces": {
				"north": {"uv": [6, 8.5, 10, 12], "rotation": 90, "texture": "#0"},
				"east": {"uv": [6, 8.5, 10, 12], "rotation": 90, "texture": "#0"},
				"south": {"uv": [6, 8.5, 10, 12], "rotation": 90, "texture": "#0"},
				"west": {"uv": [6, 8.5, 10, 12], "rotation": 90, "texture": "#0"},
				"up": {"uv": [6, 8.5, 10, 12], "rotation": 90, "texture": "#0"},
				"down": {"uv": [6, 8.5, 10, 12], "rotation": 90, "texture": "#0"}
			}
		},
		{
			"from": [21, 10, 2],
			"to": [22, 11, 10],
			"rotation": {"angle": 22.5, "axis": "y", "origin": [8, 8, 8]},
			"faces": {
				"north": {"uv": [6, 8.5, 10, 12], "rotation": 90, "texture": "#0"},
				"east": {"uv": [6, 8.5, 10, 12], "rotation": 90, "texture": "#0"},
				"south": {"uv": [6, 8.5, 10, 12], "rotation": 90, "texture": "#0"},
				"west": {"uv": [6, 8.5, 10, 12], "rotation": 90, "texture": "#0"},
				"up": {"uv": [6, 8.5, 10, 12], "rotation": 90, "texture": "#0"},
				"down": {"uv": [6, 8.5, 10, 12], "rotation": 90, "texture": "#0"}
			}
		},
		{
			"from": [19, 20, 10],
			"to": [20, 21, 16],
			"rotation": {"angle": 45, "axis": "y", "origin": [8, 8, 8]},
			"faces": {
				"north": {"uv": [6, 8.5, 10, 12], "rotation": 90, "texture": "#0"},
				"east": {"uv": [6, 8.5, 10, 12], "rotation": 90, "texture": "#0"},
				"south": {"uv": [6, 8.5, 10, 12], "rotation": 90, "texture": "#0"},
				"west": {"uv": [6, 8.5, 10, 12], "rotation": 90, "texture": "#0"},
				"up": {"uv": [6, 8.5, 10, 12], "rotation": 90, "texture": "#0"},
				"down": {"uv": [6, 8.5, 10, 12], "rotation": 90, "texture": "#0"}
			}
		},
		{
			"from": [19, 17, 10],
			"to": [20, 18, 16],
			"rotation": {"angle": 45, "axis": "y", "origin": [8, 8, 8]},
			"faces": {
				"north": {"uv": [6, 8.5, 10, 12], "rotation": 90, "texture": "#0"},
				"east": {"uv": [6, 8.5, 10, 12], "rotation": 90, "texture": "#0"},
				"south": {"uv": [6, 8.5, 10, 12], "rotation": 90, "texture": "#0"},
				"west": {"uv": [6, 8.5, 10, 12], "rotation": 90, "texture": "#0"},
				"up": {"uv": [6, 8.5, 10, 12], "rotation": 90, "texture": "#0"},
				"down": {"uv": [6, 8.5, 10, 12], "rotation": 90, "texture": "#0"}
			}
		},
		{
			"from": [-6, 3, 2],
			"to": [-5, 4, 11],
			"rotation": {"angle": -22.5, "axis": "y", "origin": [8, 8, 8]},
			"faces": {
				"north": {"uv": [6, 8.5, 10, 12], "rotation": 270, "texture": "#0"},
				"east": {"uv": [6, 8.5, 10, 12], "rotation": 270, "texture": "#0"},
				"south": {"uv": [6, 8.5, 10, 12], "rotation": 270, "texture": "#0"},
				"west": {"uv": [6, 8.5, 10, 12], "rotation": 270, "texture": "#0"},
				"up": {"uv": [6, 8.5, 10, 12], "rotation": 270, "texture": "#0"},
				"down": {"uv": [6, 8.5, 10, 12], "rotation": 270, "texture": "#0"}
			}
		},
		{
			"from": [-6, 4, 4],
			"to": [-5, 10, 5],
			"rotation": {"angle": -22.5, "axis": "y", "origin": [8, 8, 8]},
			"faces": {
				"north": {"uv": [6, 8.5, 10, 12], "rotation": 270, "texture": "#0"},
				"east": {"uv": [6, 8.5, 10, 12], "rotation": 270, "texture": "#0"},
				"south": {"uv": [6, 8.5, 10, 12], "rotation": 270, "texture": "#0"},
				"west": {"uv": [6, 8.5, 10, 12], "rotation": 270, "texture": "#0"},
				"up": {"uv": [6, 8.5, 10, 12], "rotation": 270, "texture": "#0"},
				"down": {"uv": [6, 8.5, 10, 12], "rotation": 270, "texture": "#0"}
			}
		},
		{
			"from": [-6, 7, 2],
			"to": [-5, 8, 10],
			"rotation": {"angle": -22.5, "axis": "y", "origin": [8, 8, 8]},
			"faces": {
				"north": {"uv": [6, 8.5, 10, 12], "rotation": 270, "texture": "#0"},
				"east": {"uv": [6, 8.5, 10, 12], "rotation": 270, "texture": "#0"},
				"south": {"uv": [6, 8.5, 10, 12], "rotation": 270, "texture": "#0"},
				"west": {"uv": [6, 8.5, 10, 12], "rotation": 270, "texture": "#0"},
				"up": {"uv": [6, 8.5, 10, 12], "rotation": 270, "texture": "#0"},
				"down": {"uv": [6, 8.5, 10, 12], "rotation": 270, "texture": "#0"}
			}
		},
		{
			"from": [-6, 10, 2],
			"to": [-5, 11, 10],
			"rotation": {"angle": -22.5, "axis": "y", "origin": [8, 8, 8]},
			"faces": {
				"north": {"uv": [6, 8.5, 10, 12], "rotation": 270, "texture": "#0"},
				"east": {"uv": [6, 8.5, 10, 12], "rotation": 270, "texture": "#0"},
				"south": {"uv": [6, 8.5, 10, 12], "rotation": 270, "texture": "#0"},
				"west": {"uv": [6, 8.5, 10, 12], "rotation": 270, "texture": "#0"},
				"up": {"uv": [6, 8.5, 10, 12], "rotation": 270, "texture": "#0"},
				"down": {"uv": [6, 8.5, 10, 12], "rotation": 270, "texture": "#0"}
			}
		},
		{
			"from": [-4, 17, 10],
			"to": [-3, 18, 16],
			"rotation": {"angle": -45, "axis": "y", "origin": [8, 8, 8]},
			"faces": {
				"north": {"uv": [6, 8.5, 10, 12], "rotation": 270, "texture": "#0"},
				"east": {"uv": [6, 8.5, 10, 12], "rotation": 270, "texture": "#0"},
				"south": {"uv": [6, 8.5, 10, 12], "rotation": 270, "texture": "#0"},
				"west": {"uv": [6, 8.5, 10, 12], "rotation": 270, "texture": "#0"},
				"up": {"uv": [6, 8.5, 10, 12], "rotation": 270, "texture": "#0"},
				"down": {"uv": [6, 8.5, 10, 12], "rotation": 270, "texture": "#0"}
			}
		},
		{
			"from": [-4, 20, 10],
			"to": [-3, 21, 16],
			"rotation": {"angle": -45, "axis": "y", "origin": [8, 8, 8]},
			"faces": {
				"north": {"uv": [6, 8.5, 10, 12], "rotation": 270, "texture": "#0"},
				"east": {"uv": [6, 8.5, 10, 12], "rotation": 270, "texture": "#0"},
				"south": {"uv": [6, 8.5, 10, 12], "rotation": 270, "texture": "#0"},
				"west": {"uv": [6, 8.5, 10, 12], "rotation": 270, "texture": "#0"},
				"up": {"uv": [6, 8.5, 10, 12], "rotation": 270, "texture": "#0"},
				"down": {"uv": [6, 8.5, 10, 12], "rotation": 270, "texture": "#0"}
			}
		},
		{
			"from": [-2, 3, -3],
			"to": [18, 4, -2],
			"rotation": {"angle": 0, "axis": "y", "origin": [8, 8, 11]},
			"faces": {
				"north": {"uv": [6, 8.5, 10, 12], "texture": "#0"},
				"east": {"uv": [6, 8.5, 10, 12], "texture": "#0"},
				"south": {"uv": [6, 8.5, 10, 12], "texture": "#0"},
				"west": {"uv": [6, 8.5, 10, 12], "texture": "#0"},
				"up": {"uv": [6, 8.5, 10, 12], "texture": "#0"},
				"down": {"uv": [6, 8.5, 10, 12], "texture": "#0"}
			}
		},
		{
			"from": [13, 4, -3],
			"to": [14, 10, -2],
			"rotation": {"angle": 0, "axis": "y", "origin": [8, 8, 11]},
			"faces": {
				"north": {"uv": [6, 8.5, 10, 12], "texture": "#0"},
				"east": {"uv": [6, 8.5, 10, 12], "texture": "#0"},
				"south": {"uv": [6, 8.5, 10, 12], "texture": "#0"},
				"west": {"uv": [6, 8.5, 10, 12], "texture": "#0"},
				"up": {"uv": [6, 8.5, 10, 12], "texture": "#0"},
				"down": {"uv": [6, 8.5, 10, 12], "texture": "#0"}
			}
		},
		{
			"from": [13, 17, 1],
			"to": [14, 21, 2],
			"faces": {
				"north": {"uv": [6, 8.5, 10, 12], "texture": "#0"},
				"east": {"uv": [6, 8.5, 10, 12], "texture": "#0"},
				"south": {"uv": [6, 8.5, 10, 12], "texture": "#0"},
				"west": {"uv": [6, 8.5, 10, 12], "texture": "#0"},
				"up": {"uv": [6, 8.5, 10, 12], "texture": "#0"},
				"down": {"uv": [6, 8.5, 10, 12], "texture": "#0"}
			}
		},
		{
			"from": [2, 17, 1],
			"to": [3, 21, 2],
			"faces": {
				"north": {"uv": [6, 8.5, 10, 12], "texture": "#0"},
				"east": {"uv": [6, 8.5, 10, 12], "texture": "#0"},
				"south": {"uv": [6, 8.5, 10, 12], "texture": "#0"},
				"west": {"uv": [6, 8.5, 10, 12], "texture": "#0"},
				"up": {"uv": [6, 8.5, 10, 12], "texture": "#0"},
				"down": {"uv": [6, 8.5, 10, 12], "texture": "#0"}
			}
		},
		{
			"from": [2, 4, -3],
			"to": [3, 10, -2],
			"rotation": {"angle": 0, "axis": "y", "origin": [8, 8, 11]},
			"faces": {
				"north": {"uv": [6, 8.5, 10, 12], "texture": "#0"},
				"east": {"uv": [6, 8.5, 10, 12], "texture": "#0"},
				"south": {"uv": [6, 8.5, 10, 12], "texture": "#0"},
				"west": {"uv": [6, 8.5, 10, 12], "texture": "#0"},
				"up": {"uv": [6, 8.5, 10, 12], "texture": "#0"},
				"down": {"uv": [6, 8.5, 10, 12], "texture": "#0"}
			}
		},
		{
			"from": [21, 8, 5],
			"to": [22, 9, 11],
			"rotation": {"angle": -22.5, "axis": "x", "origin": [8, 8, 8]},
			"faces": {
				"north": {"uv": [6, 8.5, 10, 12], "rotation": 90, "texture": "#0"},
				"east": {"uv": [6, 8.5, 10, 12], "rotation": 90, "texture": "#0"},
				"south": {"uv": [6, 8.5, 10, 12], "rotation": 90, "texture": "#0"},
				"west": {"uv": [6, 8.5, 10, 12], "rotation": 90, "texture": "#0"},
				"up": {"uv": [6, 8.5, 10, 12], "rotation": 90, "texture": "#0"},
				"down": {"uv": [6, 8.5, 10, 12], "rotation": 90, "texture": "#0"}
			}
		},
		{
			"from": [21, 6, 3],
			"to": [22, 7, 10],
			"rotation": {"angle": -45, "axis": "x", "origin": [8, 8, 8]},
			"faces": {
				"north": {"uv": [6, 8.5, 10, 12], "rotation": 90, "texture": "#0"},
				"east": {"uv": [6, 8.5, 10, 12], "rotation": 90, "texture": "#0"},
				"south": {"uv": [6, 8.5, 10, 12], "rotation": 90, "texture": "#0"},
				"west": {"uv": [6, 8.5, 10, 12], "rotation": 90, "texture": "#0"},
				"up": {"uv": [6, 8.5, 10, 12], "rotation": 90, "texture": "#0"},
				"down": {"uv": [6, 8.5, 10, 12], "rotation": 90, "texture": "#0"}
			}
		},
		{
			"from": [21, 8, 10],
			"to": [22, 21, 11],
			"faces": {
				"north": {"uv": [6, 8.5, 10, 12], "rotation": 90, "texture": "#0"},
				"east": {"uv": [6, 8.5, 10, 12], "rotation": 90, "texture": "#0"},
				"south": {"uv": [6, 8.5, 10, 12], "rotation": 90, "texture": "#0"},
				"west": {"uv": [6, 8.5, 10, 12], "rotation": 90, "texture": "#0"},
				"up": {"uv": [6, 8.5, 10, 12], "rotation": 90, "texture": "#0"},
				"down": {"uv": [6, 8.5, 10, 12], "rotation": 90, "texture": "#0"}
			}
		},
		{
			"from": [-6, 8, 10],
			"to": [-5, 21, 11],
			"faces": {
				"north": {"uv": [6, 8.5, 10, 12], "rotation": 90, "texture": "#0"},
				"east": {"uv": [6, 8.5, 10, 12], "rotation": 90, "texture": "#0"},
				"south": {"uv": [6, 8.5, 10, 12], "rotation": 90, "texture": "#0"},
				"west": {"uv": [6, 8.5, 10, 12], "rotation": 90, "texture": "#0"},
				"up": {"uv": [6, 8.5, 10, 12], "rotation": 90, "texture": "#0"},
				"down": {"uv": [6, 8.5, 10, 12], "rotation": 90, "texture": "#0"}
			}
		},
		{
			"from": [21, 11, 6],
			"to": [22, 12, 12],
			"rotation": {"angle": -22.5, "axis": "x", "origin": [8, 8, 8]},
			"faces": {
				"north": {"uv": [6, 8.5, 10, 12], "rotation": 90, "texture": "#0"},
				"east": {"uv": [6, 8.5, 10, 12], "rotation": 90, "texture": "#0"},
				"south": {"uv": [6, 8.5, 10, 12], "rotation": 90, "texture": "#0"},
				"west": {"uv": [6, 8.5, 10, 12], "rotation": 90, "texture": "#0"},
				"up": {"uv": [6, 8.5, 10, 12], "rotation": 90, "texture": "#0"},
				"down": {"uv": [6, 8.5, 10, 12], "rotation": 90, "texture": "#0"}
			}
		},
		{
			"from": [21, 17, 5],
			"to": [22, 18, 11],
			"faces": {
				"north": {"uv": [6, 8.5, 10, 12], "rotation": 90, "texture": "#0"},
				"east": {"uv": [6, 8.5, 10, 12], "rotation": 90, "texture": "#0"},
				"south": {"uv": [6, 8.5, 10, 12], "rotation": 90, "texture": "#0"},
				"west": {"uv": [6, 8.5, 10, 12], "rotation": 90, "texture": "#0"},
				"up": {"uv": [6, 8.5, 10, 12], "rotation": 90, "texture": "#0"},
				"down": {"uv": [6, 8.5, 10, 12], "rotation": 90, "texture": "#0"}
			}
		},
		{
			"from": [-6, 17, 5],
			"to": [-5, 18, 11],
			"faces": {
				"north": {"uv": [6, 8.5, 10, 12], "rotation": 90, "texture": "#0"},
				"east": {"uv": [6, 8.5, 10, 12], "rotation": 90, "texture": "#0"},
				"south": {"uv": [6, 8.5, 10, 12], "rotation": 90, "texture": "#0"},
				"west": {"uv": [6, 8.5, 10, 12], "rotation": 90, "texture": "#0"},
				"up": {"uv": [6, 8.5, 10, 12], "rotation": 90, "texture": "#0"},
				"down": {"uv": [6, 8.5, 10, 12], "rotation": 90, "texture": "#0"}
			}
		},
		{
			"from": [-6, 20, 5],
			"to": [-5, 21, 11],
			"faces": {
				"north": {"uv": [6, 8.5, 10, 12], "rotation": 90, "texture": "#0"},
				"east": {"uv": [6, 8.5, 10, 12], "rotation": 90, "texture": "#0"},
				"south": {"uv": [6, 8.5, 10, 12], "rotation": 90, "texture": "#0"},
				"west": {"uv": [6, 8.5, 10, 12], "rotation": 90, "texture": "#0"},
				"up": {"uv": [6, 8.5, 10, 12], "rotation": 90, "texture": "#0"},
				"down": {"uv": [6, 8.5, 10, 12], "rotation": 90, "texture": "#0"}
			}
		},
		{
			"from": [21, 20, 5],
			"to": [22, 21, 11],
			"faces": {
				"north": {"uv": [6, 8.5, 10, 12], "rotation": 90, "texture": "#0"},
				"east": {"uv": [6, 8.5, 10, 12], "rotation": 90, "texture": "#0"},
				"south": {"uv": [6, 8.5, 10, 12], "rotation": 90, "texture": "#0"},
				"west": {"uv": [6, 8.5, 10, 12], "rotation": 90, "texture": "#0"},
				"up": {"uv": [6, 8.5, 10, 12], "rotation": 90, "texture": "#0"},
				"down": {"uv": [6, 8.5, 10, 12], "rotation": 90, "texture": "#0"}
			}
		},
		{
			"from": [-6, 11, 6],
			"to": [-5, 12, 12],
			"rotation": {"angle": -22.5, "axis": "x", "origin": [8, 8, 8]},
			"faces": {
				"north": {"uv": [6, 8.5, 10, 12], "rotation": 90, "texture": "#0"},
				"east": {"uv": [6, 8.5, 10, 12], "rotation": 90, "texture": "#0"},
				"south": {"uv": [6, 8.5, 10, 12], "rotation": 90, "texture": "#0"},
				"west": {"uv": [6, 8.5, 10, 12], "rotation": 90, "texture": "#0"},
				"up": {"uv": [6, 8.5, 10, 12], "rotation": 90, "texture": "#0"},
				"down": {"uv": [6, 8.5, 10, 12], "rotation": 90, "texture": "#0"}
			}
		},
		{
			"from": [-6, 8, 5],
			"to": [-5, 9, 11],
			"rotation": {"angle": -22.5, "axis": "x", "origin": [8, 8, 8]},
			"faces": {
				"north": {"uv": [6, 8.5, 10, 12], "rotation": 90, "texture": "#0"},
				"east": {"uv": [6, 8.5, 10, 12], "rotation": 90, "texture": "#0"},
				"south": {"uv": [6, 8.5, 10, 12], "rotation": 90, "texture": "#0"},
				"west": {"uv": [6, 8.5, 10, 12], "rotation": 90, "texture": "#0"},
				"up": {"uv": [6, 8.5, 10, 12], "rotation": 90, "texture": "#0"},
				"down": {"uv": [6, 8.5, 10, 12], "rotation": 90, "texture": "#0"}
			}
		},
		{
			"from": [-6, 6, 3],
			"to": [-5, 7, 10],
			"rotation": {"angle": -45, "axis": "x", "origin": [8, 8, 8]},
			"faces": {
				"north": {"uv": [6, 8.5, 10, 12], "rotation": 90, "texture": "#0"},
				"east": {"uv": [6, 8.5, 10, 12], "rotation": 90, "texture": "#0"},
				"south": {"uv": [6, 8.5, 10, 12], "rotation": 90, "texture": "#0"},
				"west": {"uv": [6, 8.5, 10, 12], "rotation": 90, "texture": "#0"},
				"up": {"uv": [6, 8.5, 10, 12], "rotation": 90, "texture": "#0"},
				"down": {"uv": [6, 8.5, 10, 12], "rotation": 90, "texture": "#0"}
			}
		},
		{
			"from": [-2, 7, -3],
			"to": [18, 8, -2],
			"rotation": {"angle": 0, "axis": "y", "origin": [8, 8, 11]},
			"faces": {
				"north": {"uv": [6, 8.5, 10, 12], "texture": "#0"},
				"east": {"uv": [6, 8.5, 10, 12], "texture": "#0"},
				"south": {"uv": [6, 8.5, 10, 12], "texture": "#0"},
				"west": {"uv": [6, 8.5, 10, 12], "texture": "#0"},
				"up": {"uv": [6, 8.5, 10, 12], "texture": "#0"},
				"down": {"uv": [6, 8.5, 10, 12], "texture": "#0"}
			}
		},
		{
			"from": [-2, 10, -3],
			"to": [18, 11, -2],
			"rotation": {"angle": 0, "axis": "y", "origin": [8, 8, 11]},
			"faces": {
				"north": {"uv": [6, 8.5, 10, 12], "texture": "#0"},
				"east": {"uv": [6, 8.5, 10, 12], "texture": "#0"},
				"south": {"uv": [6, 8.5, 10, 12], "texture": "#0"},
				"west": {"uv": [6, 8.5, 10, 12], "texture": "#0"},
				"up": {"uv": [6, 8.5, 10, 12], "texture": "#0"},
				"down": {"uv": [6, 8.5, 10, 12], "texture": "#0"}
			}
		},
		{
			"from": [-2, 17, 1],
			"to": [18, 18, 2],
			"faces": {
				"north": {"uv": [6, 8.5, 10, 12], "texture": "#0"},
				"east": {"uv": [6, 8.5, 10, 12], "texture": "#0"},
				"south": {"uv": [6, 8.5, 10, 12], "texture": "#0"},
				"west": {"uv": [6, 8.5, 10, 12], "texture": "#0"},
				"up": {"uv": [6, 8.5, 10, 12], "texture": "#0"},
				"down": {"uv": [6, 8.5, 10, 12], "texture": "#0"}
			}
		},
		{
			"from": [-2, 20, 1],
			"to": [18, 21, 2],
			"faces": {
				"north": {"uv": [6, 8.5, 10, 12], "texture": "#0"},
				"east": {"uv": [6, 8.5, 10, 12], "texture": "#0"},
				"south": {"uv": [6, 8.5, 10, 12], "texture": "#0"},
				"west": {"uv": [6, 8.5, 10, 12], "texture": "#0"},
				"up": {"uv": [6, 8.5, 10, 12], "texture": "#0"},
				"down": {"uv": [6, 8.5, 10, 12], "texture": "#0"}
			}
		},
		{
			"from": [5, 20, 0],
			"to": [11, 22, 2],
			"faces": {
				"north": {"uv": [6, 8.5, 10, 12], "texture": "#0"},
				"east": {"uv": [6, 8.5, 10, 12], "texture": "#0"},
				"south": {"uv": [6, 8.5, 10, 12], "texture": "#0"},
				"west": {"uv": [6, 8.5, 10, 12], "texture": "#0"},
				"up": {"uv": [6, 8.5, 10, 12], "texture": "#0"},
				"down": {"uv": [6, 8.5, 10, 12], "texture": "#0"}
			}
		}
	],
	"display": {
		"thirdperson_righthand": {
			"rotation": [0, -180, 0],
			"translation": [0, -3.75, -4.25],
			"scale": [0.3, 0.3, 0.3]
		},
		"thirdperson_lefthand": {
			"rotation": [0, -180, 0],
			"translation": [0, -3.75, -4.25],
			"scale": [0.3, 0.3, 0.3]
		},
		"firstperson_righthand": {
			"rotation": [0, -180, 0],
			"translation": [1.25, 1, 0],
			"scale": [0.2, 0.2, 0.1]
		},
		"firstperson_lefthand": {
			"rotation": [0, -180, 0],
			"translation": [1.25, 1, 0],
			"scale": [0.2, 0.2, 0.1]
		},
		"ground": {
			"scale": [0.2, 0.2, 0.2]
		},
		"gui": {
			"rotation": [30, -140, 0],
			"translation": [0, -4.75, 0],
			"scale": [0.3, 0.3, 0.3]
		},
		"head": {
			"translation": [0, -3.25, -5.25],
			"scale": [0.6, 0.6, 0.6]
		},
		"fixed": {
			"rotation": [-90, 0, 0],
			"translation": [0, -0.75, 2],
			"scale": [0.4, 0.4, 0.4]
		}
	},
	"groups": [
		{
			"name": "group",
			"origin": [8, 8, 8],
			"children": [0, 1, 2, 3, 4, 5]
		},
		{
			"name": "group",
			"origin": [8, 8, 8],
			"children": [6, 7, 8, 9, 10, 11, 12, 13, 14, 15, 16, 17, 18, 19, 20, 21, 22, 23]
		},
		{
			"name": "group",
			"origin": [8, 8, 8],
			"children": [24, 25, 26, 27, 28, 29, 30, 31, 32, 33, 34]
		},
		{
			"name": "group",
			"origin": [8, 8, 8],
			"children": [35, 36, 37, 38, 39, 40, 41, 42, 43, 44, 45]
		},
		{
			"name": "group",
			"origin": [8, 8, 8],
			"children": [46, 47, 48, 49, 50, 51, 52, 53, 54, 55, 56, 57, 58, 59, 60, 61, 62, 63, 64, 65, 66, 67, 68, 69, 70, 71, 72, 73, 74, 75, 76, 77, 78, 79, 80, 81]
		}
	]
}