{
	"credit": "Made with Blockbench",
	"textures": {
		"0": "items/eyama/hh",
		"particle": "items/eyama/hh"
	},
	"elements": [
		{
			"from": [7.4, 16.8, 7.7],
			"to": [9.6, 19.5, 9.1],
			"rotation": {"angle": 0, "axis": "x", "origin": [8, 17.5, 8]},
			"faces": {
				"north": {"uv": [0, 0, 1, 4], "texture": "#0"},
				"east": {"uv": [0, 0, 1, 4], "texture": "#0"},
				"south": {"uv": [0, 0, 1, 4], "texture": "#0"},
				"west": {"uv": [0, 0, 1, 4], "texture": "#0"},
				"up": {"uv": [0, 0, 1, 4], "texture": "#0"},
				"down": {"uv": [0, 0, 1, 4], "texture": "#0"}
			}
		},
		{
			"from": [7.5, 28.82337, 6.3754],
			"to": [9.5, 30.32337, 7.8754],
			"rotation": {"angle": 0, "axis": "x", "origin": [8, 29.32337, 7.7754]},
			"faces": {
				"north": {"uv": [0, 0, 1, 1], "rotation": 270, "texture": "#0"},
				"east": {"uv": [0, 0, 1, 1], "rotation": 270, "texture": "#0"},
				"south": {"uv": [0, 0, 1, 1], "rotation": 270, "texture": "#0"},
				"west": {"uv": [0, 0, 1, 1], "rotation": 270, "texture": "#0"},
				"up": {"uv": [0, 0, 1, 1], "rotation": 270, "texture": "#0"},
				"down": {"uv": [0, 0, 1, 1], "rotation": 270, "texture": "#0"}
			}
		},
		{
			"from": [7.9, 6.82337, 7.7754],
			"to": [9.1, 14.32337, 9.8754],
			"rotation": {"angle": 0, "axis": "x", "origin": [8, 29.32337, 7.7754]},
			"faces": {
				"north": {"uv": [0, 0, 1, 1], "rotation": 270, "texture": "#0"},
				"east": {"uv": [0, 0, 1, 1], "rotation": 270, "texture": "#0"},
				"south": {"uv": [0, 0, 1, 1], "rotation": 270, "texture": "#0"},
				"west": {"uv": [0, 0, 1, 1], "rotation": 270, "texture": "#0"},
				"up": {"uv": [0, 0, 1, 1], "rotation": 270, "texture": "#0"},
				"down": {"uv": [0, 0, 1, 1], "rotation": 270, "texture": "#0"}
			}
		},
		{
			"from": [7.5, 19.3056, 5.33251],
			"to": [9.5, 20.8056, 8.83251],
			"rotation": {"angle": 45, "axis": "x", "origin": [8, 20.0556, 7.08251]},
			"faces": {
				"north": {"uv": [0, 0, 1, 1], "rotation": 270, "texture": "#0"},
				"east": {"uv": [0, 0, 1, 1], "rotation": 270, "texture": "#0"},
				"south": {"uv": [0, 0, 1, 1], "rotation": 270, "texture": "#0"},
				"west": {"uv": [0, 0, 1, 1], "rotation": 270, "texture": "#0"},
				"up": {"uv": [0, 0, 1, 1], "rotation": 270, "texture": "#0"},
				"down": {"uv": [0, 0, 1, 1], "rotation": 270, "texture": "#0"}
			}
		},
		{
			"from": [7.5, 28.30768, 6.12037],
			"to": [9.5, 29.80768, 7.62037],
			"rotation": {"angle": 45, "axis": "x", "origin": [8, 29.75768, 6.87037]},
			"faces": {
				"north": {"uv": [0, 0, 1, 1], "rotation": 270, "texture": "#0"},
				"east": {"uv": [0, 0, 1, 1], "rotation": 270, "texture": "#0"},
				"south": {"uv": [0, 0, 1, 1], "rotation": 270, "texture": "#0"},
				"west": {"uv": [0, 0, 1, 1], "rotation": 270, "texture": "#0"},
				"up": {"uv": [0, 0, 1, 1], "rotation": 270, "texture": "#0"},
				"down": {"uv": [0, 0, 1, 1], "rotation": 270, "texture": "#0"}
			}
		},
		{
			"from": [7.5, 20.76271, 5.31474],
			"to": [9.5, 29.26271, 6.81474],
			"rotation": {"angle": 0, "axis": "x", "origin": [8, 29.31271, 6.46474]},
			"faces": {
				"north": {"uv": [0, 0, 1, 1], "rotation": 270, "texture": "#0"},
				"east": {"uv": [0, 0, 1, 1], "rotation": 270, "texture": "#0"},
				"south": {"uv": [0, 0, 1, 1], "rotation": 270, "texture": "#0"},
				"west": {"uv": [0, 0, 1, 1], "rotation": 270, "texture": "#0"},
				"up": {"uv": [0, 0, 1, 1], "rotation": 270, "texture": "#0"},
				"down": {"uv": [0, 0, 1, 1], "rotation": 270, "texture": "#0"}
			}
		},
		{
			"from": [7.4, 18.2, 9.1],
			"to": [9.6, 19.5, 10.8],
			"rotation": {"angle": 0, "axis": "x", "origin": [8, 17.5, 8]},
			"faces": {
				"north": {"uv": [0, 0, 1, 4], "rotation": 180, "texture": "#0"},
				"east": {"uv": [0, 0, 1, 4], "rotation": 270, "texture": "#0"},
				"south": {"uv": [0, 0, 1, 4], "texture": "#0"},
				"west": {"uv": [0, 0, 1, 4], "rotation": 90, "texture": "#0"},
				"up": {"uv": [0, 0, 1, 4], "rotation": 180, "texture": "#0"},
				"down": {"uv": [0, 0, 1, 4], "texture": "#0"}
			}
		},
		{
			"from": [7.4, 17.6636, 8.34228],
			"to": [9.6, 19.9636, 9.54228],
			"rotation": {"angle": 45, "axis": "x", "origin": [8, 17.5636, 8.04228]},
			"faces": {
				"north": {"uv": [0, 0, 1, 4], "texture": "#0"},
				"east": {"uv": [0, 0, 1, 4], "texture": "#0"},
				"south": {"uv": [0, 0, 1, 4], "texture": "#0"},
				"west": {"uv": [0, 0, 1, 4], "texture": "#0"},
				"up": {"uv": [0, 0, 1, 4], "texture": "#0"},
				"down": {"uv": [0, 0, 1, 4], "texture": "#0"}
			}
		},
		{
			"from": [7.6, 25.35941, 4.13259],
			"to": [9.4, 26.05941, 6.73259],
			"rotation": {"angle": -22.5, "axis": "x", "origin": [8.8, 25.20941, 4.43259]},
			"faces": {
				"north": {"uv": [0, 0, 2.6, 2.8], "texture": "#0"},
				"east": {"uv": [0, 0, 2.6, 2.8], "texture": "#0"},
				"south": {"uv": [0, 0, 2.6, 2.8], "texture": "#0"},
				"west": {"uv": [0, 0, 2.6, 2.8], "texture": "#0"},
				"up": {"uv": [0, 0, 2.6, 2.8], "texture": "#0"},
				"down": {"uv": [0, 0, 2.6, 2.8], "texture": "#0"}
			}
		},
		{
			"from": [7.6, 24.00039, 4.13259],
			"to": [9.4, 24.70039, 6.73259],
			"rotation": {"angle": 22.5, "axis": "x", "origin": [8.8, 24.85039, 4.43259]},
			"faces": {
				"north": {"uv": [0, 0, 2.6, 2.8], "texture": "#0"},
				"east": {"uv": [0, 0, 2.6, 2.8], "texture": "#0"},
				"south": {"uv": [0, 0, 2.6, 2.8], "texture": "#0"},
				"west": {"uv": [0, 0, 2.6, 2.8], "texture": "#0"},
				"up": {"uv": [0, 0, 2.6, 2.8], "texture": "#0"},
				"down": {"uv": [0, 0, 2.6, 2.8], "texture": "#0"}
			}
		},
		{
			"from": [7.6, 24.1799, 3.83015],
			"to": [9.4, 25.8799, 6.43015],
			"rotation": {"angle": 0, "axis": "x", "origin": [8.8, 25.0299, 4.13015]},
			"faces": {
				"north": {"uv": [0, 0, 2.6, 2.8], "texture": "#0"},
				"east": {"uv": [0, 0, 2.6, 2.8], "texture": "#0"},
				"south": {"uv": [0, 0, 2.6, 2.8], "texture": "#0"},
				"west": {"uv": [0, 0, 2.6, 2.8], "texture": "#0"},
				"up": {"uv": [0, 0, 2.6, 2.8], "texture": "#0"},
				"down": {"uv": [0, 0, 2.6, 2.8], "texture": "#0"}
			}
		},
		{
			"from": [7.8, 24.0799, 1.03015],
			"to": [9.2, 25.8799, 4.03015],
			"rotation": {"angle": 0, "axis": "y", "origin": [16, 32.4799, 11.03015]},
			"faces": {
				"north": {"uv": [6.5, 5, 8.5, 7], "rotation": 270, "texture": "#0"},
				"east": {"uv": [6.5, 5, 8.5, 7], "rotation": 270, "texture": "#0"},
				"south": {"uv": [6.5, 5, 8.5, 7], "rotation": 270, "texture": "#0"},
				"west": {"uv": [6.5, 5, 8.5, 7], "rotation": 270, "texture": "#0"},
				"up": {"uv": [6.5, 5, 8.5, 7], "rotation": 270, "texture": "#0"},
				"down": {"uv": [6.5, 5, 8.5, 7], "rotation": 270, "texture": "#0"}
			}
		},
		{
			"from": [7.8, 23.8799, 0.03015],
			"to": [9.2, 26.1799, 1.03015],
			"rotation": {"angle": 0, "axis": "y", "origin": [16, 32.4799, 8.03015]},
			"faces": {
				"north": {"uv": [0, 0, 1, 2.3], "texture": "#0"},
				"east": {"uv": [0, 0, 1, 2.3], "texture": "#0"},
				"south": {"uv": [0, 0, 1, 2.3], "texture": "#0"},
				"west": {"uv": [0, 0, 1, 2.3], "texture": "#0"},
				"up": {"uv": [0, 0, 1, 2.3], "texture": "#0"},
				"down": {"uv": [0, 0, 1, 2.3], "texture": "#0"}
			}
		},
		{
			"from": [7.9, 23.4799, -1.06985],
			"to": [9.1, 26.4799, 0.03015],
			"rotation": {"angle": 0, "axis": "y", "origin": [16, 32.4799, 7.03015]},
			"faces": {
				"north": {"uv": [0, 0, 1.1, 3], "texture": "#0"},
				"east": {"uv": [0, 0, 1.1, 3], "texture": "#0"},
				"south": {"uv": [0, 0, 1.1, 3], "texture": "#0"},
				"west": {"uv": [0, 0, 1.1, 3], "texture": "#0"},
				"up": {"uv": [0, 0, 1.1, 3], "texture": "#0"},
				"down": {"uv": [0, 0, 1.1, 3], "texture": "#0"}
			}
		},
		{
			"from": [7.9, 22.74003, -2.81865],
			"to": [9.1, 27.24003, -0.81865],
			"rotation": {"angle": 0, "axis": "y", "origin": [16, 32.24003, 5.18135]},
			"faces": {
				"north": {"uv": [0, 0, 2, 4.5], "texture": "#0"},
				"east": {"uv": [0, 0, 2, 4.5], "texture": "#0"},
				"south": {"uv": [0, 0, 2, 4.5], "texture": "#0"},
				"west": {"uv": [0, 0, 2, 4.5], "texture": "#0"},
				"up": {"uv": [0, 0, 2, 4.5], "texture": "#0"},
				"down": {"uv": [0, 0, 2, 4.5], "texture": "#0"}
			}
		},
		{
			"from": [7.9, 13.7507, -1.22947],
			"to": [9.1, 24.0507, 1.77053],
			"rotation": {"angle": -22.5, "axis": "x", "origin": [8.4, 19.4007, 1.27053]},
			"faces": {
				"north": {"uv": [0, 0, 3, 7.3], "texture": "#0"},
				"east": {"uv": [0, 0, 3, 7.3], "texture": "#0"},
				"south": {"uv": [0, 0, 3, 7.3], "texture": "#0"},
				"west": {"uv": [0, 0, 3, 7.3], "texture": "#0"},
				"up": {"uv": [0, 0, 3, 7.3], "texture": "#0"},
				"down": {"uv": [0, 0, 3, 7.3], "texture": "#0"}
			}
		},
		{
			"from": [7.9, 12.72402, 3.98562],
			"to": [9.1, 15.82402, 5.98562],
			"rotation": {"angle": -45, "axis": "x", "origin": [8.4, 12.07402, 5.48562]},
			"faces": {
				"north": {"uv": [0, 0, 2, 3.1], "texture": "#0"},
				"east": {"uv": [0, 0, 2, 3.1], "texture": "#0"},
				"south": {"uv": [0, 0, 2, 3.1], "texture": "#0"},
				"west": {"uv": [0, 0, 2, 3.1], "texture": "#0"},
				"up": {"uv": [0, 0, 2, 3.1], "texture": "#0"},
				"down": {"uv": [0, 0, 2, 3.1], "texture": "#0"}
			}
		},
		{
			"from": [7.9, 11.65587, 2.39388],
			"to": [9.1, 15.65587, 4.19388],
			"rotation": {"angle": -45, "axis": "x", "origin": [8.4, 12.90587, 4.69388]},
			"faces": {
				"north": {"uv": [0, 0, 0.8, 3.4], "texture": "#0"},
				"east": {"uv": [0, 0, 0.8, 3.4], "texture": "#0"},
				"south": {"uv": [0, 0, 0.8, 3.4], "texture": "#0"},
				"west": {"uv": [0, 0, 0.8, 3.4], "texture": "#0"},
				"up": {"uv": [0, 0, 0.8, 3.4], "texture": "#0"},
				"down": {"uv": [0, 0, 0.8, 3.4], "texture": "#0"}
			}
		},
		{
			"from": [7.9, 10.92199, 4.49076],
			"to": [9.1, 15.12199, 5.29076],
			"rotation": {"angle": 22.5, "axis": "x", "origin": [8.5, 12.02199, 2.89076]},
			"faces": {
				"north": {"uv": [0, 0, 0.8, 3.4], "rotation": 180, "texture": "#0"},
				"east": {"uv": [0, 0, 0.8, 3.4], "rotation": 180, "texture": "#0"},
				"south": {"uv": [0, 0, 0.8, 3.4], "rotation": 180, "texture": "#0"},
				"west": {"uv": [0, 0, 0.8, 3.4], "rotation": 180, "texture": "#0"},
				"up": {"uv": [0, 0, 0.8, 3.4], "texture": "#0"},
				"down": {"uv": [0, 0, 0.8, 3.4], "texture": "#0"}
			}
		},
		{
			"from": [7.9, 26.15773, -2.37752],
			"to": [9.1, 29.45773, 0.62248],
			"rotation": {"angle": 22.5, "axis": "x", "origin": [8.4, 27.80773, 0.12248]},
			"faces": {
				"north": {"uv": [0, 0, 3, 3.3], "texture": "#0"},
				"east": {"uv": [0, 0, 3, 3.3], "texture": "#0"},
				"south": {"uv": [0, 0, 3, 3.3], "texture": "#0"},
				"west": {"uv": [0, 0, 3, 3.3], "texture": "#0"},
				"up": {"uv": [0, 0, 3, 3.3], "texture": "#0"},
				"down": {"uv": [0, 0, 3, 3.3], "texture": "#0"}
			}
		},
		{
			"from": [7.9, 29.51101, -2.6454],
			"to": [9.1, 30.51101, 1.7546],
			"rotation": {"angle": 22.5, "axis": "x", "origin": [8.4, 27.16101, -0.1454]},
			"faces": {
				"north": {"uv": [0, 0, 3.4, 2], "texture": "#0"},
				"east": {"uv": [0, 0, 3.4, 2], "texture": "#0"},
				"south": {"uv": [0, 0, 3.4, 2], "texture": "#0"},
				"west": {"uv": [0, 0, 3.4, 2], "texture": "#0"},
				"up": {"uv": [0, 0, 3.4, 2], "texture": "#0"},
				"down": {"uv": [0, 0, 3.4, 2], "texture": "#0"}
			}
		},
		{
			"from": [7.9, 26.2916, 0.88507],
			"to": [9.1, 26.6916, 1.88507],
			"rotation": {"angle": -45, "axis": "x", "origin": [8.4, 27.1916, -1.46493]},
			"faces": {
				"north": {"uv": [0, 0, 0.4, 1], "rotation": 90, "texture": "#0"},
				"east": {"uv": [0, 0, 0.4, 1], "rotation": 90, "texture": "#0"},
				"south": {"uv": [0, 0, 0.4, 1], "rotation": 90, "texture": "#0"},
				"west": {"uv": [0, 0, 0.4, 1], "rotation": 90, "texture": "#0"},
				"up": {"uv": [0, 0, 0.4, 1], "rotation": 90, "texture": "#0"},
				"down": {"uv": [0, 0, 0.4, 1], "rotation": 90, "texture": "#0"}
			}
		},
		{
			"from": [7.9, 25.4799, 0.03015],
			"to": [9.1, 27.4799, 4.03015],
			"rotation": {"angle": 22.5, "axis": "x", "origin": [8.5, 25.9799, 1.53015]},
			"faces": {
				"north": {"uv": [11, 0, 15, 2], "texture": "#0"},
				"east": {"uv": [11, 0, 15, 2], "texture": "#0"},
				"south": {"uv": [11, 0, 15, 2], "texture": "#0"},
				"west": {"uv": [11, 0, 15, 2], "texture": "#0"},
				"up": {"uv": [11, 0, 15, 2], "texture": "#0"},
				"down": {"uv": [11, 0, 15, 2], "texture": "#0"}
			}
		},
		{
			"from": [7.9, 22.4799, 0.03015],
			"to": [9.1, 24.4799, 4.03015],
			"rotation": {"angle": -22.5, "axis": "x", "origin": [8.5, 23.9799, 1.53015]},
			"faces": {
				"north": {"uv": [6, 3, 10, 5], "texture": "#0"},
				"east": {"uv": [6, 3, 10, 5], "texture": "#0"},
				"south": {"uv": [6, 3, 10, 5], "texture": "#0"},
				"west": {"uv": [6, 3, 10, 5], "texture": "#0"},
				"up": {"uv": [6, 3, 10, 5], "texture": "#0"},
				"down": {"uv": [6, 3, 10, 5], "texture": "#0"}
			}
		},
		{
			"from": [8, -1.9201, 8.03015],
			"to": [9, 16.8799, 9.43015],
			"rotation": {"angle": 0, "axis": "y", "origin": [15.5, 22.4799, 16.43015]},
			"faces": {
				"north": {"uv": [0, 0, 1, 1.8], "texture": "#0"},
				"east": {"uv": [0, 0, 1, 1.8], "texture": "#0"},
				"south": {"uv": [0, 0, 1, 1.8], "texture": "#0"},
				"west": {"uv": [0, 0, 1, 1.8], "texture": "#0"},
				"up": {"uv": [0, 0, 1, 1.8], "texture": "#0"},
				"down": {"uv": [0, 0, 1, 1.8], "texture": "#0"}
			}
		},
		{
			"from": [8.1, -2.7201, 8.13015],
			"to": [8.9, -1.9201, 9.33015],
			"rotation": {"angle": 0, "axis": "y", "origin": [15.5, 22.6799, 16.43015]},
			"faces": {
				"north": {"uv": [0, 0, 1, 1.8], "texture": "#0"},
				"east": {"uv": [0, 0, 1, 1.8], "texture": "#0"},
				"south": {"uv": [0, 0, 1, 1.8], "texture": "#0"},
				"west": {"uv": [0, 0, 1, 1.8], "texture": "#0"},
				"up": {"uv": [0, 0, 1, 1.8], "texture": "#0"},
				"down": {"uv": [0, 0, 1, 1.8], "texture": "#0"}
			}
		},
		{
			"from": [8.2, -3.5201, 8.23015],
			"to": [8.8, -2.7201, 9.23015],
			"rotation": {"angle": 0, "axis": "y", "origin": [15.5, 22.8799, 16.43015]},
			"faces": {
				"north": {"uv": [0, 0, 1, 1.8], "texture": "#0"},
				"east": {"uv": [0, 0, 1, 1.8], "texture": "#0"},
				"south": {"uv": [0, 0, 1, 1.8], "texture": "#0"},
				"west": {"uv": [0, 0, 1, 1.8], "texture": "#0"},
				"up": {"uv": [0, 0, 1, 1.8], "texture": "#0"},
				"down": {"uv": [0, 0, 1, 1.8], "texture": "#0"}
			}
		},
		{
			"from": [8.3, -4.3201, 8.33015],
			"to": [8.7, -3.5201, 9.13015],
			"rotation": {"angle": 0, "axis": "y", "origin": [15.5, 23.0799, 16.43015]},
			"faces": {
				"north": {"uv": [0, 0, 1, 1.8], "texture": "#0"},
				"east": {"uv": [0, 0, 1, 1.8], "texture": "#0"},
				"south": {"uv": [0, 0, 1, 1.8], "texture": "#0"},
				"west": {"uv": [0, 0, 1, 1.8], "texture": "#0"},
				"up": {"uv": [0, 0, 1, 1.8], "texture": "#0"},
				"down": {"uv": [0, 0, 1, 1.8], "texture": "#0"}
			}
		},
		{
			"from": [7.7, 18.0799, 9.63015],
			"to": [8.3, 25.0799, 10.23015],
			"rotation": {"angle": 0, "axis": "y", "origin": [15.5, 25.0799, 17.43015]},
			"faces": {
				"north": {"uv": [0, 0, 0.6, 8], "texture": "#0"},
				"east": {"uv": [0, 0, 0.6, 8], "texture": "#0"},
				"south": {"uv": [0, 0, 0.6, 8], "texture": "#0"},
				"west": {"uv": [0, 0, 0.6, 8], "texture": "#0"},
				"up": {"uv": [0, 0, 0.6, 8], "texture": "#0"},
				"down": {"uv": [0, 0, 0.6, 8], "texture": "#0"}
			}
		},
		{
			"from": [7.5, 23.77817, 9.36519],
			"to": [8.5, 24.77817, 10.36519],
			"rotation": {"angle": 0, "axis": "y", "origin": [15.5, 27.77817, 17.36519]},
			"faces": {
				"north": {"uv": [0, 0, 1, 1], "texture": "#0"},
				"east": {"uv": [0, 0, 1, 1], "texture": "#0"},
				"south": {"uv": [0, 0, 1, 1], "texture": "#0"},
				"west": {"uv": [0, 0, 1, 1], "texture": "#0"},
				"up": {"uv": [0, 0, 1, 1], "texture": "#0"},
				"down": {"uv": [0, 0, 1, 1], "texture": "#0"}
			}
		},
		{
			"from": [7.5, 22.57817, 9.36519],
			"to": [8.5, 23.57817, 10.36519],
			"rotation": {"angle": 0, "axis": "y", "origin": [15.5, 26.57817, 17.36519]},
			"faces": {
				"north": {"uv": [0, 0, 1, 1], "texture": "#0"},
				"east": {"uv": [0, 0, 1, 1], "texture": "#0"},
				"south": {"uv": [0, 0, 1, 1], "texture": "#0"},
				"west": {"uv": [0, 0, 1, 1], "texture": "#0"},
				"up": {"uv": [0, 0, 1, 1], "texture": "#0"},
				"down": {"uv": [0, 0, 1, 1], "texture": "#0"}
			}
		},
		{
			"from": [7.5, 21.37817, 9.36519],
			"to": [8.5, 22.37817, 10.36519],
			"rotation": {"angle": 0, "axis": "y", "origin": [15.5, 25.37817, 17.36519]},
			"faces": {
				"north": {"uv": [0, 0, 1, 1], "texture": "#0"},
				"east": {"uv": [0, 0, 1, 1], "texture": "#0"},
				"south": {"uv": [0, 0, 1, 1], "texture": "#0"},
				"west": {"uv": [0, 0, 1, 1], "texture": "#0"},
				"up": {"uv": [0, 0, 1, 1], "texture": "#0"},
				"down": {"uv": [0, 0, 1, 1], "texture": "#0"}
			}
		},
		{
			"from": [7.5, 20.17817, 9.36519],
			"to": [8.5, 21.17817, 10.36519],
			"rotation": {"angle": 0, "axis": "y", "origin": [15.5, 24.17817, 17.36519]},
			"faces": {
				"north": {"uv": [0, 0, 1, 1], "texture": "#0"},
				"east": {"uv": [0, 0, 1, 1], "texture": "#0"},
				"south": {"uv": [0, 0, 1, 1], "texture": "#0"},
				"west": {"uv": [0, 0, 1, 1], "texture": "#0"},
				"up": {"uv": [0, 0, 1, 1], "texture": "#0"},
				"down": {"uv": [0, 0, 1, 1], "texture": "#0"}
			}
		},
		{
			"from": [7.5, 18.97817, 9.36519],
			"to": [8.5, 19.97817, 10.36519],
			"rotation": {"angle": 0, "axis": "y", "origin": [15.5, 22.97817, 17.36519]},
			"faces": {
				"north": {"uv": [0, 0, 1, 1], "texture": "#0"},
				"east": {"uv": [0, 0, 1, 1], "texture": "#0"},
				"south": {"uv": [0, 0, 1, 1], "texture": "#0"},
				"west": {"uv": [0, 0, 1, 1], "texture": "#0"},
				"up": {"uv": [0, 0, 1, 1], "texture": "#0"},
				"down": {"uv": [0, 0, 1, 1], "texture": "#0"}
			}
		},
		{
			"from": [7.5, 25.27817, 9.15808],
			"to": [8.5, 26.27817, 10.15808],
			"rotation": {"angle": 45, "axis": "x", "origin": [8, 24.77817, 9.65808]},
			"faces": {
				"north": {"uv": [0, 0, 1, 1], "texture": "#0"},
				"east": {"uv": [0, 0, 1, 1], "texture": "#0"},
				"south": {"uv": [0, 0, 1, 1], "texture": "#0"},
				"west": {"uv": [0, 0, 1, 1], "texture": "#0"},
				"up": {"uv": [0, 0, 1, 1], "texture": "#0"},
				"down": {"uv": [0, 0, 1, 1], "texture": "#0"}
			}
		},
		{
			"from": [7.7, 24.97817, 9.35808],
			"to": [8.3, 26.67817, 9.95808],
			"rotation": {"angle": 45, "axis": "x", "origin": [8, 24.77817, 9.65808]},
			"faces": {
				"north": {"uv": [0, 0, 0.6, 1.7], "texture": "#0"},
				"east": {"uv": [0, 0, 0.6, 1.7], "texture": "#0"},
				"south": {"uv": [0, 0, 0.6, 1.7], "texture": "#0"},
				"west": {"uv": [0, 0, 0.6, 1.7], "texture": "#0"},
				"up": {"uv": [0, 0, 0.6, 1.7], "texture": "#0"},
				"down": {"uv": [0, 0, 0.6, 1.7], "texture": "#0"}
			}
		},
		{
			"from": [7.7, 29.02337, 7.7754],
			"to": [8.3, 29.62337, 9.5754],
			"rotation": {"angle": 0, "axis": "x", "origin": [8, 29.32337, 6.5754]},
			"faces": {
				"north": {"uv": [0, 0, 0.6, 2.8], "rotation": 270, "texture": "#0"},
				"east": {"uv": [0, 0, 0.6, 2.8], "rotation": 270, "texture": "#0"},
				"south": {"uv": [0, 0, 0.6, 2.8], "rotation": 270, "texture": "#0"},
				"west": {"uv": [0, 0, 0.6, 2.8], "rotation": 270, "texture": "#0"},
				"up": {"uv": [0, 0, 0.6, 2.8], "rotation": 270, "texture": "#0"},
				"down": {"uv": [0, 0, 0.6, 2.8], "rotation": 270, "texture": "#0"}
			}
		},
		{
			"from": [7.5, 26.19239, 10.36519],
			"to": [8.5, 27.19239, 11.36519],
			"rotation": {"angle": 0, "axis": "x", "origin": [8, 26.69239, 9.86519]},
			"faces": {
				"north": {"uv": [0, 0, 1, 1], "rotation": 270, "texture": "#0"},
				"east": {"uv": [0, 0, 1, 1], "rotation": 270, "texture": "#0"},
				"south": {"uv": [0, 0, 1, 1], "rotation": 270, "texture": "#0"},
				"west": {"uv": [0, 0, 1, 1], "rotation": 270, "texture": "#0"},
				"up": {"uv": [0, 0, 1, 1], "rotation": 270, "texture": "#0"},
				"down": {"uv": [0, 0, 1, 1], "rotation": 270, "texture": "#0"}
			}
		},
		{
			"from": [7.7, 25.89239, 10.56519],
			"to": [8.3, 27.49239, 11.16519],
			"rotation": {"angle": 0, "axis": "x", "origin": [8, 26.69239, 9.86519]},
			"faces": {
				"north": {"uv": [0, 0, 1.6, 0.6], "rotation": 270, "texture": "#0"},
				"east": {"uv": [0, 0, 1.6, 0.6], "rotation": 270, "texture": "#0"},
				"south": {"uv": [0, 0, 1.6, 0.6], "rotation": 270, "texture": "#0"},
				"west": {"uv": [0, 0, 1.6, 0.6], "rotation": 270, "texture": "#0"},
				"up": {"uv": [0, 0, 1.6, 0.6], "rotation": 270, "texture": "#0"},
				"down": {"uv": [0, 0, 1.6, 0.6], "rotation": 270, "texture": "#0"}
			}
		},
		{
			"from": [7.5, 28.82337, 8.2754],
			"to": [8.5, 29.82337, 9.2754],
			"rotation": {"angle": 0, "axis": "x", "origin": [8, 29.32337, 7.7754]},
			"faces": {
				"north": {"uv": [0, 0, 1, 1], "rotation": 270, "texture": "#0"},
				"east": {"uv": [0, 0, 1, 1], "rotation": 270, "texture": "#0"},
				"south": {"uv": [0, 0, 1, 1], "rotation": 270, "texture": "#0"},
				"west": {"uv": [0, 0, 1, 1], "rotation": 270, "texture": "#0"},
				"up": {"uv": [0, 0, 1, 1], "rotation": 270, "texture": "#0"},
				"down": {"uv": [0, 0, 1, 1], "rotation": 270, "texture": "#0"}
			}
		},
		{
			"from": [7.5, 29.03048, 9.7754],
			"to": [8.5, 30.03048, 10.7754],
			"rotation": {"angle": 45, "axis": "x", "origin": [8, 29.53048, 9.2754]},
			"faces": {
				"north": {"uv": [0, 0, 1, 1], "rotation": 270, "texture": "#0"},
				"east": {"uv": [0, 0, 1, 1], "rotation": 270, "texture": "#0"},
				"south": {"uv": [0, 0, 1, 1], "rotation": 270, "texture": "#0"},
				"west": {"uv": [0, 0, 1, 1], "rotation": 270, "texture": "#0"},
				"up": {"uv": [0, 0, 1, 1], "rotation": 270, "texture": "#0"},
				"down": {"uv": [0, 0, 1, 1], "rotation": 270, "texture": "#0"}
			}
		},
		{
			"from": [7.7, 29.23048, 9.4754],
			"to": [8.3, 29.83048, 11.1754],
			"rotation": {"angle": 45, "axis": "x", "origin": [8, 29.53048, 9.2754]},
			"faces": {
				"north": {"uv": [0, 0, 0.6, 1.7], "rotation": 270, "texture": "#0"},
				"east": {"uv": [0, 0, 0.6, 1.7], "rotation": 270, "texture": "#0"},
				"south": {"uv": [0, 0, 0.6, 1.7], "rotation": 270, "texture": "#0"},
				"west": {"uv": [0, 0, 0.6, 1.7], "rotation": 270, "texture": "#0"},
				"up": {"uv": [0, 0, 0.6, 1.7], "rotation": 270, "texture": "#0"},
				"down": {"uv": [0, 0, 0.6, 1.7], "rotation": 270, "texture": "#0"}
			}
		},
		{
			"from": [7.5, 27.26955, 9.7531],
			"to": [8.5, 28.26955, 10.7531],
			"rotation": {"angle": -22.5, "axis": "x", "origin": [8, 28.76955, 10.2531]},
			"faces": {
				"north": {"uv": [0, 0, 1, 1], "rotation": 180, "texture": "#0"},
				"east": {"uv": [0, 0, 1, 1], "rotation": 180, "texture": "#0"},
				"south": {"uv": [0, 0, 1, 1], "rotation": 180, "texture": "#0"},
				"west": {"uv": [0, 0, 1, 1], "rotation": 180, "texture": "#0"},
				"up": {"uv": [0, 0, 1, 1], "rotation": 180, "texture": "#0"},
				"down": {"uv": [0, 0, 1, 1], "rotation": 180, "texture": "#0"}
			}
		},
		{
			"from": [7.9, 22.11301, -4.70468],
			"to": [9.1, 27.91301, -2.80468],
			"rotation": {"angle": 0, "axis": "y", "origin": [16.2, 32.91301, 4.99532]},
			"faces": {
				"north": {"uv": [4.5, 11.5, 5.5, 16], "texture": "#0"},
				"east": {"uv": [5, 9.5, 7, 14], "rotation": 270, "texture": "#0"},
				"south": {"uv": [4.5, 1.5, 5.5, 6], "texture": "#0"},
				"west": {"uv": [2.5, 9.5, 4.5, 14], "rotation": 90, "texture": "#0"},
				"up": {"uv": [2, 13, 3, 15], "texture": "#0"},
				"down": {"uv": [5, 13, 6, 15], "texture": "#0"}
			}
		},
		{
			"from": [7.9, 12.35174, -3.99629],
			"to": [9.1, 22.65174, -1.99629],
			"rotation": {"angle": -22.5, "axis": "x", "origin": [8.7, 20.60174, -2.99629]},
			"faces": {
				"north": {"uv": [4.5, 11.5, 5.5, 16], "texture": "#0"},
				"east": {"uv": [5, 9.5, 7, 14], "rotation": 270, "texture": "#0"},
				"south": {"uv": [4.5, 1.5, 5.5, 6], "texture": "#0"},
				"west": {"uv": [2.5, 9.5, 4.5, 14], "rotation": 90, "texture": "#0"},
				"up": {"uv": [2, 13, 3, 15], "texture": "#0"},
				"down": {"uv": [5, 13, 6, 15], "texture": "#0"}
			}
		},
		{
			"from": [7.9, 10.06317, 0.53506],
			"to": [9.1, 13.96317, 2.33506],
			"rotation": {"angle": -45, "axis": "x", "origin": [8.7, 11.71317, 1.53506]},
			"faces": {
				"north": {"uv": [4.5, 11.5, 5.5, 16], "texture": "#0"},
				"east": {"uv": [5, 9.5, 7, 14], "rotation": 270, "texture": "#0"},
				"south": {"uv": [4.5, 1.5, 5.5, 6], "texture": "#0"},
				"west": {"uv": [2.5, 9.5, 4.5, 14], "rotation": 90, "texture": "#0"},
				"up": {"uv": [2, 13, 3, 15], "texture": "#0"},
				"down": {"uv": [5, 10, 6, 13], "texture": "#0"}
			}
		},
		{
			"from": [7.9, 9.01698, 2.22893],
			"to": [9.1, 10.61698, 4.62893],
			"rotation": {"angle": 22.5, "axis": "x", "origin": [8.7, 10.01698, 4.17893]},
			"faces": {
				"north": {"uv": [2, 13, 3, 15], "rotation": 180, "texture": "#0"},
				"east": {"uv": [5, 9.5, 7, 14], "texture": "#0"},
				"south": {"uv": [5, 10, 6, 13], "texture": "#0"},
				"west": {"uv": [2.5, 9.5, 4.5, 14], "texture": "#0"},
				"up": {"uv": [4.5, 1.5, 5.5, 6], "texture": "#0"},
				"down": {"uv": [4.5, 11.5, 5.5, 16], "rotation": 180, "texture": "#0"}
			}
		},
		{
			"from": [7.9, 27.48846, -4.57032],
			"to": [9.1, 31.88846, -2.57032],
			"rotation": {"angle": 22.5, "axis": "x", "origin": [8.7, 28.03846, -3.57032]},
			"faces": {
				"north": {"uv": [4.5, 11.5, 5.5, 16], "texture": "#0"},
				"east": {"uv": [5, 9.5, 7, 14], "rotation": 270, "texture": "#0"},
				"south": {"uv": [4.5, 1.5, 5.5, 6], "texture": "#0"},
				"west": {"uv": [2.5, 9.5, 4.5, 14], "rotation": 90, "texture": "#0"},
				"up": {"uv": [2, 10, 3, 13], "rotation": 180, "texture": "#0"},
				"down": {"uv": [5, 13, 6, 15], "texture": "#0"}
			}
		},
		{
			"name": "hexadecagon",
			"from": [7, 17.80109, 8],
			"to": [10, 18.19891, 10],
			"rotation": {"angle": -45, "axis": "x", "origin": [8, 18, 9]},
			"color": 0,
			"faces": {
				"north": {"uv": [0, 0, 1, 1], "texture": "#missing"},
				"east": {"uv": [0, 0, 1, 1], "texture": "#missing"},
				"south": {"uv": [0, 0, 1, 1], "texture": "#missing"},
				"west": {"uv": [0, 0, 1, 1], "texture": "#missing"},
				"up": {"uv": [0, 0, 1, 1], "texture": "#missing"},
				"down": {"uv": [0, 0, 1, 1], "texture": "#missing"}
			}
		},
		{
			"name": "hexadecagon",
			"from": [7, 17.80109, 8],
			"to": [10, 18.19891, 10],
			"rotation": {"angle": -22.5, "axis": "x", "origin": [8, 18, 9]},
			"color": 1,
			"faces": {
				"north": {"uv": [0, 0, 1, 1], "texture": "#missing"},
				"east": {"uv": [0, 0, 1, 1], "texture": "#missing"},
				"south": {"uv": [0, 0, 1, 1], "texture": "#missing"},
				"west": {"uv": [0, 0, 1, 1], "texture": "#missing"},
				"up": {"uv": [0, 0, 1, 1], "texture": "#missing"},
				"down": {"uv": [0, 0, 1, 1], "texture": "#missing"}
			}
		},
		{
			"name": "hexadecagon",
			"from": [7, 17.80109, 8],
			"to": [10, 18.19891, 10],
			"rotation": {"angle": 0, "axis": "x", "origin": [8, 18, 9]},
			"color": 3,
			"faces": {
				"north": {"uv": [0, 0, 1, 1], "texture": "#missing"},
				"east": {"uv": [0, 0, 1, 1], "texture": "#missing"},
				"south": {"uv": [0, 0, 1, 1], "texture": "#missing"},
				"west": {"uv": [0, 0, 1, 1], "texture": "#missing"},
				"up": {"uv": [0, 0, 1, 1], "texture": "#missing"},
				"down": {"uv": [0, 0, 1, 1], "texture": "#missing"}
			}
		},
		{
			"name": "hexadecagon",
			"from": [7, 17.80109, 8],
			"to": [10, 18.19891, 10],
			"rotation": {"angle": 22.5, "axis": "x", "origin": [8, 18, 9]},
			"color": 2,
			"faces": {
				"north": {"uv": [0, 0, 1, 1], "texture": "#missing"},
				"east": {"uv": [0, 0, 1, 1], "texture": "#missing"},
				"south": {"uv": [0, 0, 1, 1], "texture": "#missing"},
				"west": {"uv": [0, 0, 1, 1], "texture": "#missing"},
				"up": {"uv": [0, 0, 1, 1], "texture": "#missing"},
				"down": {"uv": [0, 0, 1, 1], "texture": "#missing"}
			}
		},
		{
			"name": "hexadecagon",
			"from": [7, 17.80109, 8],
			"to": [10, 18.19891, 10],
			"rotation": {"angle": 45, "axis": "x", "origin": [8, 18, 9]},
			"color": 6,
			"faces": {
				"north": {"uv": [0, 0, 1, 1], "texture": "#missing"},
				"east": {"uv": [0, 0, 1, 1], "texture": "#missing"},
				"south": {"uv": [0, 0, 1, 1], "texture": "#missing"},
				"west": {"uv": [0, 0, 1, 1], "texture": "#missing"},
				"up": {"uv": [0, 0, 1, 1], "texture": "#missing"},
				"down": {"uv": [0, 0, 1, 1], "texture": "#missing"}
			}
		},
		{
			"name": "hexadecagon",
			"from": [7, 17, 8.80109],
			"to": [10, 19, 9.19891],
			"rotation": {"angle": -22.5, "axis": "x", "origin": [8, 18, 9]},
			"color": 7,
			"faces": {
				"north": {"uv": [0, 0, 1, 1], "texture": "#missing"},
				"east": {"uv": [0, 0, 1, 1], "texture": "#missing"},
				"south": {"uv": [0, 0, 1, 1], "texture": "#missing"},
				"west": {"uv": [0, 0, 1, 1], "texture": "#missing"},
				"up": {"uv": [0, 0, 1, 1], "texture": "#missing"},
				"down": {"uv": [0, 0, 1, 1], "texture": "#missing"}
			}
		},
		{
			"name": "hexadecagon",
			"from": [7, 17, 8.80109],
			"to": [10, 19, 9.19891],
			"rotation": {"angle": 0, "axis": "x", "origin": [8, 18, 9]},
			"color": 4,
			"faces": {
				"north": {"uv": [0, 0, 1, 1], "texture": "#missing"},
				"east": {"uv": [0, 0, 1, 1], "texture": "#missing"},
				"south": {"uv": [0, 0, 1, 1], "texture": "#missing"},
				"west": {"uv": [0, 0, 1, 1], "texture": "#missing"},
				"up": {"uv": [0, 0, 1, 1], "texture": "#missing"},
				"down": {"uv": [0, 0, 1, 1], "texture": "#missing"}
			}
		},
		{
			"name": "hexadecagon",
			"from": [7, 17, 8.80109],
			"to": [10, 19, 9.19891],
			"rotation": {"angle": 22.5, "axis": "x", "origin": [8, 18, 9]},
			"color": 5,
			"faces": {
				"north": {"uv": [0, 0, 1, 1], "texture": "#missing"},
				"east": {"uv": [0, 0, 1, 1], "texture": "#missing"},
				"south": {"uv": [0, 0, 1, 1], "texture": "#missing"},
				"west": {"uv": [0, 0, 1, 1], "texture": "#missing"},
				"up": {"uv": [0, 0, 1, 1], "texture": "#missing"},
				"down": {"uv": [0, 0, 1, 1], "texture": "#missing"}
			}
		},
		{
			"from": [8.7, 18.0799, 9.63015],
			"to": [9.3, 25.0799, 10.23015],
			"rotation": {"angle": 0, "axis": "y", "origin": [16.5, 25.0799, 17.43015]},
			"faces": {
				"north": {"uv": [0, 0, 0.6, 8], "texture": "#0"},
				"east": {"uv": [0, 0, 0.6, 8], "texture": "#0"},
				"south": {"uv": [0, 0, 0.6, 8], "texture": "#0"},
				"west": {"uv": [0, 0, 0.6, 8], "texture": "#0"},
				"up": {"uv": [0, 0, 0.6, 8], "texture": "#0"},
				"down": {"uv": [0, 0, 0.6, 8], "texture": "#0"}
			}
		},
		{
			"from": [8.5, 23.77817, 9.36519],
			"to": [9.5, 24.77817, 10.36519],
			"rotation": {"angle": 0, "axis": "y", "origin": [16.5, 27.77817, 17.36519]},
			"faces": {
				"north": {"uv": [0, 0, 1, 1], "texture": "#0"},
				"east": {"uv": [0, 0, 1, 1], "texture": "#0"},
				"south": {"uv": [0, 0, 1, 1], "texture": "#0"},
				"west": {"uv": [0, 0, 1, 1], "texture": "#0"},
				"up": {"uv": [0, 0, 1, 1], "texture": "#0"},
				"down": {"uv": [0, 0, 1, 1], "texture": "#0"}
			}
		},
		{
			"from": [8.5, 22.57817, 9.36519],
			"to": [9.5, 23.57817, 10.36519],
			"rotation": {"angle": 0, "axis": "y", "origin": [16.5, 26.57817, 17.36519]},
			"faces": {
				"north": {"uv": [0, 0, 1, 1], "texture": "#0"},
				"east": {"uv": [0, 0, 1, 1], "texture": "#0"},
				"south": {"uv": [0, 0, 1, 1], "texture": "#0"},
				"west": {"uv": [0, 0, 1, 1], "texture": "#0"},
				"up": {"uv": [0, 0, 1, 1], "texture": "#0"},
				"down": {"uv": [0, 0, 1, 1], "texture": "#0"}
			}
		},
		{
			"from": [8.5, 21.37817, 9.36519],
			"to": [9.5, 22.37817, 10.36519],
			"rotation": {"angle": 0, "axis": "y", "origin": [16.5, 25.37817, 17.36519]},
			"faces": {
				"north": {"uv": [0, 0, 1, 1], "texture": "#0"},
				"east": {"uv": [0, 0, 1, 1], "texture": "#0"},
				"south": {"uv": [0, 0, 1, 1], "texture": "#0"},
				"west": {"uv": [0, 0, 1, 1], "texture": "#0"},
				"up": {"uv": [0, 0, 1, 1], "texture": "#0"},
				"down": {"uv": [0, 0, 1, 1], "texture": "#0"}
			}
		},
		{
			"from": [8.5, 20.17817, 9.36519],
			"to": [9.5, 21.17817, 10.36519],
			"rotation": {"angle": 0, "axis": "y", "origin": [16.5, 24.17817, 17.36519]},
			"faces": {
				"north": {"uv": [0, 0, 1, 1], "texture": "#0"},
				"east": {"uv": [0, 0, 1, 1], "texture": "#0"},
				"south": {"uv": [0, 0, 1, 1], "texture": "#0"},
				"west": {"uv": [0, 0, 1, 1], "texture": "#0"},
				"up": {"uv": [0, 0, 1, 1], "texture": "#0"},
				"down": {"uv": [0, 0, 1, 1], "texture": "#0"}
			}
		},
		{
			"from": [8.5, 18.97817, 9.36519],
			"to": [9.5, 19.97817, 10.36519],
			"rotation": {"angle": 0, "axis": "y", "origin": [16.5, 22.97817, 17.36519]},
			"faces": {
				"north": {"uv": [0, 0, 1, 1], "texture": "#0"},
				"east": {"uv": [0, 0, 1, 1], "texture": "#0"},
				"south": {"uv": [0, 0, 1, 1], "texture": "#0"},
				"west": {"uv": [0, 0, 1, 1], "texture": "#0"},
				"up": {"uv": [0, 0, 1, 1], "texture": "#0"},
				"down": {"uv": [0, 0, 1, 1], "texture": "#0"}
			}
		},
		{
			"from": [8.5, 25.27817, 9.15808],
			"to": [9.5, 26.27817, 10.15808],
			"rotation": {"angle": 45, "axis": "x", "origin": [9, 24.77817, 9.65808]},
			"faces": {
				"north": {"uv": [0, 0, 1, 1], "texture": "#0"},
				"east": {"uv": [0, 0, 1, 1], "texture": "#0"},
				"south": {"uv": [0, 0, 1, 1], "texture": "#0"},
				"west": {"uv": [0, 0, 1, 1], "texture": "#0"},
				"up": {"uv": [0, 0, 1, 1], "texture": "#0"},
				"down": {"uv": [0, 0, 1, 1], "texture": "#0"}
			}
		},
		{
			"from": [8.7, 24.97817, 9.35808],
			"to": [9.3, 26.67817, 9.95808],
			"rotation": {"angle": 45, "axis": "x", "origin": [9, 24.77817, 9.65808]},
			"faces": {
				"north": {"uv": [0, 0, 0.6, 1.7], "texture": "#0"},
				"east": {"uv": [0, 0, 0.6, 1.7], "texture": "#0"},
				"south": {"uv": [0, 0, 0.6, 1.7], "texture": "#0"},
				"west": {"uv": [0, 0, 0.6, 1.7], "texture": "#0"},
				"up": {"uv": [0, 0, 0.6, 1.7], "texture": "#0"},
				"down": {"uv": [0, 0, 0.6, 1.7], "texture": "#0"}
			}
		},
		{
			"from": [8.7, 29.02337, 7.7754],
			"to": [9.3, 29.62337, 9.5754],
			"rotation": {"angle": 0, "axis": "x", "origin": [9, 29.32337, 6.5754]},
			"faces": {
				"north": {"uv": [0, 0, 0.6, 2.8], "rotation": 270, "texture": "#0"},
				"east": {"uv": [0, 0, 0.6, 2.8], "rotation": 270, "texture": "#0"},
				"south": {"uv": [0, 0, 0.6, 2.8], "rotation": 270, "texture": "#0"},
				"west": {"uv": [0, 0, 0.6, 2.8], "rotation": 270, "texture": "#0"},
				"up": {"uv": [0, 0, 0.6, 2.8], "rotation": 270, "texture": "#0"},
				"down": {"uv": [0, 0, 0.6, 2.8], "rotation": 270, "texture": "#0"}
			}
		},
		{
			"from": [8.5, 26.19239, 10.36519],
			"to": [9.5, 27.19239, 11.36519],
			"rotation": {"angle": 0, "axis": "x", "origin": [9, 26.69239, 9.86519]},
			"faces": {
				"north": {"uv": [0, 0, 1, 1], "rotation": 270, "texture": "#0"},
				"east": {"uv": [0, 0, 1, 1], "rotation": 270, "texture": "#0"},
				"south": {"uv": [0, 0, 1, 1], "rotation": 270, "texture": "#0"},
				"west": {"uv": [0, 0, 1, 1], "rotation": 270, "texture": "#0"},
				"up": {"uv": [0, 0, 1, 1], "rotation": 270, "texture": "#0"},
				"down": {"uv": [0, 0, 1, 1], "rotation": 270, "texture": "#0"}
			}
		},
		{
			"from": [8.7, 25.89239, 10.56519],
			"to": [9.3, 27.49239, 11.16519],
			"rotation": {"angle": 0, "axis": "x", "origin": [9, 26.69239, 9.86519]},
			"faces": {
				"north": {"uv": [0, 0, 1.6, 0.6], "rotation": 270, "texture": "#0"},
				"east": {"uv": [0, 0, 1.6, 0.6], "rotation": 270, "texture": "#0"},
				"south": {"uv": [0, 0, 1.6, 0.6], "rotation": 270, "texture": "#0"},
				"west": {"uv": [0, 0, 1.6, 0.6], "rotation": 270, "texture": "#0"},
				"up": {"uv": [0, 0, 1.6, 0.6], "rotation": 270, "texture": "#0"},
				"down": {"uv": [0, 0, 1.6, 0.6], "rotation": 270, "texture": "#0"}
			}
		},
		{
			"from": [8.5, 28.82337, 8.2754],
			"to": [9.5, 29.82337, 9.2754],
			"rotation": {"angle": 0, "axis": "x", "origin": [9, 29.32337, 7.7754]},
			"faces": {
				"north": {"uv": [0, 0, 1, 1], "rotation": 270, "texture": "#0"},
				"east": {"uv": [0, 0, 1, 1], "rotation": 270, "texture": "#0"},
				"south": {"uv": [0, 0, 1, 1], "rotation": 270, "texture": "#0"},
				"west": {"uv": [0, 0, 1, 1], "rotation": 270, "texture": "#0"},
				"up": {"uv": [0, 0, 1, 1], "rotation": 270, "texture": "#0"},
				"down": {"uv": [0, 0, 1, 1], "rotation": 270, "texture": "#0"}
			}
		},
		{
			"from": [8.5, 29.03048, 9.7754],
			"to": [9.5, 30.03048, 10.7754],
			"rotation": {"angle": 45, "axis": "x", "origin": [9, 29.53048, 9.2754]},
			"faces": {
				"north": {"uv": [0, 0, 1, 1], "rotation": 270, "texture": "#0"},
				"east": {"uv": [0, 0, 1, 1], "rotation": 270, "texture": "#0"},
				"south": {"uv": [0, 0, 1, 1], "rotation": 270, "texture": "#0"},
				"west": {"uv": [0, 0, 1, 1], "rotation": 270, "texture": "#0"},
				"up": {"uv": [0, 0, 1, 1], "rotation": 270, "texture": "#0"},
				"down": {"uv": [0, 0, 1, 1], "rotation": 270, "texture": "#0"}
			}
		},
		{
			"from": [8.7, 29.23048, 9.4754],
			"to": [9.3, 29.83048, 11.1754],
			"rotation": {"angle": 45, "axis": "x", "origin": [9, 29.53048, 9.2754]},
			"faces": {
				"north": {"uv": [0, 0, 0.6, 1.7], "rotation": 270, "texture": "#0"},
				"east": {"uv": [0, 0, 0.6, 1.7], "rotation": 270, "texture": "#0"},
				"south": {"uv": [0, 0, 0.6, 1.7], "rotation": 270, "texture": "#0"},
				"west": {"uv": [0, 0, 0.6, 1.7], "rotation": 270, "texture": "#0"},
				"up": {"uv": [0, 0, 0.6, 1.7], "rotation": 270, "texture": "#0"},
				"down": {"uv": [0, 0, 0.6, 1.7], "rotation": 270, "texture": "#0"}
			}
		},
		{
			"from": [8.5, 27.26955, 9.7531],
			"to": [9.5, 28.26955, 10.7531],
			"rotation": {"angle": -22.5, "axis": "x", "origin": [9, 28.76955, 10.2531]},
			"faces": {
				"north": {"uv": [0, 0, 1, 1], "rotation": 180, "texture": "#0"},
				"east": {"uv": [0, 0, 1, 1], "rotation": 180, "texture": "#0"},
				"south": {"uv": [0, 0, 1, 1], "rotation": 180, "texture": "#0"},
				"west": {"uv": [0, 0, 1, 1], "rotation": 180, "texture": "#0"},
				"up": {"uv": [0, 0, 1, 1], "rotation": 180, "texture": "#0"},
				"down": {"uv": [0, 0, 1, 1], "rotation": 180, "texture": "#0"}
			}
		},
		{
			"name": "hexadecagon",
			"from": [7.6, 24.84087, 2.2],
			"to": [9.3, 25.15913, 3.8],
			"rotation": {"angle": -45, "axis": "x", "origin": [7.9, 25, 3]},
			"color": 0,
			"faces": {
				"north": {"uv": [0, 0, 1, 1], "texture": "#missing"},
				"east": {"uv": [0, 0, 1, 1], "texture": "#missing"},
				"south": {"uv": [0, 0, 1, 1], "texture": "#missing"},
				"west": {"uv": [0, 0, 1, 1], "texture": "#missing"},
				"up": {"uv": [0, 0, 1, 1], "texture": "#missing"},
				"down": {"uv": [0, 0, 1, 1], "texture": "#missing"}
			}
		},
		{
			"name": "hexadecagon",
			"from": [7.6, 24.84087, 2.2],
			"to": [9.3, 25.15913, 3.8],
			"rotation": {"angle": -22.5, "axis": "x", "origin": [7.9, 25, 3]},
			"color": 1,
			"faces": {
				"north": {"uv": [0, 0, 1, 1], "texture": "#missing"},
				"east": {"uv": [0, 0, 1, 1], "texture": "#missing"},
				"south": {"uv": [0, 0, 1, 1], "texture": "#missing"},
				"west": {"uv": [0, 0, 1, 1], "texture": "#missing"},
				"up": {"uv": [0, 0, 1, 1], "texture": "#missing"},
				"down": {"uv": [0, 0, 1, 1], "texture": "#missing"}
			}
		},
		{
			"name": "hexadecagon",
			"from": [7.6, 24.84087, 2.2],
			"to": [9.3, 25.15913, 3.8],
			"rotation": {"angle": 0, "axis": "x", "origin": [7.9, 25, 3]},
			"color": 0,
			"faces": {
				"north": {"uv": [0, 0, 1, 1], "texture": "#missing"},
				"east": {"uv": [0, 0, 1, 1], "texture": "#missing"},
				"south": {"uv": [0, 0, 1, 1], "texture": "#missing"},
				"west": {"uv": [0, 0, 1, 1], "texture": "#missing"},
				"up": {"uv": [0, 0, 1, 1], "texture": "#missing"},
				"down": {"uv": [0, 0, 1, 1], "texture": "#missing"}
			}
		},
		{
			"name": "hexadecagon",
			"from": [7.6, 24.84087, 2.2],
			"to": [9.3, 25.15913, 3.8],
			"rotation": {"angle": 22.5, "axis": "x", "origin": [7.9, 25, 3]},
			"color": 7,
			"faces": {
				"north": {"uv": [0, 0, 1, 1], "texture": "#missing"},
				"east": {"uv": [0, 0, 1, 1], "texture": "#missing"},
				"south": {"uv": [0, 0, 1, 1], "texture": "#missing"},
				"west": {"uv": [0, 0, 1, 1], "texture": "#missing"},
				"up": {"uv": [0, 0, 1, 1], "texture": "#missing"},
				"down": {"uv": [0, 0, 1, 1], "texture": "#missing"}
			}
		},
		{
			"name": "hexadecagon",
			"from": [7.6, 24.84087, 2.2],
			"to": [9.3, 25.15913, 3.8],
			"rotation": {"angle": 45, "axis": "x", "origin": [7.9, 25, 3]},
			"color": 0,
			"faces": {
				"north": {"uv": [0, 0, 1, 1], "texture": "#missing"},
				"east": {"uv": [0, 0, 1, 1], "texture": "#missing"},
				"south": {"uv": [0, 0, 1, 1], "texture": "#missing"},
				"west": {"uv": [0, 0, 1, 1], "texture": "#missing"},
				"up": {"uv": [0, 0, 1, 1], "texture": "#missing"},
				"down": {"uv": [0, 0, 1, 1], "texture": "#missing"}
			}
		},
		{
			"name": "hexadecagon",
			"from": [7.6, 24.2, 2.84087],
			"to": [9.3, 25.8, 3.15913],
			"rotation": {"angle": -22.5, "axis": "x", "origin": [7.9, 25, 3]},
			"color": 2,
			"faces": {
				"north": {"uv": [0, 0, 1, 1], "texture": "#missing"},
				"east": {"uv": [0, 0, 1, 1], "texture": "#missing"},
				"south": {"uv": [0, 0, 1, 1], "texture": "#missing"},
				"west": {"uv": [0, 0, 1, 1], "texture": "#missing"},
				"up": {"uv": [0, 0, 1, 1], "texture": "#missing"},
				"down": {"uv": [0, 0, 1, 1], "texture": "#missing"}
			}
		},
		{
			"name": "hexadecagon",
			"from": [7.6, 24.2, 2.84087],
			"to": [9.3, 25.8, 3.15913],
			"rotation": {"angle": 0, "axis": "x", "origin": [7.9, 25, 3]},
			"color": 1,
			"faces": {
				"north": {"uv": [0, 0, 1, 1], "texture": "#missing"},
				"east": {"uv": [0, 0, 1, 1], "texture": "#missing"},
				"south": {"uv": [0, 0, 1, 1], "texture": "#missing"},
				"west": {"uv": [0, 0, 1, 1], "texture": "#missing"},
				"up": {"uv": [0, 0, 1, 1], "texture": "#missing"},
				"down": {"uv": [0, 0, 1, 1], "texture": "#missing"}
			}
		},
		{
			"name": "hexadecagon",
			"from": [7.6, 24.2, 2.84087],
			"to": [9.3, 25.8, 3.15913],
			"rotation": {"angle": 22.5, "axis": "x", "origin": [7.9, 25, 3]},
			"color": 2,
			"faces": {
				"north": {"uv": [0, 0, 1, 1], "texture": "#missing"},
				"east": {"uv": [0, 0, 1, 1], "texture": "#missing"},
				"south": {"uv": [0, 0, 1, 1], "texture": "#missing"},
				"west": {"uv": [0, 0, 1, 1], "texture": "#missing"},
				"up": {"uv": [0, 0, 1, 1], "texture": "#missing"},
				"down": {"uv": [0, 0, 1, 1], "texture": "#missing"}
			}
		}
	],
	"display": {
		"thirdperson_righthand": {
			"translation": [0, 2.25, 1],
			"scale": [0.5, 0.5, 0.5]
		},
		"thirdperson_lefthand": {
			"translation": [0, 2.25, 1],
			"scale": [0.5, 0.5, 0.5]
		},
		"firstperson_righthand": {
			"rotation": [20, 0, 0],
			"scale": [0.5, 0.5, 0.5]
		},
		"firstperson_lefthand": {
			"rotation": [20, 0, 0],
			"scale": [0.5, 0.5, 0.5]
		},
		"ground": {
			"rotation": [0, 0, 90],
			"scale": [0.5, 0.5, 0.5]
		},
		"gui": {
			"rotation": [90, -45, 90],
			"translation": [0, -1.25, -1],
			"scale": [0.5, 0.5, 0.5]
		},
		"head": {
			"rotation": [-90, 0, 0],
			"translation": [0, 12.75, 13.25]
		},
		"fixed": {
			"rotation": [90, -45, 90],
			"translation": [0, -1.25, -1],
			"scale": [0.5, 0.5, 0.5]
		}
	},
	"groups": [
		{
			"name": "group",
			"origin": [8, 8, 8],
			"color": 0,
			"children": [0, 1, 2, 3, 4, 5, 6, 7]
		},
		{
			"name": "group",
			"origin": [15.5, 29.4799, 14.03015],
			"color": 0,
			"children": [8, 9, 10,
				{
					"name": "group",
					"origin": [8.6, 23.9799, -2.46985],
					"color": 0,
					"children": [11, 12, 13, 14, 15, 16, 17, 18, 19, 20, 21, 22, 23]
				}
			]
		},
		{
			"name": "group",
			"origin": [15.5, 22.4799, 17.43015],
			"color": 0,
			"children": [24, 25, 26, 27, 28, 29, 30, 31, 32, 33, 34, 35, 36, 37, 38, 39, 40, 41, 42]
		},
		{
			"name": "group",
			"origin": [15.5, 29.24003, 7.18135],
			"color": 0,
			"children": [43, 44, 45, 46, 47]
		},
		{
			"name": "hexadecagon",
			"origin": [8, 8, 8],
			"color": 0,
			"children": [48, 49, 50, 51, 52, 53, 54, 55]
		},
		{
			"name": "group",
			"origin": [15.5, 22.4799, 17.43015],
			"color": 0,
			"children": [56, 57, 58, 59, 60, 61, 62, 63, 64, 65, 66, 67, 68, 69, 70]
		},
		{
			"name": "hexadecagon",
			"origin": [8, 8, 8],
			"color": 0,
			"children": [71, 72, 73, 74, 75, 76, 77, 78]
		}
	]
}