{
	"credit": "Made with Blockbench",
	"texture_size": [32, 32],
	"textures": {
		"1": "items/eyama/bh2",
		"2": "items/eyama/hma",
		"particle": "items/eyama/hma"
	},
	"elements": [
		{
			"name": "hexadecagon",
			"from": [7.70163, -15.5, 6.5],
			"to": [8.29837, -13.5, 9.5],
			"rotation": {"angle": -45, "axis": "y", "origin": [8, -13, 8]},
			"faces": {
				"north": {"uv": [0, 0, 0.5, 0.5], "texture": "#1"},
				"east": {"uv": [0, 0, 0.5, 0.5], "texture": "#1"},
				"south": {"uv": [0, 0, 0.5, 0.5], "texture": "#1"},
				"west": {"uv": [0, 0, 0.5, 0.5], "texture": "#1"},
				"up": {"uv": [0, 0, 0.5, 0.5], "texture": "#1"},
				"down": {"uv": [0, 0, 0.5, 0.5], "texture": "#1"}
			}
		},
		{
			"name": "hexadecagon",
			"from": [7.70163, -15.5, 6.5],
			"to": [8.29837, -13.5, 9.5],
			"rotation": {"angle": -22.5, "axis": "y", "origin": [8, -13, 8]},
			"faces": {
				"north": {"uv": [0, 0, 0.5, 0.5], "texture": "#1"},
				"east": {"uv": [0, 0, 0.5, 0.5], "texture": "#1"},
				"south": {"uv": [0, 0, 0.5, 0.5], "texture": "#1"},
				"west": {"uv": [0, 0, 0.5, 0.5], "texture": "#1"},
				"up": {"uv": [0, 0, 0.5, 0.5], "texture": "#1"},
				"down": {"uv": [0, 0, 0.5, 0.5], "texture": "#1"}
			}
		},
		{
			"name": "hexadecagon",
			"from": [7.70163, -15.5, 6.5],
			"to": [8.29837, -13.5, 9.5],
			"rotation": {"angle": 0, "axis": "y", "origin": [8, -13, 8]},
			"faces": {
				"north": {"uv": [0, 0, 0.5, 0.5], "texture": "#1"},
				"east": {"uv": [0, 0, 0.5, 0.5], "texture": "#1"},
				"south": {"uv": [0, 0, 0.5, 0.5], "texture": "#1"},
				"west": {"uv": [0, 0, 0.5, 0.5], "texture": "#1"},
				"up": {"uv": [0, 0, 0.5, 0.5], "texture": "#1"},
				"down": {"uv": [0, 0, 0.5, 0.5], "texture": "#1"}
			}
		},
		{
			"name": "hexadecagon",
			"from": [7.70163, -15.5, 6.5],
			"to": [8.29837, -13.5, 9.5],
			"rotation": {"angle": 22.5, "axis": "y", "origin": [8, -13, 8]},
			"faces": {
				"north": {"uv": [0, 0, 0.5, 0.5], "texture": "#1"},
				"east": {"uv": [0, 0, 0.5, 0.5], "texture": "#1"},
				"south": {"uv": [0, 0, 0.5, 0.5], "texture": "#1"},
				"west": {"uv": [0, 0, 0.5, 0.5], "texture": "#1"},
				"up": {"uv": [0, 0, 0.5, 0.5], "texture": "#1"},
				"down": {"uv": [0, 0, 0.5, 0.5], "texture": "#1"}
			}
		},
		{
			"name": "hexadecagon",
			"from": [7.70163, -15.5, 6.5],
			"to": [8.29837, -13.5, 9.5],
			"rotation": {"angle": 45, "axis": "y", "origin": [8, -13, 8]},
			"faces": {
				"north": {"uv": [0, 0, 0.5, 0.5], "texture": "#1"},
				"east": {"uv": [0, 0, 0.5, 0.5], "texture": "#1"},
				"south": {"uv": [0, 0, 0.5, 0.5], "texture": "#1"},
				"west": {"uv": [0, 0, 0.5, 0.5], "texture": "#1"},
				"up": {"uv": [0, 0, 0.5, 0.5], "texture": "#1"},
				"down": {"uv": [0, 0, 0.5, 0.5], "texture": "#1"}
			}
		},
		{
			"name": "hexadecagon",
			"from": [6.5, -15.5, 7.70163],
			"to": [9.5, -13.5, 8.29837],
			"rotation": {"angle": -22.5, "axis": "y", "origin": [8, -13, 8]},
			"faces": {
				"north": {"uv": [0, 0, 0.5, 0.5], "texture": "#1"},
				"east": {"uv": [0, 0, 0.5, 0.5], "texture": "#1"},
				"south": {"uv": [0, 0, 0.5, 0.5], "texture": "#1"},
				"west": {"uv": [0, 0, 0.5, 0.5], "texture": "#1"},
				"up": {"uv": [0, 0, 0.5, 0.5], "texture": "#1"},
				"down": {"uv": [0, 0, 0.5, 0.5], "texture": "#1"}
			}
		},
		{
			"name": "hexadecagon",
			"from": [6.5, -15.5, 7.70163],
			"to": [9.5, -13.5, 8.29837],
			"rotation": {"angle": 0, "axis": "y", "origin": [8, -13, 8]},
			"faces": {
				"north": {"uv": [0, 0, 0.5, 0.5], "texture": "#1"},
				"east": {"uv": [0, 0, 0.5, 0.5], "texture": "#1"},
				"south": {"uv": [0, 0, 0.5, 0.5], "texture": "#1"},
				"west": {"uv": [0, 0, 0.5, 0.5], "texture": "#1"},
				"up": {"uv": [0, 0, 0.5, 0.5], "texture": "#1"},
				"down": {"uv": [0, 0, 0.5, 0.5], "texture": "#1"}
			}
		},
		{
			"name": "hexadecagon",
			"from": [6.5, -15.5, 7.70163],
			"to": [9.5, -13.5, 8.29837],
			"rotation": {"angle": 22.5, "axis": "y", "origin": [8, -13, 8]},
			"faces": {
				"north": {"uv": [0, 0, 0.5, 0.5], "texture": "#1"},
				"east": {"uv": [0, 0, 0.5, 0.5], "texture": "#1"},
				"south": {"uv": [0, 0, 0.5, 0.5], "texture": "#1"},
				"west": {"uv": [0, 0, 0.5, 0.5], "texture": "#1"},
				"up": {"uv": [0, 0, 0.5, 0.5], "texture": "#1"},
				"down": {"uv": [0, 0, 0.5, 0.5], "texture": "#1"}
			}
		},
		{
			"name": "hexadecagon",
			"from": [7.80109, -13.5, 7],
			"to": [8.19891, -3.5, 9],
			"rotation": {"angle": -45, "axis": "y", "origin": [8, -10, 8]},
			"faces": {
				"north": {"uv": [9, 3.5, 11, 6.5], "texture": "#1"},
				"east": {"uv": [9, 3.5, 11, 6.5], "texture": "#1"},
				"south": {"uv": [9, 3.5, 11, 6.5], "texture": "#1"},
				"west": {"uv": [9, 3.5, 11, 6.5], "texture": "#1"},
				"up": {"uv": [9, 3.5, 11, 6.5], "texture": "#1"},
				"down": {"uv": [9, 3.5, 11, 6.5], "texture": "#1"}
			}
		},
		{
			"name": "hexadecagon",
			"from": [7.80109, -13.5, 7],
			"to": [8.19891, -3.5, 9],
			"rotation": {"angle": -22.5, "axis": "y", "origin": [8, -10, 8]},
			"faces": {
				"north": {"uv": [9, 3.5, 11, 6.5], "texture": "#1"},
				"east": {"uv": [9, 3.5, 11, 6.5], "texture": "#1"},
				"south": {"uv": [9, 3.5, 11, 6.5], "texture": "#1"},
				"west": {"uv": [9, 3.5, 11, 6.5], "texture": "#1"},
				"up": {"uv": [9, 3.5, 11, 6.5], "texture": "#1"},
				"down": {"uv": [9, 3.5, 11, 6.5], "texture": "#1"}
			}
		},
		{
			"name": "hexadecagon",
			"from": [7.80109, -13.5, 7],
			"to": [8.19891, -3.5, 9],
			"rotation": {"angle": 0, "axis": "y", "origin": [8, -10, 8]},
			"faces": {
				"north": {"uv": [9, 3.5, 11, 6.5], "texture": "#1"},
				"east": {"uv": [9, 3.5, 11, 6.5], "texture": "#1"},
				"south": {"uv": [9, 3.5, 11, 6.5], "texture": "#1"},
				"west": {"uv": [9, 3.5, 11, 6.5], "texture": "#1"},
				"up": {"uv": [9, 3.5, 11, 6.5], "texture": "#1"},
				"down": {"uv": [9, 3.5, 11, 6.5], "texture": "#1"}
			}
		},
		{
			"name": "hexadecagon",
			"from": [7.80109, -13.5, 7],
			"to": [8.19891, -3.5, 9],
			"rotation": {"angle": 22.5, "axis": "y", "origin": [8, -10, 8]},
			"faces": {
				"north": {"uv": [9, 3.5, 11, 6.5], "texture": "#1"},
				"east": {"uv": [9, 3.5, 11, 6.5], "texture": "#1"},
				"south": {"uv": [9, 3.5, 11, 6.5], "texture": "#1"},
				"west": {"uv": [9, 3.5, 11, 6.5], "texture": "#1"},
				"up": {"uv": [9, 3.5, 11, 6.5], "texture": "#1"},
				"down": {"uv": [9, 3.5, 11, 6.5], "texture": "#1"}
			}
		},
		{
			"name": "hexadecagon",
			"from": [7.80109, -13.5, 7],
			"to": [8.19891, -3.5, 9],
			"rotation": {"angle": 45, "axis": "y", "origin": [8, -10, 8]},
			"faces": {
				"north": {"uv": [9, 3.5, 11, 6.5], "texture": "#1"},
				"east": {"uv": [9, 3.5, 11, 6.5], "texture": "#1"},
				"south": {"uv": [9, 3.5, 11, 6.5], "texture": "#1"},
				"west": {"uv": [9, 3.5, 11, 6.5], "texture": "#1"},
				"up": {"uv": [9, 3.5, 11, 6.5], "texture": "#1"},
				"down": {"uv": [9, 3.5, 11, 6.5], "texture": "#1"}
			}
		},
		{
			"name": "hexadecagon",
			"from": [7, -13.5, 7.80109],
			"to": [9, -3.5, 8.19891],
			"rotation": {"angle": -22.5, "axis": "y", "origin": [8, -10, 8]},
			"faces": {
				"north": {"uv": [9, 3.5, 11, 6.5], "texture": "#1"},
				"east": {"uv": [9, 3.5, 11, 6.5], "texture": "#1"},
				"south": {"uv": [9, 3.5, 11, 6.5], "texture": "#1"},
				"west": {"uv": [9, 3.5, 11, 6.5], "texture": "#1"},
				"up": {"uv": [9, 3.5, 11, 6.5], "texture": "#1"},
				"down": {"uv": [9, 3.5, 11, 6.5], "texture": "#1"}
			}
		},
		{
			"name": "hexadecagon",
			"from": [7, -13.5, 7.80109],
			"to": [9, -3.5, 8.19891],
			"rotation": {"angle": 0, "axis": "y", "origin": [8, -10, 8]},
			"faces": {
				"north": {"uv": [9, 3.5, 11, 6.5], "texture": "#1"},
				"east": {"uv": [9, 3.5, 11, 6.5], "texture": "#1"},
				"south": {"uv": [9, 3.5, 11, 6.5], "texture": "#1"},
				"west": {"uv": [9, 3.5, 11, 6.5], "texture": "#1"},
				"up": {"uv": [9, 3.5, 11, 6.5], "texture": "#1"},
				"down": {"uv": [9, 3.5, 11, 6.5], "texture": "#1"}
			}
		},
		{
			"name": "hexadecagon",
			"from": [7, -13.5, 7.80109],
			"to": [9, -3.5, 8.19891],
			"rotation": {"angle": 22.5, "axis": "y", "origin": [8, -10, 8]},
			"faces": {
				"north": {"uv": [9, 3.5, 11, 6.5], "texture": "#1"},
				"east": {"uv": [9, 3.5, 11, 6.5], "texture": "#1"},
				"south": {"uv": [9, 3.5, 11, 6.5], "texture": "#1"},
				"west": {"uv": [9, 3.5, 11, 6.5], "texture": "#1"},
				"up": {"uv": [9, 3.5, 11, 6.5], "texture": "#1"},
				"down": {"uv": [9, 3.5, 11, 6.5], "texture": "#1"}
			}
		},
		{
			"name": "hexadecagon",
			"from": [7.84087, -3.5, 7.2],
			"to": [8.15913, 30, 8.8],
			"rotation": {"angle": -45, "axis": "y", "origin": [8, 0, 8]},
			"faces": {
				"north": {"uv": [13, 3.5, 14.5, 5.5], "texture": "#1"},
				"east": {"uv": [13, 3.5, 14.5, 5.5], "texture": "#1"},
				"south": {"uv": [13, 3.5, 14.5, 5.5], "texture": "#1"},
				"west": {"uv": [13, 3.5, 14.5, 5.5], "texture": "#1"},
				"up": {"uv": [13, 3.5, 14.5, 5.5], "texture": "#1"},
				"down": {"uv": [13, 3.5, 14.5, 5.5], "texture": "#1"}
			}
		},
		{
			"name": "hexadecagon",
			"from": [7.84087, -3.5, 7.2],
			"to": [8.15913, 30, 8.8],
			"rotation": {"angle": -22.5, "axis": "y", "origin": [8, 0, 8]},
			"faces": {
				"north": {"uv": [13, 3.5, 14.5, 5.5], "texture": "#1"},
				"east": {"uv": [13, 3.5, 14.5, 5.5], "texture": "#1"},
				"south": {"uv": [13, 3.5, 14.5, 5.5], "texture": "#1"},
				"west": {"uv": [13, 3.5, 14.5, 5.5], "texture": "#1"},
				"up": {"uv": [13, 3.5, 14.5, 5.5], "texture": "#1"},
				"down": {"uv": [13, 3.5, 14.5, 5.5], "texture": "#1"}
			}
		},
		{
			"name": "hexadecagon",
			"from": [7.84087, -3.5, 7.2],
			"to": [8.15913, 30, 8.8],
			"rotation": {"angle": 0, "axis": "y", "origin": [8, 0, 8]},
			"faces": {
				"north": {"uv": [13, 3.5, 14.5, 5.5], "texture": "#1"},
				"east": {"uv": [13, 3.5, 14.5, 5.5], "texture": "#1"},
				"south": {"uv": [13, 3.5, 14.5, 5.5], "texture": "#1"},
				"west": {"uv": [13, 3.5, 14.5, 5.5], "texture": "#1"},
				"up": {"uv": [13, 3.5, 14.5, 5.5], "texture": "#1"},
				"down": {"uv": [13, 3.5, 14.5, 5.5], "texture": "#1"}
			}
		},
		{
			"name": "hexadecagon",
			"from": [7.84087, -3.5, 7.2],
			"to": [8.15913, 30, 8.8],
			"rotation": {"angle": 22.5, "axis": "y", "origin": [8, 0, 8]},
			"faces": {
				"north": {"uv": [13, 3.5, 14.5, 5.5], "texture": "#1"},
				"east": {"uv": [13, 3.5, 14.5, 5.5], "texture": "#1"},
				"south": {"uv": [13, 3.5, 14.5, 5.5], "texture": "#1"},
				"west": {"uv": [13, 3.5, 14.5, 5.5], "texture": "#1"},
				"up": {"uv": [13, 3.5, 14.5, 5.5], "texture": "#1"},
				"down": {"uv": [13, 3.5, 14.5, 5.5], "texture": "#1"}
			}
		},
		{
			"name": "hexadecagon",
			"from": [7.84087, -3.5, 7.2],
			"to": [8.15913, 30, 8.8],
			"rotation": {"angle": 45, "axis": "y", "origin": [8, 0, 8]},
			"faces": {
				"north": {"uv": [13, 3.5, 14.5, 5.5], "texture": "#1"},
				"east": {"uv": [13, 3.5, 14.5, 5.5], "texture": "#1"},
				"south": {"uv": [13, 3.5, 14.5, 5.5], "texture": "#1"},
				"west": {"uv": [13, 3.5, 14.5, 5.5], "texture": "#1"},
				"up": {"uv": [13, 3.5, 14.5, 5.5], "texture": "#1"},
				"down": {"uv": [13, 3.5, 14.5, 5.5], "texture": "#1"}
			}
		},
		{
			"name": "hexadecagon",
			"from": [7.2, -3.5, 7.84087],
			"to": [8.8, 30, 8.15913],
			"rotation": {"angle": -22.5, "axis": "y", "origin": [8, 0, 8]},
			"faces": {
				"north": {"uv": [13, 3.5, 14.5, 5.5], "texture": "#1"},
				"east": {"uv": [13, 3.5, 14.5, 5.5], "texture": "#1"},
				"south": {"uv": [13, 3.5, 14.5, 5.5], "texture": "#1"},
				"west": {"uv": [13, 3.5, 14.5, 5.5], "texture": "#1"},
				"up": {"uv": [13, 3.5, 14.5, 5.5], "texture": "#1"},
				"down": {"uv": [13, 3.5, 14.5, 5.5], "texture": "#1"}
			}
		},
		{
			"name": "hexadecagon",
			"from": [7.2, -3.5, 7.84087],
			"to": [8.8, 30, 8.15913],
			"rotation": {"angle": 0, "axis": "y", "origin": [8, 0, 8]},
			"faces": {
				"north": {"uv": [13, 3.5, 14.5, 5.5], "texture": "#1"},
				"east": {"uv": [13, 3.5, 14.5, 5.5], "texture": "#1"},
				"south": {"uv": [13, 3.5, 14.5, 5.5], "texture": "#1"},
				"west": {"uv": [13, 3.5, 14.5, 5.5], "texture": "#1"},
				"up": {"uv": [13, 3.5, 14.5, 5.5], "texture": "#1"},
				"down": {"uv": [13, 3.5, 14.5, 5.5], "texture": "#1"}
			}
		},
		{
			"name": "hexadecagon",
			"from": [7.2, -3.5, 7.84087],
			"to": [8.8, 30, 8.15913],
			"rotation": {"angle": 22.5, "axis": "y", "origin": [8, 0, 8]},
			"faces": {
				"north": {"uv": [13, 3.5, 14.5, 5.5], "texture": "#1"},
				"east": {"uv": [13, 3.5, 14.5, 5.5], "texture": "#1"},
				"south": {"uv": [13, 3.5, 14.5, 5.5], "texture": "#1"},
				"west": {"uv": [13, 3.5, 14.5, 5.5], "texture": "#1"},
				"up": {"uv": [13, 3.5, 14.5, 5.5], "texture": "#1"},
				"down": {"uv": [13, 3.5, 14.5, 5.5], "texture": "#1"}
			}
		},
		{
			"name": "hexadecagon",
			"from": [7.70163, 27.5, 6.5],
			"to": [8.29837, 29.5, 9.5],
			"rotation": {"angle": -45, "axis": "y", "origin": [8, 30, 8]},
			"faces": {
				"north": {"uv": [0, 0, 0.5, 0.5], "texture": "#1"},
				"east": {"uv": [0, 0, 0.5, 0.5], "texture": "#1"},
				"south": {"uv": [0, 0, 0.5, 0.5], "texture": "#1"},
				"west": {"uv": [0, 0, 0.5, 0.5], "texture": "#1"},
				"up": {"uv": [0, 0, 0.5, 0.5], "texture": "#1"},
				"down": {"uv": [0, 0, 0.5, 0.5], "texture": "#1"}
			}
		},
		{
			"name": "hexadecagon",
			"from": [7.70163, 27.5, 6.5],
			"to": [8.29837, 29.5, 9.5],
			"rotation": {"angle": -22.5, "axis": "y", "origin": [8, 30, 8]},
			"faces": {
				"north": {"uv": [0, 0, 0.5, 0.5], "texture": "#1"},
				"east": {"uv": [0, 0, 0.5, 0.5], "texture": "#1"},
				"south": {"uv": [0, 0, 0.5, 0.5], "texture": "#1"},
				"west": {"uv": [0, 0, 0.5, 0.5], "texture": "#1"},
				"up": {"uv": [0, 0, 0.5, 0.5], "texture": "#1"},
				"down": {"uv": [0, 0, 0.5, 0.5], "texture": "#1"}
			}
		},
		{
			"name": "hexadecagon",
			"from": [7.70163, 27.5, 6.5],
			"to": [8.29837, 29.5, 9.5],
			"rotation": {"angle": 0, "axis": "y", "origin": [8, 30, 8]},
			"faces": {
				"north": {"uv": [0, 0, 0.5, 0.5], "texture": "#1"},
				"east": {"uv": [0, 0, 0.5, 0.5], "texture": "#1"},
				"south": {"uv": [0, 0, 0.5, 0.5], "texture": "#1"},
				"west": {"uv": [0, 0, 0.5, 0.5], "texture": "#1"},
				"up": {"uv": [0, 0, 0.5, 0.5], "texture": "#1"},
				"down": {"uv": [0, 0, 0.5, 0.5], "texture": "#1"}
			}
		},
		{
			"name": "hexadecagon",
			"from": [7.70163, 27.5, 6.5],
			"to": [8.29837, 29.5, 9.5],
			"rotation": {"angle": 22.5, "axis": "y", "origin": [8, 30, 8]},
			"faces": {
				"north": {"uv": [0, 0, 0.5, 0.5], "texture": "#1"},
				"east": {"uv": [0, 0, 0.5, 0.5], "texture": "#1"},
				"south": {"uv": [0, 0, 0.5, 0.5], "texture": "#1"},
				"west": {"uv": [0, 0, 0.5, 0.5], "texture": "#1"},
				"up": {"uv": [0, 0, 0.5, 0.5], "texture": "#1"},
				"down": {"uv": [0, 0, 0.5, 0.5], "texture": "#1"}
			}
		},
		{
			"name": "hexadecagon",
			"from": [7.70163, 27.5, 6.5],
			"to": [8.29837, 29.5, 9.5],
			"rotation": {"angle": 45, "axis": "y", "origin": [8, 30, 8]},
			"faces": {
				"north": {"uv": [0, 0, 0.5, 0.5], "texture": "#1"},
				"east": {"uv": [0, 0, 0.5, 0.5], "texture": "#1"},
				"south": {"uv": [0, 0, 0.5, 0.5], "texture": "#1"},
				"west": {"uv": [0, 0, 0.5, 0.5], "texture": "#1"},
				"up": {"uv": [0, 0, 0.5, 0.5], "texture": "#1"},
				"down": {"uv": [0, 0, 0.5, 0.5], "texture": "#1"}
			}
		},
		{
			"name": "hexadecagon",
			"from": [6.5, 27.5, 7.70163],
			"to": [9.5, 29.5, 8.29837],
			"rotation": {"angle": -22.5, "axis": "y", "origin": [8, 30, 8]},
			"faces": {
				"north": {"uv": [0, 0, 0.5, 0.5], "texture": "#1"},
				"east": {"uv": [0, 0, 0.5, 0.5], "texture": "#1"},
				"south": {"uv": [0, 0, 0.5, 0.5], "texture": "#1"},
				"west": {"uv": [0, 0, 0.5, 0.5], "texture": "#1"},
				"up": {"uv": [0, 0, 0.5, 0.5], "texture": "#1"},
				"down": {"uv": [0, 0, 0.5, 0.5], "texture": "#1"}
			}
		},
		{
			"name": "hexadecagon",
			"from": [6.5, 27.5, 7.70163],
			"to": [9.5, 29.5, 8.29837],
			"rotation": {"angle": 0, "axis": "y", "origin": [8, 30, 8]},
			"faces": {
				"north": {"uv": [0, 0, 0.5, 0.5], "texture": "#1"},
				"east": {"uv": [0, 0, 0.5, 0.5], "texture": "#1"},
				"south": {"uv": [0, 0, 0.5, 0.5], "texture": "#1"},
				"west": {"uv": [0, 0, 0.5, 0.5], "texture": "#1"},
				"up": {"uv": [0, 0, 0.5, 0.5], "texture": "#1"},
				"down": {"uv": [0, 0, 0.5, 0.5], "texture": "#1"}
			}
		},
		{
			"name": "hexadecagon",
			"from": [6.5, 27.5, 7.70163],
			"to": [9.5, 29.5, 8.29837],
			"rotation": {"angle": 22.5, "axis": "y", "origin": [8, 30, 8]},
			"faces": {
				"north": {"uv": [0, 0, 0.5, 0.5], "texture": "#1"},
				"east": {"uv": [0, 0, 0.5, 0.5], "texture": "#1"},
				"south": {"uv": [0, 0, 0.5, 0.5], "texture": "#1"},
				"west": {"uv": [0, 0, 0.5, 0.5], "texture": "#1"},
				"up": {"uv": [0, 0, 0.5, 0.5], "texture": "#1"},
				"down": {"uv": [0, 0, 0.5, 0.5], "texture": "#1"}
			}
		},
		{
			"from": [13.5, 18, 2],
			"to": [17.5, 30, 14],
			"rotation": {"angle": 0, "axis": "y", "origin": [8, 24, 17]},
			"faces": {
				"north": {"uv": [0, 0, 6, 6], "texture": "#2"},
				"east": {"uv": [0, 0, 6, 6], "texture": "#2"},
				"south": {"uv": [0, 0, 6, 6], "texture": "#2"},
				"west": {"uv": [0, 0, 6, 6], "texture": "#2"},
				"up": {"uv": [0, 0, 6, 6], "texture": "#2"},
				"down": {"uv": [0, 0, 6, 6], "texture": "#2"}
			}
		},
		{
			"from": [4.5, 20, 3.5],
			"to": [13.5, 28, 12.5],
			"rotation": {"angle": 0, "axis": "y", "origin": [8, 24, 9.5]},
			"faces": {
				"north": {"uv": [9.5, 5, 11, 9], "texture": "#2"},
				"east": {"uv": [9.5, 5, 11, 9], "rotation": 180, "texture": "#2"},
				"south": {"uv": [9.5, 5, 11, 9], "rotation": 180, "texture": "#2"},
				"west": {"uv": [10.5, 5, 12, 9], "rotation": 180, "texture": "#2"},
				"up": {"uv": [9.5, 5, 11, 9], "rotation": 180, "texture": "#2"},
				"down": {"uv": [9.5, 5, 11, 9], "rotation": 180, "texture": "#2"}
			}
		},
		{
			"from": [-0.27687, 21.85091, 4.5],
			"to": [5.72313, 26.85091, 11.5],
			"rotation": {"angle": 22.5, "axis": "z", "origin": [2.22313, 24.35091, 8.5]},
			"faces": {
				"north": {"uv": [11, 7.5, 12.5, 10], "texture": "#2"},
				"east": {"uv": [11, 7.5, 12.5, 10], "texture": "#2"},
				"south": {"uv": [11, 7.5, 12.5, 10], "texture": "#2"},
				"west": {"uv": [11, 7.5, 12.5, 10], "texture": "#2"},
				"up": {"uv": [11, 7.5, 12.5, 10], "texture": "#2"},
				"down": {"uv": [11, 7.5, 12.5, 10], "texture": "#2"}
			}
		},
		{
			"from": [-3.39683, 20.31481, 5.5],
			"to": [1.60317, 24.31481, 10.5],
			"rotation": {"angle": 45, "axis": "z", "origin": [-1.39683, 21.81481, 8]},
			"faces": {
				"north": {"uv": [11, 7.5, 12.5, 10], "texture": "#2"},
				"east": {"uv": [11, 7.5, 12.5, 10], "texture": "#2"},
				"south": {"uv": [11, 7.5, 12.5, 10], "texture": "#2"},
				"west": {"uv": [11, 7.5, 12.5, 10], "texture": "#2"},
				"up": {"uv": [11, 7.5, 12.5, 10], "texture": "#2"},
				"down": {"uv": [11, 7.5, 12.5, 10], "texture": "#2"}
			}
		},
		{
			"from": [-5.91716, 17.44002, 6.5],
			"to": [-2.91716, 21.44002, 9.5],
			"rotation": {"angle": -22.5, "axis": "z", "origin": [-3.41716, 18.44002, 7]},
			"faces": {
				"north": {"uv": [11.5, 8.5, 13.5, 10], "texture": "#2"},
				"east": {"uv": [11.5, 8.5, 13.5, 10], "texture": "#2"},
				"south": {"uv": [11.5, 8.5, 13.5, 10], "texture": "#2"},
				"west": {"uv": [11.5, 8.5, 13.5, 10], "texture": "#2"},
				"up": {"uv": [11.5, 8.5, 13.5, 10], "texture": "#2"},
				"down": {"uv": [11.5, 8.5, 13.5, 10], "texture": "#2"}
			}
		}
	],
	"display": {
		"thirdperson_righthand": {
			"rotation": [0, 90, 0],
			"translation": [0, 6.25, 0.75],
			"scale": [0.5, 0.5, 0.5]
		},
		"thirdperson_lefthand": {
			"rotation": [0, -90, 0],
			"translation": [0, 6.25, 0.75],
			"scale": [0.5, 0.5, 0.5]
		},
		"firstperson_righthand": {
			"rotation": [25.5, 105, 0],
			"translation": [0, 3.5, 0],
			"scale": [0.3, 0.4, 0.3]
		},
		"firstperson_lefthand": {
			"rotation": [25.5, -85, 0],
			"translation": [0, 3.5, 0],
			"scale": [0.3, 0.4, 0.3]
		},
		"ground": {
			"rotation": [90, 0, 90],
			"scale": [0.5, 0.5, 0.5]
		},
		"gui": {
			"rotation": [-180, 0, 131.5],
			"translation": [0.5, 0, -1.75],
			"scale": [0.5, 0.5, 0.5]
		},
		"head": {
			"rotation": [-2.25, 90, 0]
		},
		"fixed": {
			"rotation": [-180, 0, 131.5],
			"translation": [0.5, -1.25, -4.75],
			"scale": [0.5, 0.5, 0.5]
		}
	},
	"groups": [
		{
			"name": "hexadecagon",
			"origin": [8, 8, 8],
			"color": 0,
			"children": [0, 1, 2, 3, 4, 5, 6, 7]
		},
		{
			"name": "hexadecagon",
			"origin": [8, 8, 8],
			"color": 0,
			"children": [8, 9, 10, 11, 12, 13, 14, 15]
		},
		{
			"name": "hexadecagon",
			"origin": [8, 8, 8],
			"color": 0,
			"children": [16, 17, 18, 19, 20, 21, 22, 23]
		},
		{
			"name": "hexadecagon",
			"origin": [8, 8, 8],
			"color": 0,
			"children": [24, 25, 26, 27, 28, 29, 30, 31]
		},
		{
			"name": "group",
			"origin": [0, 0, 0],
			"color": 0,
			"children": [32, 33, 34, 35, 36]
		}
	]
}