{
	"credit": "Made with Blockbench",
	"elements": [
		{
			"name": "hexadecagon",
			"from": [11.60218, 0.5, 6],
			"to": [12.39782, 2.5, 10],
			"rotation": {"angle": -45, "axis": "y", "origin": [12, 3, 8]},
			"color": 2,
			"faces": {
				"north": {"uv": [0, 0, 1, 1], "texture": "#missing"},
				"east": {"uv": [0, 0, 1, 1], "texture": "#missing"},
				"south": {"uv": [0, 0, 1, 1], "texture": "#missing"},
				"west": {"uv": [0, 0, 1, 1], "texture": "#missing"},
				"up": {"uv": [0, 0, 1, 1], "texture": "#missing"},
				"down": {"uv": [0, 0, 1, 1], "texture": "#missing"}
			}
		},
		{
			"name": "hexadecagon",
			"from": [11.60218, 0.5, 6],
			"to": [12.39782, 2.5, 10],
			"rotation": {"angle": -22.5, "axis": "y", "origin": [12, 3, 8]},
			"color": 0,
			"faces": {
				"north": {"uv": [0, 0, 1, 1], "texture": "#missing"},
				"east": {"uv": [0, 0, 1, 1], "texture": "#missing"},
				"south": {"uv": [0, 0, 1, 1], "texture": "#missing"},
				"west": {"uv": [0, 0, 1, 1], "texture": "#missing"},
				"up": {"uv": [0, 0, 1, 1], "texture": "#missing"},
				"down": {"uv": [0, 0, 1, 1], "texture": "#missing"}
			}
		},
		{
			"name": "hexadecagon",
			"from": [11.60218, 0.5, 6],
			"to": [12.39782, 2.5, 10],
			"rotation": {"angle": 0, "axis": "y", "origin": [12, 3, 8]},
			"color": 1,
			"faces": {
				"north": {"uv": [0, 0, 1, 1], "texture": "#missing"},
				"east": {"uv": [0, 0, 1, 1], "texture": "#missing"},
				"south": {"uv": [0, 0, 1, 1], "texture": "#missing"},
				"west": {"uv": [0, 0, 1, 1], "texture": "#missing"},
				"up": {"uv": [0, 0, 1, 1], "texture": "#missing"},
				"down": {"uv": [0, 0, 1, 1], "texture": "#missing"}
			}
		},
		{
			"name": "hexadecagon",
			"from": [11.60218, 0.5, 6],
			"to": [12.39782, 2.5, 10],
			"rotation": {"angle": 22.5, "axis": "y", "origin": [12, 3, 8]},
			"color": 5,
			"faces": {
				"north": {"uv": [0, 0, 1, 1], "texture": "#missing"},
				"east": {"uv": [0, 0, 1, 1], "texture": "#missing"},
				"south": {"uv": [0, 0, 1, 1], "texture": "#missing"},
				"west": {"uv": [0, 0, 1, 1], "texture": "#missing"},
				"up": {"uv": [0, 0, 1, 1], "texture": "#missing"},
				"down": {"uv": [0, 0, 1, 1], "texture": "#missing"}
			}
		},
		{
			"name": "hexadecagon",
			"from": [11.60218, 0.5, 6],
			"to": [12.39782, 2.5, 10],
			"rotation": {"angle": 45, "axis": "y", "origin": [12, 3, 8]},
			"color": 2,
			"faces": {
				"north": {"uv": [0, 0, 1, 1], "texture": "#missing"},
				"east": {"uv": [0, 0, 1, 1], "texture": "#missing"},
				"south": {"uv": [0, 0, 1, 1], "texture": "#missing"},
				"west": {"uv": [0, 0, 1, 1], "texture": "#missing"},
				"up": {"uv": [0, 0, 1, 1], "texture": "#missing"},
				"down": {"uv": [0, 0, 1, 1], "texture": "#missing"}
			}
		},
		{
			"name": "hexadecagon",
			"from": [10, 0.5, 7.60218],
			"to": [14, 2.5, 8.39782],
			"rotation": {"angle": -22.5, "axis": "y", "origin": [12, 3, 8]},
			"color": 7,
			"faces": {
				"north": {"uv": [0, 0, 1, 1], "texture": "#missing"},
				"east": {"uv": [0, 0, 1, 1], "texture": "#missing"},
				"south": {"uv": [0, 0, 1, 1], "texture": "#missing"},
				"west": {"uv": [0, 0, 1, 1], "texture": "#missing"},
				"up": {"uv": [0, 0, 1, 1], "texture": "#missing"},
				"down": {"uv": [0, 0, 1, 1], "texture": "#missing"}
			}
		},
		{
			"name": "hexadecagon",
			"from": [10, 0.5, 7.60218],
			"to": [14, 2.5, 8.39782],
			"rotation": {"angle": 0, "axis": "y", "origin": [12, 3, 8]},
			"color": 1,
			"faces": {
				"north": {"uv": [0, 0, 1, 1], "texture": "#missing"},
				"east": {"uv": [0, 0, 1, 1], "texture": "#missing"},
				"south": {"uv": [0, 0, 1, 1], "texture": "#missing"},
				"west": {"uv": [0, 0, 1, 1], "texture": "#missing"},
				"up": {"uv": [0, 0, 1, 1], "texture": "#missing"},
				"down": {"uv": [0, 0, 1, 1], "texture": "#missing"}
			}
		},
		{
			"name": "hexadecagon",
			"from": [10, 0.5, 7.60218],
			"to": [14, 2.5, 8.39782],
			"rotation": {"angle": 22.5, "axis": "y", "origin": [12, 3, 8]},
			"color": 3,
			"faces": {
				"north": {"uv": [0, 0, 1, 1], "texture": "#missing"},
				"east": {"uv": [0, 0, 1, 1], "texture": "#missing"},
				"south": {"uv": [0, 0, 1, 1], "texture": "#missing"},
				"west": {"uv": [0, 0, 1, 1], "texture": "#missing"},
				"up": {"uv": [0, 0, 1, 1], "texture": "#missing"},
				"down": {"uv": [0, 0, 1, 1], "texture": "#missing"}
			}
		},
		{
			"name": "hexadecagon",
			"from": [11.80109, 2.5, 7],
			"to": [12.19891, 4.5, 9],
			"rotation": {"angle": -45, "axis": "y", "origin": [12, 5, 8]},
			"color": 7,
			"faces": {
				"north": {"uv": [0, 0, 1, 1], "texture": "#missing"},
				"east": {"uv": [0, 0, 1, 1], "texture": "#missing"},
				"south": {"uv": [0, 0, 1, 1], "texture": "#missing"},
				"west": {"uv": [0, 0, 1, 1], "texture": "#missing"},
				"up": {"uv": [0, 0, 1, 1], "texture": "#missing"},
				"down": {"uv": [0, 0, 1, 1], "texture": "#missing"}
			}
		},
		{
			"name": "hexadecagon",
			"from": [11.80109, 2.5, 7],
			"to": [12.19891, 4.5, 9],
			"rotation": {"angle": -22.5, "axis": "y", "origin": [12, 5, 8]},
			"color": 2,
			"faces": {
				"north": {"uv": [0, 0, 1, 1], "texture": "#missing"},
				"east": {"uv": [0, 0, 1, 1], "texture": "#missing"},
				"south": {"uv": [0, 0, 1, 1], "texture": "#missing"},
				"west": {"uv": [0, 0, 1, 1], "texture": "#missing"},
				"up": {"uv": [0, 0, 1, 1], "texture": "#missing"},
				"down": {"uv": [0, 0, 1, 1], "texture": "#missing"}
			}
		},
		{
			"name": "hexadecagon",
			"from": [11.80109, 2.5, 7],
			"to": [12.19891, 4.5, 9],
			"rotation": {"angle": 0, "axis": "y", "origin": [12, 5, 8]},
			"color": 2,
			"faces": {
				"north": {"uv": [0, 0, 1, 1], "texture": "#missing"},
				"east": {"uv": [0, 0, 1, 1], "texture": "#missing"},
				"south": {"uv": [0, 0, 1, 1], "texture": "#missing"},
				"west": {"uv": [0, 0, 1, 1], "texture": "#missing"},
				"up": {"uv": [0, 0, 1, 1], "texture": "#missing"},
				"down": {"uv": [0, 0, 1, 1], "texture": "#missing"}
			}
		},
		{
			"name": "hexadecagon",
			"from": [11.80109, 2.5, 7],
			"to": [12.19891, 4.5, 9],
			"rotation": {"angle": 22.5, "axis": "y", "origin": [12, 5, 8]},
			"color": 3,
			"faces": {
				"north": {"uv": [0, 0, 1, 1], "texture": "#missing"},
				"east": {"uv": [0, 0, 1, 1], "texture": "#missing"},
				"south": {"uv": [0, 0, 1, 1], "texture": "#missing"},
				"west": {"uv": [0, 0, 1, 1], "texture": "#missing"},
				"up": {"uv": [0, 0, 1, 1], "texture": "#missing"},
				"down": {"uv": [0, 0, 1, 1], "texture": "#missing"}
			}
		},
		{
			"name": "hexadecagon",
			"from": [11.80109, 2.5, 7],
			"to": [12.19891, 4.5, 9],
			"rotation": {"angle": 45, "axis": "y", "origin": [12, 5, 8]},
			"color": 3,
			"faces": {
				"north": {"uv": [0, 0, 1, 1], "texture": "#missing"},
				"east": {"uv": [0, 0, 1, 1], "texture": "#missing"},
				"south": {"uv": [0, 0, 1, 1], "texture": "#missing"},
				"west": {"uv": [0, 0, 1, 1], "texture": "#missing"},
				"up": {"uv": [0, 0, 1, 1], "texture": "#missing"},
				"down": {"uv": [0, 0, 1, 1], "texture": "#missing"}
			}
		},
		{
			"name": "hexadecagon",
			"from": [11, 2.5, 7.80109],
			"to": [13, 4.5, 8.19891],
			"rotation": {"angle": -22.5, "axis": "y", "origin": [12, 5, 8]},
			"color": 3,
			"faces": {
				"north": {"uv": [0, 0, 1, 1], "texture": "#missing"},
				"east": {"uv": [0, 0, 1, 1], "texture": "#missing"},
				"south": {"uv": [0, 0, 1, 1], "texture": "#missing"},
				"west": {"uv": [0, 0, 1, 1], "texture": "#missing"},
				"up": {"uv": [0, 0, 1, 1], "texture": "#missing"},
				"down": {"uv": [0, 0, 1, 1], "texture": "#missing"}
			}
		},
		{
			"name": "hexadecagon",
			"from": [11, 2.5, 7.80109],
			"to": [13, 4.5, 8.19891],
			"rotation": {"angle": 0, "axis": "y", "origin": [12, 5, 8]},
			"color": 1,
			"faces": {
				"north": {"uv": [0, 0, 1, 1], "texture": "#missing"},
				"east": {"uv": [0, 0, 1, 1], "texture": "#missing"},
				"south": {"uv": [0, 0, 1, 1], "texture": "#missing"},
				"west": {"uv": [0, 0, 1, 1], "texture": "#missing"},
				"up": {"uv": [0, 0, 1, 1], "texture": "#missing"},
				"down": {"uv": [0, 0, 1, 1], "texture": "#missing"}
			}
		},
		{
			"name": "hexadecagon",
			"from": [11, 2.5, 7.80109],
			"to": [13, 4.5, 8.19891],
			"rotation": {"angle": 22.5, "axis": "y", "origin": [12, 5, 8]},
			"color": 1,
			"faces": {
				"north": {"uv": [0, 0, 1, 1], "texture": "#missing"},
				"east": {"uv": [0, 0, 1, 1], "texture": "#missing"},
				"south": {"uv": [0, 0, 1, 1], "texture": "#missing"},
				"west": {"uv": [0, 0, 1, 1], "texture": "#missing"},
				"up": {"uv": [0, 0, 1, 1], "texture": "#missing"},
				"down": {"uv": [0, 0, 1, 1], "texture": "#missing"}
			}
		},
		{
			"from": [9.6, 4.5, 6.5],
			"to": [13.8, 8.5, 9.6],
			"rotation": {"angle": 0, "axis": "y", "origin": [19, 13.5, 16]},
			"color": 6,
			"faces": {
				"north": {"uv": [0, 0, 4.2, 4], "texture": "#missing"},
				"east": {"uv": [0, 0, 3.1, 4], "texture": "#missing"},
				"south": {"uv": [0, 0, 4.2, 4], "texture": "#missing"},
				"west": {"uv": [0, 0, 3.1, 4], "texture": "#missing"},
				"up": {"uv": [0, 0, 4.2, 3.1], "texture": "#missing"},
				"down": {"uv": [0, 0, 4.2, 3.1], "texture": "#missing"}
			}
		},
		{
			"from": [7.5, 4.5, 6.5],
			"to": [9.8, 8.5, 9.6],
			"rotation": {"angle": 0, "axis": "y", "origin": [15, 13.5, 16]},
			"color": 6,
			"faces": {
				"north": {"uv": [0, 0, 2.3, 4], "texture": "#missing"},
				"east": {"uv": [0, 0, 3.1, 4], "texture": "#missing"},
				"south": {"uv": [0, 0, 2.3, 4], "texture": "#missing"},
				"west": {"uv": [0, 0, 3.1, 4], "texture": "#missing"},
				"up": {"uv": [0, 0, 2.3, 3.1], "texture": "#missing"},
				"down": {"uv": [0, 0, 2.3, 3.1], "texture": "#missing"}
			}
		},
		{
			"from": [-5.7, 5.2, 7.1],
			"to": [7.5, 7.2, 9.1],
			"rotation": {"angle": 0, "axis": "y", "origin": [12.7, 13.5, 16]},
			"color": 6,
			"faces": {
				"north": {"uv": [0, 0, 13.2, 2], "texture": "#missing"},
				"east": {"uv": [0, 0, 2, 2], "texture": "#missing"},
				"south": {"uv": [0, 0, 13.2, 2], "texture": "#missing"},
				"west": {"uv": [0, 0, 2, 2], "texture": "#missing"},
				"up": {"uv": [0, 0, 13.2, 2], "texture": "#missing"},
				"down": {"uv": [0, 0, 13.2, 2], "texture": "#missing"}
			}
		},
		{
			"from": [-15.8, 4.8, 6.7],
			"to": [-5.5, 7.6, 9.5],
			"rotation": {"angle": 0, "axis": "y", "origin": [-0.3, 13.5, 16]},
			"color": 6,
			"faces": {
				"north": {"uv": [0, 0, 10.3, 2.8], "texture": "#missing"},
				"east": {"uv": [0, 0, 2.8, 2.8], "texture": "#missing"},
				"south": {"uv": [0, 0, 10.3, 2.8], "texture": "#missing"},
				"west": {"uv": [0, 0, 2.8, 2.8], "texture": "#missing"},
				"up": {"uv": [0, 0, 10.3, 2.8], "texture": "#missing"},
				"down": {"uv": [0, 0, 10.3, 2.8], "texture": "#missing"}
			}
		},
		{
			"from": [10.6, 8.5, 6.5],
			"to": [13.8, 11.5, 9.6],
			"rotation": {"angle": 0, "axis": "y", "origin": [19, 17.5, 16]},
			"color": 6,
			"faces": {
				"north": {"uv": [0, 0, 3.2, 3], "texture": "#missing"},
				"east": {"uv": [0, 0, 3.1, 3], "texture": "#missing"},
				"south": {"uv": [0, 0, 3.2, 3], "texture": "#missing"},
				"west": {"uv": [0, 0, 3.1, 3], "texture": "#missing"},
				"up": {"uv": [0, 0, 3.2, 3.1], "texture": "#missing"},
				"down": {"uv": [0, 0, 3.2, 3.1], "texture": "#missing"}
			}
		},
		{
			"from": [10.1, 8.1, 6.5],
			"to": [11.3, 12.9, 9.6],
			"rotation": {"angle": -22.5, "axis": "z", "origin": [11, 10, 8.05]},
			"color": 6,
			"faces": {
				"north": {"uv": [0, 0, 1.2, 4.8], "texture": "#missing"},
				"east": {"uv": [0, 0, 3.1, 4.8], "texture": "#missing"},
				"south": {"uv": [0, 0, 1.2, 4.8], "texture": "#missing"},
				"west": {"uv": [0, 0, 3.1, 4.8], "texture": "#missing"},
				"up": {"uv": [0, 0, 1.2, 3.1], "texture": "#missing"},
				"down": {"uv": [0, 0, 1.2, 3.1], "texture": "#missing"}
			}
		},
		{
			"from": [11.5, 10.9, 6.5],
			"to": [13.3, 13.5, 9.6],
			"rotation": {"angle": 22.5, "axis": "z", "origin": [12.4, 12.4, 8.05]},
			"color": 6,
			"faces": {
				"north": {"uv": [0, 0, 1.8, 2.6], "texture": "#missing"},
				"east": {"uv": [0, 0, 3.1, 2.6], "texture": "#missing"},
				"south": {"uv": [0, 0, 1.8, 2.6], "texture": "#missing"},
				"west": {"uv": [0, 0, 3.1, 2.6], "texture": "#missing"},
				"up": {"uv": [0, 0, 1.8, 3.1], "texture": "#missing"},
				"down": {"uv": [0, 0, 1.8, 3.1], "texture": "#missing"}
			}
		},
		{
			"from": [10.7, 12.4, 6.5],
			"to": [11.7, 15.4, 9.6],
			"rotation": {"angle": 22.5, "axis": "z", "origin": [10.8, 13.9, 8.05]},
			"color": 6,
			"faces": {
				"north": {"uv": [0, 0, 1, 3], "texture": "#missing"},
				"east": {"uv": [0, 0, 3.1, 3], "texture": "#missing"},
				"south": {"uv": [0, 0, 1, 3], "texture": "#missing"},
				"west": {"uv": [0, 0, 3.1, 3], "texture": "#missing"},
				"up": {"uv": [0, 0, 1, 3.1], "texture": "#missing"},
				"down": {"uv": [0, 0, 1, 3.1], "texture": "#missing"}
			}
		},
		{
			"from": [11.4, 12.6, 8.5],
			"to": [12.2, 18.6, 9.6],
			"rotation": {"angle": 45, "axis": "z", "origin": [11.3, 14.1, 8.05]},
			"color": 6,
			"faces": {
				"north": {"uv": [0, 0, 0.8, 6], "texture": "#missing"},
				"east": {"uv": [0, 0, 1.1, 6], "texture": "#missing"},
				"south": {"uv": [0, 0, 0.8, 6], "texture": "#missing"},
				"west": {"uv": [0, 0, 1.1, 6], "texture": "#missing"},
				"up": {"uv": [0, 0, 0.8, 1.1], "texture": "#missing"},
				"down": {"uv": [0, 0, 0.8, 1.1], "texture": "#missing"}
			}
		},
		{
			"from": [11.4, 12.6, 6.5],
			"to": [12.2, 18.6, 7.6],
			"rotation": {"angle": 45, "axis": "z", "origin": [11.3, 14.1, 6.05]},
			"color": 6,
			"faces": {
				"north": {"uv": [0, 0, 0.8, 6], "texture": "#missing"},
				"east": {"uv": [0, 0, 1.1, 6], "texture": "#missing"},
				"south": {"uv": [0, 0, 0.8, 6], "texture": "#missing"},
				"west": {"uv": [0, 0, 1.1, 6], "texture": "#missing"},
				"up": {"uv": [0, 0, 0.8, 1.1], "texture": "#missing"},
				"down": {"uv": [0, 0, 0.8, 1.1], "texture": "#missing"}
			}
		},
		{
			"from": [11.4, 12.6, 7.5],
			"to": [12.2, 15.6, 8.6],
			"rotation": {"angle": 45, "axis": "z", "origin": [11.3, 14.1, 7.05]},
			"color": 6,
			"faces": {
				"north": {"uv": [0, 0, 0.8, 3], "texture": "#missing"},
				"east": {"uv": [0, 0, 1.1, 3], "texture": "#missing"},
				"south": {"uv": [0, 0, 0.8, 3], "texture": "#missing"},
				"west": {"uv": [0, 0, 1.1, 3], "texture": "#missing"},
				"up": {"uv": [0, 0, 0.8, 1.1], "texture": "#missing"},
				"down": {"uv": [0, 0, 0.8, 1.1], "texture": "#missing"}
			}
		}
	],
	"display": {
		"thirdperson_righthand": {
			"rotation": [0, 90, 90],
			"translation": [0, 8, 1.75],
			"scale": [0.5, 0.5, 0.5]
		}
	},
	"groups": [
		{
			"name": "hexadecagon",
			"origin": [8, 8, 8],
			"children": [0, 1, 2, 3, 4, 5, 6, 7]
		},
		{
			"name": "hexadecagon",
			"origin": [8, 8, 8],
			"children": [8, 9, 10, 11, 12, 13, 14, 15,
				{
					"name": "group",
					"origin": [19, 13.5, 16],
					"children": [16, 17, 18, 19, 20, 21, 22, 23, 24, 25, 26]
				}
			]
		}
	]
}