{
	"credit": "Made with Blockbench",
	"texture_size": [32, 32],
	"textures": {
		"0": "items/eyama/maouken",
		"particle": "items/eyama/maouken"
	},
	"elements": [
		{
			"from": [4, 0, 0],
			"to": [8, 1, 24],
			"rotation": {"angle": 22.5, "axis": "z", "origin": [6.5, 0.5, 16]},
			"faces": {
				"north": {"uv": [0, 0, 2, 7], "texture": "#0"},
				"east": {"uv": [0, 0, 2, 7], "texture": "#0"},
				"south": {"uv": [0, 0, 2, 7], "texture": "#0"},
				"west": {"uv": [0, 0, 2, 7], "texture": "#0"},
				"up": {"uv": [0, 0, 2, 7], "texture": "#0"},
				"down": {"uv": [0, 0, 2, 7], "texture": "#0"}
			}
		},
		{
			"from": [7.84776, 0.30656, 0],
			"to": [11.84776, 1.30656, 24],
			"rotation": {"angle": -22.5, "axis": "z", "origin": [8.34776, 1.80656, 16]},
			"faces": {
				"north": {"uv": [0, 0, 2, 6.5], "texture": "#0"},
				"east": {"uv": [0, 0, 2, 6.5], "texture": "#0"},
				"south": {"uv": [0, 0, 2, 6.5], "texture": "#0"},
				"west": {"uv": [0, 0, 2, 6.5], "texture": "#0"},
				"up": {"uv": [0, 0, 2, 6.5], "texture": "#0"},
				"down": {"uv": [0, 0, 2, 6.5], "texture": "#0"}
			}
		},
		{
			"from": [4.4588, -1.76537, 0],
			"to": [8.4588, -0.76537, 24],
			"rotation": {"angle": -22.5, "axis": "z", "origin": [5.9588, -0.26537, 16]},
			"faces": {
				"north": {"uv": [3, 0, 5, 5.5], "texture": "#0"},
				"east": {"uv": [3, 0, 5, 5.5], "texture": "#0"},
				"south": {"uv": [3, 0, 5, 5.5], "texture": "#0"},
				"west": {"uv": [3, 0, 5, 5.5], "texture": "#0"},
				"up": {"uv": [3, 0, 5, 5.5], "texture": "#0"},
				"down": {"uv": [3, 0, 5, 5.5], "texture": "#0"}
			}
		},
		{
			"from": [6.69971, -2.60685, 0],
			"to": [10.69971, -1.60685, 24],
			"rotation": {"angle": 22.5, "axis": "z", "origin": [7.19971, -0.10685, 16]},
			"faces": {
				"north": {"uv": [0, 0, 2, 7.5], "texture": "#0"},
				"east": {"uv": [0, 0, 2, 7.5], "texture": "#0"},
				"south": {"uv": [0, 0, 2, 7.5], "texture": "#0"},
				"west": {"uv": [0, 0, 2, 7.5], "texture": "#0"},
				"up": {"uv": [0, 0, 2, 7.5], "texture": "#0"},
				"down": {"uv": [0, 0, 2, 7.5], "texture": "#0"}
			}
		},
		{
			"from": [11.0597, -1.03217, 0],
			"to": [11.8597, -0.27217, 24],
			"rotation": {"angle": -45, "axis": "z", "origin": [11.5597, -0.53217, 0.5]},
			"faces": {
				"north": {"uv": [3.5, 0.5, 5, 12.5], "texture": "#0"},
				"east": {"uv": [3.5, 0.5, 5, 12.5], "texture": "#0"},
				"south": {"uv": [3.5, 0.5, 5, 12.5], "texture": "#0"},
				"west": {"uv": [3.5, 0.5, 5, 12.5], "texture": "#0"},
				"up": {"uv": [3.5, 0.5, 5, 12.5], "texture": "#0"},
				"down": {"uv": [3.5, 0.5, 5, 12.5], "texture": "#0"}
			}
		},
		{
			"from": [3.55754, -1.01148, 0],
			"to": [4.35754, -0.25148, 24],
			"rotation": {"angle": 45, "axis": "z", "origin": [3.85754, -0.51148, 0.5]},
			"faces": {
				"north": {"uv": [3, 0, 5, 12], "texture": "#0"},
				"east": {"uv": [3, 0, 5, 12], "texture": "#0"},
				"south": {"uv": [3, 0, 5, 12], "texture": "#0"},
				"west": {"uv": [3, 0, 5, 12], "texture": "#0"},
				"up": {"uv": [3, 0, 5, 12], "texture": "#0"},
				"down": {"uv": [3, 0, 5, 12], "texture": "#0"}
			}
		},
		{
			"from": [6, -1, 28],
			"to": [7.6, 0, 32],
			"rotation": {"angle": 22.5, "axis": "z", "origin": [6.5, 0.5, 28]},
			"faces": {
				"north": {"uv": [0, 0, 0.8, 2], "texture": "#0"},
				"east": {"uv": [0, 0, 0.8, 2], "texture": "#0"},
				"south": {"uv": [0, 0, 0.8, 2], "texture": "#0"},
				"west": {"uv": [0, 0, 0.8, 2], "texture": "#0"},
				"up": {"uv": [0, 0, 0.8, 2], "texture": "#0"},
				"down": {"uv": [0, 0, 0.8, 2], "texture": "#0"}
			}
		},
		{
			"from": [8.24776, -0.69344, 28],
			"to": [9.84776, 0.30656, 32],
			"rotation": {"angle": -22.5, "axis": "z", "origin": [8.34776, 1.80656, 28]},
			"faces": {
				"north": {"uv": [0, 0, 0.8, 2], "texture": "#0"},
				"east": {"uv": [0, 0, 0.8, 2], "texture": "#0"},
				"south": {"uv": [0, 0, 0.8, 2], "texture": "#0"},
				"west": {"uv": [0, 0, 0.8, 2], "texture": "#0"},
				"up": {"uv": [0, 0, 0.8, 2], "texture": "#0"},
				"down": {"uv": [0, 0, 0.8, 2], "texture": "#0"}
			}
		},
		{
			"from": [7.09971, -1.60685, 28],
			"to": [8.69971, -0.60685, 32],
			"rotation": {"angle": 22.5, "axis": "z", "origin": [7.19971, -0.10685, 28]},
			"faces": {
				"north": {"uv": [0, 0, 0.8, 2], "texture": "#0"},
				"east": {"uv": [0, 0, 0.8, 2], "texture": "#0"},
				"south": {"uv": [0, 0, 0.8, 2], "texture": "#0"},
				"west": {"uv": [0, 0, 0.8, 2], "texture": "#0"},
				"up": {"uv": [0, 0, 0.8, 2], "texture": "#0"},
				"down": {"uv": [0, 0, 0.8, 2], "texture": "#0"}
			}
		},
		{
			"from": [6.4588, -0.76537, 28],
			"to": [8.0588, 0.23463, 32],
			"rotation": {"angle": -22.5, "axis": "z", "origin": [5.9588, -0.26537, 28]},
			"faces": {
				"north": {"uv": [0, 0, 0.8, 2], "texture": "#0"},
				"east": {"uv": [0, 0, 0.8, 2], "texture": "#0"},
				"south": {"uv": [0, 0, 0.8, 2], "texture": "#0"},
				"west": {"uv": [0, 0, 0.8, 2], "texture": "#0"},
				"up": {"uv": [0, 0, 0.8, 2], "texture": "#0"},
				"down": {"uv": [0, 0, 0.8, 2], "texture": "#0"}
			}
		},
		{
			"from": [8.93328, -1.01897, 28],
			"to": [9.49328, -0.47897, 32],
			"rotation": {"angle": 45, "axis": "z", "origin": [8.93328, -0.71897, 4.5]},
			"faces": {
				"north": {"uv": [0, 0, 0.28, 2], "texture": "#0"},
				"east": {"uv": [0, 0, 0.28, 2], "texture": "#0"},
				"south": {"uv": [0, 0, 0.28, 2], "texture": "#0"},
				"west": {"uv": [0, 0, 0.28, 2], "texture": "#0"},
				"up": {"uv": [0, 0, 0.28, 2], "texture": "#0"},
				"down": {"uv": [0, 0, 0.28, 2], "texture": "#0"}
			}
		},
		{
			"from": [6.00313, -1.01897, 28],
			"to": [6.56313, -0.47897, 32],
			"rotation": {"angle": 45, "axis": "z", "origin": [6.00313, -0.71897, 4.5]},
			"faces": {
				"north": {"uv": [0, 0, 0.28, 2], "texture": "#0"},
				"east": {"uv": [0, 0, 0.28, 2], "texture": "#0"},
				"south": {"uv": [0, 0, 0.28, 2], "texture": "#0"},
				"west": {"uv": [0, 0, 0.28, 2], "texture": "#0"},
				"up": {"uv": [0, 0, 0.28, 2], "texture": "#0"},
				"down": {"uv": [0, 0, 0.28, 2], "texture": "#0"}
			}
		},
		{
			"from": [4.8, -0.5, 24],
			"to": [7.8, 0.5, 28],
			"rotation": {"angle": 22.5, "axis": "z", "origin": [6.5, 0.5, 24]},
			"faces": {
				"north": {"uv": [0, 0, 1.5, 2], "texture": "#0"},
				"east": {"uv": [0, 0, 1.5, 2], "texture": "#0"},
				"south": {"uv": [0, 0, 1.5, 2], "texture": "#0"},
				"west": {"uv": [0, 0, 1.5, 2], "texture": "#0"},
				"up": {"uv": [0, 0, 1.5, 2], "texture": "#0"},
				"down": {"uv": [0, 0, 1.5, 2], "texture": "#0"}
			}
		},
		{
			"from": [8.04776, -0.19344, 24],
			"to": [11.04776, 0.80656, 28],
			"rotation": {"angle": -22.5, "axis": "z", "origin": [8.34776, 1.80656, 24]},
			"faces": {
				"north": {"uv": [0, 0, 1.5, 2], "texture": "#0"},
				"east": {"uv": [0, 0, 1.5, 2], "texture": "#0"},
				"south": {"uv": [0, 0, 1.5, 2], "texture": "#0"},
				"west": {"uv": [0, 0, 1.5, 2], "texture": "#0"},
				"up": {"uv": [0, 0, 1.5, 2], "texture": "#0"},
				"down": {"uv": [0, 0, 1.5, 2], "texture": "#0"}
			}
		},
		{
			"from": [6.89971, -2.10685, 24],
			"to": [9.89971, -1.10685, 28],
			"rotation": {"angle": 22.5, "axis": "z", "origin": [7.19971, -0.10685, 24]},
			"faces": {
				"north": {"uv": [0, 0, 1.5, 2], "texture": "#0"},
				"east": {"uv": [0, 0, 1.5, 2], "texture": "#0"},
				"south": {"uv": [0, 0, 1.5, 2], "texture": "#0"},
				"west": {"uv": [0, 0, 1.5, 2], "texture": "#0"},
				"up": {"uv": [0, 0, 1.5, 2], "texture": "#0"},
				"down": {"uv": [0, 0, 1.5, 2], "texture": "#0"}
			}
		},
		{
			"from": [5.2588, -1.26537, 24],
			"to": [8.2588, -0.26537, 28],
			"rotation": {"angle": -22.5, "axis": "z", "origin": [5.9588, -0.26537, 24]},
			"faces": {
				"north": {"uv": [0, 0, 1.5, 2], "texture": "#0"},
				"east": {"uv": [0, 0, 1.5, 2], "texture": "#0"},
				"south": {"uv": [0, 0, 1.5, 2], "texture": "#0"},
				"west": {"uv": [0, 0, 1.5, 2], "texture": "#0"},
				"up": {"uv": [0, 0, 1.5, 2], "texture": "#0"},
				"down": {"uv": [0, 0, 1.5, 2], "texture": "#0"}
			}
		},
		{
			"from": [10.24742, -1.03039, 24],
			"to": [10.80742, -0.47039, 28],
			"rotation": {"angle": 45, "axis": "z", "origin": [10.24742, -0.73039, 4.5]},
			"faces": {
				"north": {"uv": [0, 0, 0.28, 2], "texture": "#0"},
				"east": {"uv": [0, 0, 0.28, 2], "texture": "#0"},
				"south": {"uv": [0, 0, 0.28, 2], "texture": "#0"},
				"west": {"uv": [0, 0, 0.28, 2], "texture": "#0"},
				"up": {"uv": [0, 0, 0.28, 2], "texture": "#0"},
				"down": {"uv": [0, 0, 0.28, 2], "texture": "#0"}
			}
		},
		{
			"from": [4.71727, -1.03039, 24],
			"to": [5.27727, -0.47039, 28],
			"rotation": {"angle": 45, "axis": "z", "origin": [4.71727, -0.73039, 4.5]},
			"faces": {
				"north": {"uv": [0, 0, 0.28, 2], "texture": "#0"},
				"east": {"uv": [0, 0, 0.28, 2], "texture": "#0"},
				"south": {"uv": [0, 0, 0.28, 2], "texture": "#0"},
				"west": {"uv": [0, 0, 0.28, 2], "texture": "#0"},
				"up": {"uv": [0, 0, 0.28, 2], "texture": "#0"},
				"down": {"uv": [0, 0, 0.28, 2], "texture": "#0"}
			}
		},
		{
			"from": [4.8, -0.5, -4],
			"to": [7.8, 0.5, 0],
			"rotation": {"angle": 22.5, "axis": "z", "origin": [6.5, 0.5, -4]},
			"faces": {
				"north": {"uv": [0, 0, 1.5, 2], "texture": "#0"},
				"east": {"uv": [0, 0, 1.5, 2], "texture": "#0"},
				"south": {"uv": [0, 0, 1.5, 2], "texture": "#0"},
				"west": {"uv": [0, 0, 1.5, 2], "texture": "#0"},
				"up": {"uv": [0, 0, 1.5, 2], "texture": "#0"},
				"down": {"uv": [0, 0, 1.5, 2], "texture": "#0"}
			}
		},
		{
			"from": [8.04776, -0.19344, -4],
			"to": [11.04776, 0.80656, 0],
			"rotation": {"angle": -22.5, "axis": "z", "origin": [8.34776, 1.80656, -4]},
			"faces": {
				"north": {"uv": [0, 0, 1.5, 2], "texture": "#0"},
				"east": {"uv": [0, 0, 1.5, 2], "texture": "#0"},
				"south": {"uv": [0, 0, 1.5, 2], "texture": "#0"},
				"west": {"uv": [0, 0, 1.5, 2], "texture": "#0"},
				"up": {"uv": [0, 0, 1.5, 2], "texture": "#0"},
				"down": {"uv": [0, 0, 1.5, 2], "texture": "#0"}
			}
		},
		{
			"from": [6.89971, -2.10685, -4],
			"to": [9.89971, -1.10685, 0],
			"rotation": {"angle": 22.5, "axis": "z", "origin": [7.19971, -0.10685, -4]},
			"faces": {
				"north": {"uv": [0, 0, 1.5, 2], "texture": "#0"},
				"east": {"uv": [0, 0, 1.5, 2], "texture": "#0"},
				"south": {"uv": [0, 0, 1.5, 2], "texture": "#0"},
				"west": {"uv": [0, 0, 1.5, 2], "texture": "#0"},
				"up": {"uv": [0, 0, 1.5, 2], "texture": "#0"},
				"down": {"uv": [0, 0, 1.5, 2], "texture": "#0"}
			}
		},
		{
			"from": [5.2588, -1.26537, -4],
			"to": [8.2588, -0.26537, 0],
			"rotation": {"angle": -22.5, "axis": "z", "origin": [5.9588, -0.26537, -4]},
			"faces": {
				"north": {"uv": [0, 0, 1.5, 2], "texture": "#0"},
				"east": {"uv": [0, 0, 1.5, 2], "texture": "#0"},
				"south": {"uv": [0, 0, 1.5, 2], "texture": "#0"},
				"west": {"uv": [0, 0, 1.5, 2], "texture": "#0"},
				"up": {"uv": [0, 0, 1.5, 2], "texture": "#0"},
				"down": {"uv": [0, 0, 1.5, 2], "texture": "#0"}
			}
		},
		{
			"from": [10.24742, -1.03039, -4],
			"to": [10.80742, -0.47039, 0],
			"rotation": {"angle": 45, "axis": "z", "origin": [10.24742, -0.73039, -23.5]},
			"faces": {
				"north": {"uv": [0, 0, 0.28, 2], "texture": "#0"},
				"east": {"uv": [0, 0, 0.28, 2], "texture": "#0"},
				"south": {"uv": [0, 0, 0.28, 2], "texture": "#0"},
				"west": {"uv": [0, 0, 0.28, 2], "texture": "#0"},
				"up": {"uv": [0, 0, 0.28, 2], "texture": "#0"},
				"down": {"uv": [0, 0, 0.28, 2], "texture": "#0"}
			}
		},
		{
			"from": [4.71727, -1.03039, -4],
			"to": [5.27727, -0.47039, 0],
			"rotation": {"angle": 45, "axis": "z", "origin": [4.71727, -0.73039, -23.5]},
			"faces": {
				"north": {"uv": [0, 0, 0.28, 2], "texture": "#0"},
				"east": {"uv": [0, 0, 0.28, 2], "texture": "#0"},
				"south": {"uv": [0, 0, 0.28, 2], "texture": "#0"},
				"west": {"uv": [0, 0, 0.28, 2], "texture": "#0"},
				"up": {"uv": [0, 0, 0.28, 2], "texture": "#0"},
				"down": {"uv": [0, 0, 0.28, 2], "texture": "#0"}
			}
		},
		{
			"from": [8, -2, -6],
			"to": [12.4, 1, -4],
			"rotation": {"angle": -22.5, "axis": "y", "origin": [7.7, -0.5, -4.5]},
			"faces": {
				"north": {"uv": [8, 3.5, 10.2, 4.5], "texture": "#0"},
				"east": {"uv": [8, 3.5, 10.2, 4.5], "texture": "#0"},
				"south": {"uv": [8, 3.5, 10.2, 4.5], "texture": "#0"},
				"west": {"uv": [8, 3.5, 10.2, 4.5], "texture": "#0"},
				"up": {"uv": [8, 3.5, 10.2, 4.5], "texture": "#0"},
				"down": {"uv": [8, 3.5, 10.2, 4.5], "texture": "#0"}
			}
		},
		{
			"from": [5.5, -1.8, -6],
			"to": [9.9, 0.8, -4.5],
			"rotation": {"angle": 0, "axis": "y", "origin": [7.7, -0.5, -4.5]},
			"faces": {
				"north": {"uv": [8, 3.5, 10.2, 4.5], "texture": "#0"},
				"east": {"uv": [8, 3.5, 10.2, 4.5], "texture": "#0"},
				"south": {"uv": [8, 3.5, 10.2, 4.5], "texture": "#0"},
				"west": {"uv": [8, 3.5, 10.2, 4.5], "texture": "#0"},
				"up": {"uv": [8, 3.5, 10.2, 4.5], "texture": "#0"},
				"down": {"uv": [8, 3.5, 10.2, 4.5], "texture": "#0"}
			}
		},
		{
			"from": [11.91363, -1.6, -2.09092],
			"to": [13.31363, 0.5, -0.39092],
			"rotation": {"angle": -45, "axis": "y", "origin": [14.11363, -0.5, -1.39092]},
			"faces": {
				"north": {"uv": [11, 1.5, 11.7, 2.35], "texture": "#0"},
				"east": {"uv": [11, 1.5, 11.7, 2.35], "texture": "#0"},
				"south": {"uv": [11, 1.5, 11.7, 2.35], "texture": "#0"},
				"west": {"uv": [11, 1.5, 11.7, 2.35], "texture": "#0"},
				"up": {"uv": [11, 1.5, 11.7, 2.35], "texture": "#0"},
				"down": {"uv": [11, 1.5, 11.7, 2.35], "texture": "#0"}
			}
		},
		{
			"from": [13.0326, -1.4, -1.68547],
			"to": [14.4326, 0.4, -0.28547],
			"rotation": {"angle": 22.5, "axis": "y", "origin": [14.0326, -0.5, -0.98547]},
			"faces": {
				"north": {"uv": [13.5, 3, 14.5, 4], "rotation": 90, "texture": "#0"},
				"east": {"uv": [13.5, 3, 14.5, 4], "rotation": 90, "texture": "#0"},
				"south": {"uv": [13.5, 3, 14.5, 4], "rotation": 90, "texture": "#0"},
				"west": {"uv": [13.5, 3, 14.5, 4], "rotation": 90, "texture": "#0"},
				"up": {"uv": [13.5, 3, 14.5, 4], "rotation": 90, "texture": "#0"},
				"down": {"uv": [13.5, 3, 14.5, 4], "rotation": 90, "texture": "#0"}
			}
		},
		{
			"from": [13.3766, -1.1, 0.04393],
			"to": [14.4766, 0.1, 1.44393],
			"rotation": {"angle": 0, "axis": "y", "origin": [14.3766, -0.5, 0.74393]},
			"faces": {
				"north": {"uv": [15, 3, 16, 4], "rotation": 90, "texture": "#0"},
				"east": {"uv": [15, 3, 16, 4], "rotation": 90, "texture": "#0"},
				"south": {"uv": [15, 3, 16, 4], "rotation": 90, "texture": "#0"},
				"west": {"uv": [15, 3, 16, 4], "rotation": 90, "texture": "#0"},
				"up": {"uv": [15, 3, 16, 4], "rotation": 90, "texture": "#0"},
				"down": {"uv": [15, 3, 16, 4], "rotation": 90, "texture": "#0"}
			}
		},
		{
			"from": [13.0326, -1.1, 1.77333],
			"to": [13.8326, 0.1, 4.77333],
			"rotation": {"angle": -22.5, "axis": "y", "origin": [14.0326, -0.5, 2.47333]},
			"faces": {
				"north": {"uv": [15, 3, 16, 4], "rotation": 90, "texture": "#0"},
				"east": {"uv": [15, 3, 16, 4], "rotation": 90, "texture": "#0"},
				"south": {"uv": [15, 3, 16, 4], "rotation": 90, "texture": "#0"},
				"west": {"uv": [15, 3, 16, 4], "rotation": 90, "texture": "#0"},
				"up": {"uv": [15, 3, 16, 4], "rotation": 90, "texture": "#0"},
				"down": {"uv": [15, 3, 16, 4], "rotation": 90, "texture": "#0"}
			}
		},
		{
			"from": [2.08637, -1.6, -2.09092],
			"to": [3.48637, 0.5, -0.39092],
			"rotation": {"angle": 45, "axis": "y", "origin": [1.28637, -0.5, -1.39092]},
			"faces": {
				"north": {"uv": [11, 1.5, 11.7, 2.35], "texture": "#0"},
				"east": {"uv": [11, 1.5, 11.7, 2.35], "texture": "#0"},
				"south": {"uv": [11, 1.5, 11.7, 2.35], "texture": "#0"},
				"west": {"uv": [11, 1.5, 11.7, 2.35], "texture": "#0"},
				"up": {"uv": [11, 1.5, 11.7, 2.35], "texture": "#0"},
				"down": {"uv": [11, 1.5, 11.7, 2.35], "texture": "#0"}
			}
		},
		{
			"from": [1.5674, -1.1, 1.77333],
			"to": [2.3674, 0.1, 4.77333],
			"rotation": {"angle": 22.5, "axis": "y", "origin": [1.3674, -0.5, 2.47333]},
			"faces": {
				"north": {"uv": [15, 3, 16, 4], "rotation": 90, "texture": "#0"},
				"east": {"uv": [15, 3, 16, 4], "rotation": 90, "texture": "#0"},
				"south": {"uv": [15, 3, 16, 4], "rotation": 90, "texture": "#0"},
				"west": {"uv": [15, 3, 16, 4], "rotation": 90, "texture": "#0"},
				"up": {"uv": [15, 3, 16, 4], "rotation": 90, "texture": "#0"},
				"down": {"uv": [15, 3, 16, 4], "rotation": 90, "texture": "#0"}
			}
		},
		{
			"from": [0.9234, -1.1, 0.04393],
			"to": [2.0234, 0.1, 1.44393],
			"rotation": {"angle": 0, "axis": "y", "origin": [1.0234, -0.5, 0.74393]},
			"faces": {
				"north": {"uv": [15, 3, 16, 4], "rotation": 90, "texture": "#0"},
				"east": {"uv": [15, 3, 16, 4], "rotation": 90, "texture": "#0"},
				"south": {"uv": [15, 3, 16, 4], "rotation": 90, "texture": "#0"},
				"west": {"uv": [15, 3, 16, 4], "rotation": 90, "texture": "#0"},
				"up": {"uv": [15, 3, 16, 4], "rotation": 90, "texture": "#0"},
				"down": {"uv": [15, 3, 16, 4], "rotation": 90, "texture": "#0"}
			}
		},
		{
			"from": [0.9674, -1.4, -1.68547],
			"to": [2.3674, 0.4, -0.28547],
			"rotation": {"angle": -22.5, "axis": "y", "origin": [1.3674, -0.5, -0.98547]},
			"faces": {
				"north": {"uv": [13, 3, 14, 4], "rotation": 90, "texture": "#0"},
				"east": {"uv": [13, 3, 14, 4], "rotation": 90, "texture": "#0"},
				"south": {"uv": [13, 3, 14, 4], "rotation": 90, "texture": "#0"},
				"west": {"uv": [13, 3, 14, 4], "rotation": 90, "texture": "#0"},
				"up": {"uv": [13, 3, 14, 4], "rotation": 90, "texture": "#0"},
				"down": {"uv": [13, 3, 14, 4], "rotation": 90, "texture": "#0"}
			}
		},
		{
			"from": [3, -2, -6],
			"to": [7.4, 1, -4],
			"rotation": {"angle": 22.5, "axis": "y", "origin": [7.7, -0.5, -4.5]},
			"faces": {
				"north": {"uv": [8, 3.5, 10.2, 4.5], "texture": "#0"},
				"east": {"uv": [8, 3.5, 10.2, 4.5], "texture": "#0"},
				"south": {"uv": [8, 3.5, 10.2, 4.5], "texture": "#0"},
				"west": {"uv": [8, 3.5, 10.2, 4.5], "texture": "#0"},
				"up": {"uv": [8, 3.5, 10.2, 4.5], "texture": "#0"},
				"down": {"uv": [8, 3.5, 10.2, 4.5], "texture": "#0"}
			}
		},
		{
			"from": [5.5, -2, -3.9],
			"to": [9.9, 1, -3.1],
			"rotation": {"angle": 0, "axis": "y", "origin": [7.7, -0.5, -4.5]},
			"faces": {
				"north": {"uv": [8, 3.5, 10.2, 4.5], "texture": "#0"},
				"east": {"uv": [8, 3.5, 10.2, 4.5], "texture": "#0"},
				"south": {"uv": [8, 3.5, 10.2, 4.5], "texture": "#0"},
				"west": {"uv": [8, 3.5, 10.2, 4.5], "texture": "#0"},
				"up": {"uv": [8, 3.5, 10.2, 4.5], "texture": "#0"},
				"down": {"uv": [8, 3.5, 10.2, 4.5], "texture": "#0"}
			}
		},
		{
			"name": "hexadecagon",
			"from": [7.46131, -1.7, -13],
			"to": [7.93869, 0.7, -5.5],
			"rotation": {"angle": -45, "axis": "z", "origin": [7.7, -0.5, -8]},
			"faces": {
				"north": {"uv": [8.5, 6, 10.5, 9.5], "texture": "#0"},
				"east": {"uv": [8.5, 6, 10.5, 9.5], "texture": "#0"},
				"south": {"uv": [8.5, 6, 10.5, 9.5], "texture": "#0"},
				"west": {"uv": [8.5, 6, 10.5, 9.5], "texture": "#0"},
				"up": {"uv": [8.5, 6, 10.5, 9.5], "texture": "#0"},
				"down": {"uv": [8.5, 6, 10.5, 9.5], "texture": "#0"}
			}
		},
		{
			"name": "hexadecagon",
			"from": [7.46131, -1.7, -13],
			"to": [7.93869, 0.7, -5.5],
			"rotation": {"angle": -22.5, "axis": "z", "origin": [7.7, -0.5, -8]},
			"faces": {
				"north": {"uv": [8.5, 6, 10.5, 9.5], "texture": "#0"},
				"east": {"uv": [8.5, 6, 10.5, 9.5], "texture": "#0"},
				"south": {"uv": [8.5, 6, 10.5, 9.5], "texture": "#0"},
				"west": {"uv": [8.5, 6, 10.5, 9.5], "texture": "#0"},
				"up": {"uv": [8.5, 6, 10.5, 9.5], "texture": "#0"},
				"down": {"uv": [8.5, 6, 10.5, 9.5], "texture": "#0"}
			}
		},
		{
			"name": "hexadecagon",
			"from": [7.46131, -1.7, -13],
			"to": [7.93869, 0.7, -5.5],
			"rotation": {"angle": 0, "axis": "z", "origin": [7.7, -0.5, -8]},
			"faces": {
				"north": {"uv": [8.5, 6, 10.5, 9.5], "texture": "#0"},
				"east": {"uv": [8.5, 6, 10.5, 9.5], "texture": "#0"},
				"south": {"uv": [8.5, 6, 10.5, 9.5], "texture": "#0"},
				"west": {"uv": [8.5, 6, 10.5, 9.5], "texture": "#0"},
				"up": {"uv": [8.5, 6, 10.5, 9.5], "texture": "#0"},
				"down": {"uv": [8.5, 6, 10.5, 9.5], "texture": "#0"}
			}
		},
		{
			"name": "hexadecagon",
			"from": [7.46131, -1.7, -13],
			"to": [7.93869, 0.7, -5.5],
			"rotation": {"angle": 22.5, "axis": "z", "origin": [7.7, -0.5, -8]},
			"faces": {
				"north": {"uv": [8.5, 6, 10.5, 9.5], "texture": "#0"},
				"east": {"uv": [8.5, 6, 10.5, 9.5], "texture": "#0"},
				"south": {"uv": [8.5, 6, 10.5, 9.5], "texture": "#0"},
				"west": {"uv": [8.5, 6, 10.5, 9.5], "texture": "#0"},
				"up": {"uv": [8.5, 6, 10.5, 9.5], "texture": "#0"},
				"down": {"uv": [8.5, 6, 10.5, 9.5], "texture": "#0"}
			}
		},
		{
			"name": "hexadecagon",
			"from": [7.46131, -1.7, -13],
			"to": [7.93869, 0.7, -5.5],
			"rotation": {"angle": 45, "axis": "z", "origin": [7.7, -0.5, -8]},
			"faces": {
				"north": {"uv": [8.5, 6, 10.5, 9.5], "texture": "#0"},
				"east": {"uv": [8.5, 6, 10.5, 9.5], "texture": "#0"},
				"south": {"uv": [8.5, 6, 10.5, 9.5], "texture": "#0"},
				"west": {"uv": [8.5, 6, 10.5, 9.5], "texture": "#0"},
				"up": {"uv": [8.5, 6, 10.5, 9.5], "texture": "#0"},
				"down": {"uv": [8.5, 6, 10.5, 9.5], "texture": "#0"}
			}
		},
		{
			"name": "hexadecagon",
			"from": [6.5, -0.73869, -13],
			"to": [8.9, -0.26131, -5.5],
			"rotation": {"angle": -22.5, "axis": "z", "origin": [7.7, -0.5, -8]},
			"faces": {
				"north": {"uv": [8.5, 6, 10.5, 9.5], "texture": "#0"},
				"east": {"uv": [8.5, 6, 10.5, 9.5], "texture": "#0"},
				"south": {"uv": [8.5, 6, 10.5, 9.5], "texture": "#0"},
				"west": {"uv": [8.5, 6, 10.5, 9.5], "texture": "#0"},
				"up": {"uv": [8.5, 6, 10.5, 9.5], "texture": "#0"},
				"down": {"uv": [8.5, 6, 10.5, 9.5], "texture": "#0"}
			}
		},
		{
			"name": "hexadecagon",
			"from": [6.5, -0.73869, -13],
			"to": [8.9, -0.26131, -5.5],
			"rotation": {"angle": 0, "axis": "z", "origin": [7.7, -0.5, -8]},
			"faces": {
				"north": {"uv": [8.5, 6, 10.5, 9.5], "texture": "#0"},
				"east": {"uv": [8.5, 6, 10.5, 9.5], "texture": "#0"},
				"south": {"uv": [8.5, 6, 10.5, 9.5], "texture": "#0"},
				"west": {"uv": [8.5, 6, 10.5, 9.5], "texture": "#0"},
				"up": {"uv": [8.5, 6, 10.5, 9.5], "texture": "#0"},
				"down": {"uv": [8.5, 6, 10.5, 9.5], "texture": "#0"}
			}
		},
		{
			"name": "hexadecagon",
			"from": [6.5, -0.73869, -13],
			"to": [8.9, -0.26131, -5.5],
			"rotation": {"angle": 22.5, "axis": "z", "origin": [7.7, -0.5, -8]},
			"faces": {
				"north": {"uv": [8.5, 6, 10.5, 9.5], "texture": "#0"},
				"east": {"uv": [8.5, 6, 10.5, 9.5], "texture": "#0"},
				"south": {"uv": [8.5, 6, 10.5, 9.5], "texture": "#0"},
				"west": {"uv": [8.5, 6, 10.5, 9.5], "texture": "#0"},
				"up": {"uv": [8.5, 6, 10.5, 9.5], "texture": "#0"},
				"down": {"uv": [8.5, 6, 10.5, 9.5], "texture": "#0"}
			}
		},
		{
			"name": "hexadecagon",
			"from": [7.50163, -2, -13.5],
			"to": [8.09837, 1, -12.5],
			"rotation": {"angle": -45, "axis": "z", "origin": [7.8, -0.5, -13]},
			"faces": {
				"north": {"uv": [11, 8.5, 12.5, 10.5], "texture": "#0"},
				"east": {"uv": [11, 8.5, 12.5, 10.5], "texture": "#0"},
				"south": {"uv": [11, 8.5, 12.5, 10.5], "texture": "#0"},
				"west": {"uv": [11, 8.5, 12.5, 10.5], "texture": "#0"},
				"up": {"uv": [11, 8.5, 12.5, 10.5], "texture": "#0"},
				"down": {"uv": [11, 8.5, 12.5, 10.5], "texture": "#0"}
			}
		},
		{
			"name": "hexadecagon",
			"from": [7.50163, -2, -13.5],
			"to": [8.09837, 1, -12.5],
			"rotation": {"angle": -22.5, "axis": "z", "origin": [7.8, -0.5, -13]},
			"faces": {
				"north": {"uv": [11, 8.5, 12.5, 10.5], "texture": "#0"},
				"east": {"uv": [11, 8.5, 12.5, 10.5], "texture": "#0"},
				"south": {"uv": [11, 8.5, 12.5, 10.5], "texture": "#0"},
				"west": {"uv": [11, 8.5, 12.5, 10.5], "texture": "#0"},
				"up": {"uv": [11, 8.5, 12.5, 10.5], "texture": "#0"},
				"down": {"uv": [11, 8.5, 12.5, 10.5], "texture": "#0"}
			}
		},
		{
			"name": "hexadecagon",
			"from": [7.50163, -2, -13.5],
			"to": [8.09837, 1, -12.5],
			"rotation": {"angle": 0, "axis": "z", "origin": [7.8, -0.5, -13]},
			"faces": {
				"north": {"uv": [11, 8.5, 12.5, 10.5], "texture": "#0"},
				"east": {"uv": [11, 8.5, 12.5, 10.5], "texture": "#0"},
				"south": {"uv": [11, 8.5, 12.5, 10.5], "texture": "#0"},
				"west": {"uv": [11, 8.5, 12.5, 10.5], "texture": "#0"},
				"up": {"uv": [11, 8.5, 12.5, 10.5], "texture": "#0"},
				"down": {"uv": [11, 8.5, 12.5, 10.5], "texture": "#0"}
			}
		},
		{
			"name": "hexadecagon",
			"from": [7.50163, -2, -13.5],
			"to": [8.09837, 1, -12.5],
			"rotation": {"angle": 22.5, "axis": "z", "origin": [7.8, -0.5, -13]},
			"faces": {
				"north": {"uv": [11, 8.5, 12.5, 10.5], "texture": "#0"},
				"east": {"uv": [11, 8.5, 12.5, 10.5], "texture": "#0"},
				"south": {"uv": [11, 8.5, 12.5, 10.5], "texture": "#0"},
				"west": {"uv": [11, 8.5, 12.5, 10.5], "texture": "#0"},
				"up": {"uv": [11, 8.5, 12.5, 10.5], "texture": "#0"},
				"down": {"uv": [11, 8.5, 12.5, 10.5], "texture": "#0"}
			}
		},
		{
			"name": "hexadecagon",
			"from": [7.50163, -2, -13.5],
			"to": [8.09837, 1, -12.5],
			"rotation": {"angle": 45, "axis": "z", "origin": [7.8, -0.5, -13]},
			"faces": {
				"north": {"uv": [11, 8.5, 12.5, 10.5], "texture": "#0"},
				"east": {"uv": [11, 8.5, 12.5, 10.5], "texture": "#0"},
				"south": {"uv": [11, 8.5, 12.5, 10.5], "texture": "#0"},
				"west": {"uv": [11, 8.5, 12.5, 10.5], "texture": "#0"},
				"up": {"uv": [11, 8.5, 12.5, 10.5], "texture": "#0"},
				"down": {"uv": [11, 8.5, 12.5, 10.5], "texture": "#0"}
			}
		},
		{
			"name": "hexadecagon",
			"from": [6.3, -0.79837, -13.5],
			"to": [9.3, -0.20163, -12.5],
			"rotation": {"angle": -22.5, "axis": "z", "origin": [7.8, -0.5, -13]},
			"faces": {
				"north": {"uv": [11, 8.5, 12.5, 10.5], "texture": "#0"},
				"east": {"uv": [11, 8.5, 12.5, 10.5], "texture": "#0"},
				"south": {"uv": [11, 8.5, 12.5, 10.5], "texture": "#0"},
				"west": {"uv": [11, 8.5, 12.5, 10.5], "texture": "#0"},
				"up": {"uv": [11, 8.5, 12.5, 10.5], "texture": "#0"},
				"down": {"uv": [11, 8.5, 12.5, 10.5], "texture": "#0"}
			}
		},
		{
			"name": "hexadecagon",
			"from": [6.3, -0.79837, -13.5],
			"to": [9.3, -0.20163, -12.5],
			"rotation": {"angle": 0, "axis": "z", "origin": [7.8, -0.5, -13]},
			"faces": {
				"north": {"uv": [11, 8.5, 12.5, 10.5], "texture": "#0"},
				"east": {"uv": [11, 8.5, 12.5, 10.5], "texture": "#0"},
				"south": {"uv": [11, 8.5, 12.5, 10.5], "texture": "#0"},
				"west": {"uv": [11, 8.5, 12.5, 10.5], "texture": "#0"},
				"up": {"uv": [11, 8.5, 12.5, 10.5], "texture": "#0"},
				"down": {"uv": [11, 8.5, 12.5, 10.5], "texture": "#0"}
			}
		},
		{
			"name": "hexadecagon",
			"from": [6.3, -0.79837, -13.5],
			"to": [9.3, -0.20163, -12.5],
			"rotation": {"angle": 22.5, "axis": "z", "origin": [7.8, -0.5, -13]},
			"faces": {
				"north": {"uv": [11, 8.5, 12.5, 10.5], "texture": "#0"},
				"east": {"uv": [11, 8.5, 12.5, 10.5], "texture": "#0"},
				"south": {"uv": [11, 8.5, 12.5, 10.5], "texture": "#0"},
				"west": {"uv": [11, 8.5, 12.5, 10.5], "texture": "#0"},
				"up": {"uv": [11, 8.5, 12.5, 10.5], "texture": "#0"},
				"down": {"uv": [11, 8.5, 12.5, 10.5], "texture": "#0"}
			}
		},
		{
			"name": "hexadecagon",
			"from": [7.60109, -1.5, -14.5],
			"to": [7.99891, 0.5, -13.5],
			"rotation": {"angle": -45, "axis": "z", "origin": [7.8, -0.5, -13]},
			"faces": {
				"north": {"uv": [0.5, 12.5, 2.5, 16], "texture": "#0"},
				"east": {"uv": [0.5, 12.5, 2.5, 16], "texture": "#0"},
				"south": {"uv": [0.5, 12.5, 2.5, 16], "texture": "#0"},
				"west": {"uv": [0.5, 12.5, 2.5, 16], "texture": "#0"},
				"up": {"uv": [0.5, 12.5, 2.5, 16], "texture": "#0"},
				"down": {"uv": [0.5, 12.5, 2.5, 16], "texture": "#0"}
			}
		},
		{
			"name": "hexadecagon",
			"from": [7.60109, -1.5, -14.5],
			"to": [7.99891, 0.5, -13.5],
			"rotation": {"angle": -22.5, "axis": "z", "origin": [7.8, -0.5, -13]},
			"faces": {
				"north": {"uv": [0.5, 12.5, 2.5, 16], "texture": "#0"},
				"east": {"uv": [0.5, 12.5, 2.5, 16], "texture": "#0"},
				"south": {"uv": [0.5, 12.5, 2.5, 16], "texture": "#0"},
				"west": {"uv": [0.5, 12.5, 2.5, 16], "texture": "#0"},
				"up": {"uv": [0.5, 12.5, 2.5, 16], "texture": "#0"},
				"down": {"uv": [0.5, 12.5, 2.5, 16], "texture": "#0"}
			}
		},
		{
			"name": "hexadecagon",
			"from": [7.60109, -1.5, -14.5],
			"to": [7.99891, 0.5, -13.5],
			"rotation": {"angle": 0, "axis": "z", "origin": [7.8, -0.5, -13]},
			"faces": {
				"north": {"uv": [0.5, 12.5, 2.5, 16], "texture": "#0"},
				"east": {"uv": [0.5, 12.5, 2.5, 16], "texture": "#0"},
				"south": {"uv": [0.5, 12.5, 2.5, 16], "texture": "#0"},
				"west": {"uv": [0.5, 12.5, 2.5, 16], "texture": "#0"},
				"up": {"uv": [0.5, 12.5, 2.5, 16], "texture": "#0"},
				"down": {"uv": [0.5, 12.5, 2.5, 16], "texture": "#0"}
			}
		},
		{
			"name": "hexadecagon",
			"from": [7.60109, -1.5, -14.5],
			"to": [7.99891, 0.5, -13.5],
			"rotation": {"angle": 22.5, "axis": "z", "origin": [7.8, -0.5, -13]},
			"faces": {
				"north": {"uv": [0.5, 12.5, 2.5, 16], "texture": "#0"},
				"east": {"uv": [0.5, 12.5, 2.5, 16], "texture": "#0"},
				"south": {"uv": [0.5, 12.5, 2.5, 16], "texture": "#0"},
				"west": {"uv": [0.5, 12.5, 2.5, 16], "texture": "#0"},
				"up": {"uv": [0.5, 12.5, 2.5, 16], "texture": "#0"},
				"down": {"uv": [0.5, 12.5, 2.5, 16], "texture": "#0"}
			}
		},
		{
			"name": "hexadecagon",
			"from": [7.60109, -1.5, -14.5],
			"to": [7.99891, 0.5, -13.5],
			"rotation": {"angle": 45, "axis": "z", "origin": [7.8, -0.5, -13]},
			"faces": {
				"north": {"uv": [0.5, 12.5, 2.5, 16], "texture": "#0"},
				"east": {"uv": [0.5, 12.5, 2.5, 16], "texture": "#0"},
				"south": {"uv": [0.5, 12.5, 2.5, 16], "texture": "#0"},
				"west": {"uv": [0.5, 12.5, 2.5, 16], "texture": "#0"},
				"up": {"uv": [0.5, 12.5, 2.5, 16], "texture": "#0"},
				"down": {"uv": [0.5, 12.5, 2.5, 16], "texture": "#0"}
			}
		},
		{
			"name": "hexadecagon",
			"from": [6.8, -0.69891, -14.5],
			"to": [8.8, -0.30109, -13.5],
			"rotation": {"angle": -22.5, "axis": "z", "origin": [7.8, -0.5, -13]},
			"faces": {
				"north": {"uv": [0.5, 12.5, 2.5, 16], "texture": "#0"},
				"east": {"uv": [0.5, 12.5, 2.5, 16], "texture": "#0"},
				"south": {"uv": [0.5, 12.5, 2.5, 16], "texture": "#0"},
				"west": {"uv": [0.5, 12.5, 2.5, 16], "texture": "#0"},
				"up": {"uv": [0.5, 12.5, 2.5, 16], "texture": "#0"},
				"down": {"uv": [0.5, 12.5, 2.5, 16], "texture": "#0"}
			}
		},
		{
			"name": "hexadecagon",
			"from": [6.8, -0.69891, -14.5],
			"to": [8.8, -0.30109, -13.5],
			"rotation": {"angle": 0, "axis": "z", "origin": [7.8, -0.5, -13]},
			"faces": {
				"north": {"uv": [0.5, 12.5, 2.5, 16], "texture": "#0"},
				"east": {"uv": [0.5, 12.5, 2.5, 16], "texture": "#0"},
				"south": {"uv": [0.5, 12.5, 2.5, 16], "texture": "#0"},
				"west": {"uv": [0.5, 12.5, 2.5, 16], "texture": "#0"},
				"up": {"uv": [0.5, 12.5, 2.5, 16], "texture": "#0"},
				"down": {"uv": [0.5, 12.5, 2.5, 16], "texture": "#0"}
			}
		},
		{
			"name": "hexadecagon",
			"from": [6.8, -0.69891, -14.5],
			"to": [8.8, -0.30109, -13.5],
			"rotation": {"angle": 22.5, "axis": "z", "origin": [7.8, -0.5, -13]},
			"faces": {
				"north": {"uv": [0.5, 12.5, 2.5, 16], "texture": "#0"},
				"east": {"uv": [0.5, 12.5, 2.5, 16], "texture": "#0"},
				"south": {"uv": [0.5, 12.5, 2.5, 16], "texture": "#0"},
				"west": {"uv": [0.5, 12.5, 2.5, 16], "texture": "#0"},
				"up": {"uv": [0.5, 12.5, 2.5, 16], "texture": "#0"},
				"down": {"uv": [0.5, 12.5, 2.5, 16], "texture": "#0"}
			}
		},
		{
			"from": [7.3, -1, -15.4],
			"to": [8.3, 0, -14.4],
			"rotation": {"angle": 0, "axis": "y", "origin": [0.1, 0, 0]},
			"faces": {
				"north": {"uv": [0.5, 12.5, 2.5, 16], "texture": "#0"},
				"east": {"uv": [0.5, 12.5, 2.5, 16], "texture": "#0"},
				"south": {"uv": [0.5, 12.5, 2.5, 16], "texture": "#0"},
				"west": {"uv": [0.5, 12.5, 2.5, 16], "texture": "#0"},
				"up": {"uv": [0.5, 12.5, 2.5, 16], "texture": "#0"},
				"down": {"uv": [0.5, 12.5, 2.5, 16], "texture": "#0"}
			}
		},
		{
			"from": [6.4, -3, -4.6],
			"to": [8.3, 2, -2.7],
			"rotation": {"angle": 45, "axis": "y", "origin": [7.7, -0.5, -4]},
			"faces": {
				"north": {"uv": [1, 14, 2.5, 15.5], "texture": "#0"},
				"east": {"uv": [1, 14, 2.5, 15.5], "texture": "#0"},
				"south": {"uv": [1, 14, 2.5, 15.5], "texture": "#0"},
				"west": {"uv": [1, 14, 2.5, 15.5], "texture": "#0"},
				"up": {"uv": [1, 14, 2.5, 15.5], "texture": "#0"},
				"down": {"uv": [1, 14, 2.5, 15.5], "texture": "#0"}
			}
		},
		{
			"from": [6.1, -2.6, -4.9],
			"to": [8.6, 1.6, -2.4],
			"rotation": {"angle": 45, "axis": "y", "origin": [7.7, -0.5, -4]},
			"faces": {
				"north": {"uv": [1, 10.5, 2.25, 11.75], "texture": "#0"},
				"east": {"uv": [1, 10.5, 2.25, 11.75], "texture": "#0"},
				"south": {"uv": [1, 10.5, 2.25, 11.75], "texture": "#0"},
				"west": {"uv": [1, 10.5, 2.25, 11.75], "texture": "#0"},
				"up": {"uv": [1, 10.5, 2.25, 11.75], "texture": "#0"},
				"down": {"uv": [1, 10.5, 2.25, 11.75], "texture": "#0"}
			}
		}
	],
	"display": {
		"thirdperson_righthand": {
			"rotation": [-90, 0, 90],
			"translation": [-4.25, 8.5, 1.5],
			"scale": [0.5, 0.5, 0.6]
		},
		"thirdperson_lefthand": {
			"rotation": [-90, 0, 90],
			"translation": [-4.25, 8.5, 1.5],
			"scale": [0.5, 0.5, 0.6]
		},
		"firstperson_righthand": {
			"rotation": [-80, 0, 90],
			"translation": [-3.5, 6.5, 3],
			"scale": [0.3, 0.3, 0.3]
		},
		"firstperson_lefthand": {
			"rotation": [-80, 0, 90],
			"translation": [-3.5, 6.5, 3],
			"scale": [0.3, 0.3, 0.3]
		},
		"ground": {
			"translation": [0, 0.25, 0],
			"scale": [0.3, 0.3, 0.3]
		},
		"gui": {
			"rotation": [90, 45, 0],
			"translation": [0, 0.25, 2.5],
			"scale": [0.5, 0.5, 0.5]
		},
		"head": {
			"rotation": [90, 0, 0],
			"translation": [0, 4.5, 9.25]
		},
		"fixed": {
			"rotation": [90, 45, 0],
			"translation": [0, 0.25, 2.5],
			"scale": [0.5, 0.5, 0.5]
		}
	},
	"groups": [
		{
			"name": "group",
			"origin": [8, 8, 8],
			"color": 0,
			"children": [
				{
					"name": "group",
					"origin": [3.85754, -0.51148, 0.5],
					"color": 0,
					"children": [0, 1, 2, 3, 4, 5]
				},
				{
					"name": "group",
					"origin": [5.9588, -0.26537, 28],
					"color": 0,
					"children": [6, 7, 8, 9, 10, 11]
				},
				{
					"name": "group",
					"origin": [5.9588, -0.26537, 24],
					"color": 0,
					"children": [12, 13, 14, 15, 16, 17]
				},
				{
					"name": "group",
					"origin": [5.9588, -0.26537, 24],
					"color": 0,
					"children": [18, 19, 20, 21, 22, 23]
				}
			]
		},
		{
			"name": "group",
			"origin": [8, 8, 8],
			"color": 0,
			"children": [24, 25, 26, 27, 28, 29, 30, 31, 32, 33, 34, 35]
		},
		{
			"name": "hexadecagon",
			"origin": [8, 8, 8],
			"color": 0,
			"children": [36, 37, 38, 39, 40, 41, 42, 43]
		},
		{
			"name": "hexadecagon",
			"origin": [8, 8, 8],
			"color": 0,
			"children": [44, 45, 46, 47, 48, 49, 50, 51]
		},
		{
			"name": "hexadecagon",
			"origin": [8, 8, 8],
			"color": 0,
			"children": [52, 53, 54, 55, 56, 57, 58, 59, 60]
		},
		{
			"name": "group",
			"origin": [7.7, -0.5, -4],
			"color": 0,
			"children": [61, 62]
		}
	]
}