{
	"credit": "Made with Blockbench",
	"texture_size": [32, 32],
	"textures": {
		"1": "items/eyama/bh2",
		"2": "items/eyama/hnm",
		"particle": "items/eyama/bh"
	},
	"elements": [
		{
			"name": "hexadecagon",
			"from": [7.70163, -15.5, 6.5],
			"to": [8.29837, -13.5, 9.5],
			"rotation": {"angle": -45, "axis": "y", "origin": [8, -13, 8]},
			"faces": {
				"north": {"uv": [0, 0, 0.5, 0.5], "texture": "#1"},
				"east": {"uv": [0, 0, 0.5, 0.5], "texture": "#1"},
				"south": {"uv": [0, 0, 0.5, 0.5], "texture": "#1"},
				"west": {"uv": [0, 0, 0.5, 0.5], "texture": "#1"},
				"up": {"uv": [0, 0, 0.5, 0.5], "texture": "#1"},
				"down": {"uv": [0, 0, 0.5, 0.5], "texture": "#1"}
			}
		},
		{
			"name": "hexadecagon",
			"from": [7.70163, -15.5, 6.5],
			"to": [8.29837, -13.5, 9.5],
			"rotation": {"angle": -22.5, "axis": "y", "origin": [8, -13, 8]},
			"faces": {
				"north": {"uv": [0, 0, 0.5, 0.5], "texture": "#1"},
				"east": {"uv": [0, 0, 0.5, 0.5], "texture": "#1"},
				"south": {"uv": [0, 0, 0.5, 0.5], "texture": "#1"},
				"west": {"uv": [0, 0, 0.5, 0.5], "texture": "#1"},
				"up": {"uv": [0, 0, 0.5, 0.5], "texture": "#1"},
				"down": {"uv": [0, 0, 0.5, 0.5], "texture": "#1"}
			}
		},
		{
			"name": "hexadecagon",
			"from": [7.70163, -15.5, 6.5],
			"to": [8.29837, -13.5, 9.5],
			"rotation": {"angle": 0, "axis": "y", "origin": [8, -13, 8]},
			"faces": {
				"north": {"uv": [0, 0, 0.5, 0.5], "texture": "#1"},
				"east": {"uv": [0, 0, 0.5, 0.5], "texture": "#1"},
				"south": {"uv": [0, 0, 0.5, 0.5], "texture": "#1"},
				"west": {"uv": [0, 0, 0.5, 0.5], "texture": "#1"},
				"up": {"uv": [0, 0, 0.5, 0.5], "texture": "#1"},
				"down": {"uv": [0, 0, 0.5, 0.5], "texture": "#1"}
			}
		},
		{
			"name": "hexadecagon",
			"from": [7.70163, -15.5, 6.5],
			"to": [8.29837, -13.5, 9.5],
			"rotation": {"angle": 22.5, "axis": "y", "origin": [8, -13, 8]},
			"faces": {
				"north": {"uv": [0, 0, 0.5, 0.5], "texture": "#1"},
				"east": {"uv": [0, 0, 0.5, 0.5], "texture": "#1"},
				"south": {"uv": [0, 0, 0.5, 0.5], "texture": "#1"},
				"west": {"uv": [0, 0, 0.5, 0.5], "texture": "#1"},
				"up": {"uv": [0, 0, 0.5, 0.5], "texture": "#1"},
				"down": {"uv": [0, 0, 0.5, 0.5], "texture": "#1"}
			}
		},
		{
			"name": "hexadecagon",
			"from": [7.70163, -15.5, 6.5],
			"to": [8.29837, -13.5, 9.5],
			"rotation": {"angle": 45, "axis": "y", "origin": [8, -13, 8]},
			"faces": {
				"north": {"uv": [0, 0, 0.5, 0.5], "texture": "#1"},
				"east": {"uv": [0, 0, 0.5, 0.5], "texture": "#1"},
				"south": {"uv": [0, 0, 0.5, 0.5], "texture": "#1"},
				"west": {"uv": [0, 0, 0.5, 0.5], "texture": "#1"},
				"up": {"uv": [0, 0, 0.5, 0.5], "texture": "#1"},
				"down": {"uv": [0, 0, 0.5, 0.5], "texture": "#1"}
			}
		},
		{
			"name": "hexadecagon",
			"from": [6.5, -15.5, 7.70163],
			"to": [9.5, -13.5, 8.29837],
			"rotation": {"angle": -22.5, "axis": "y", "origin": [8, -13, 8]},
			"faces": {
				"north": {"uv": [0, 0, 0.5, 0.5], "texture": "#1"},
				"east": {"uv": [0, 0, 0.5, 0.5], "texture": "#1"},
				"south": {"uv": [0, 0, 0.5, 0.5], "texture": "#1"},
				"west": {"uv": [0, 0, 0.5, 0.5], "texture": "#1"},
				"up": {"uv": [0, 0, 0.5, 0.5], "texture": "#1"},
				"down": {"uv": [0, 0, 0.5, 0.5], "texture": "#1"}
			}
		},
		{
			"name": "hexadecagon",
			"from": [6.5, -15.5, 7.70163],
			"to": [9.5, -13.5, 8.29837],
			"rotation": {"angle": 0, "axis": "y", "origin": [8, -13, 8]},
			"faces": {
				"north": {"uv": [0, 0, 0.5, 0.5], "texture": "#1"},
				"east": {"uv": [0, 0, 0.5, 0.5], "texture": "#1"},
				"south": {"uv": [0, 0, 0.5, 0.5], "texture": "#1"},
				"west": {"uv": [0, 0, 0.5, 0.5], "texture": "#1"},
				"up": {"uv": [0, 0, 0.5, 0.5], "texture": "#1"},
				"down": {"uv": [0, 0, 0.5, 0.5], "texture": "#1"}
			}
		},
		{
			"name": "hexadecagon",
			"from": [6.5, -15.5, 7.70163],
			"to": [9.5, -13.5, 8.29837],
			"rotation": {"angle": 22.5, "axis": "y", "origin": [8, -13, 8]},
			"faces": {
				"north": {"uv": [0, 0, 0.5, 0.5], "texture": "#1"},
				"east": {"uv": [0, 0, 0.5, 0.5], "texture": "#1"},
				"south": {"uv": [0, 0, 0.5, 0.5], "texture": "#1"},
				"west": {"uv": [0, 0, 0.5, 0.5], "texture": "#1"},
				"up": {"uv": [0, 0, 0.5, 0.5], "texture": "#1"},
				"down": {"uv": [0, 0, 0.5, 0.5], "texture": "#1"}
			}
		},
		{
			"name": "hexadecagon",
			"from": [7.80109, -13.5, 7],
			"to": [8.19891, -3.5, 9],
			"rotation": {"angle": -45, "axis": "y", "origin": [8, -10, 8]},
			"faces": {
				"north": {"uv": [9, 3.5, 11, 6.5], "texture": "#1"},
				"east": {"uv": [9, 3.5, 11, 6.5], "texture": "#1"},
				"south": {"uv": [9, 3.5, 11, 6.5], "texture": "#1"},
				"west": {"uv": [9, 3.5, 11, 6.5], "texture": "#1"},
				"up": {"uv": [9, 3.5, 11, 6.5], "texture": "#1"},
				"down": {"uv": [9, 3.5, 11, 6.5], "texture": "#1"}
			}
		},
		{
			"name": "hexadecagon",
			"from": [7.80109, -13.5, 7],
			"to": [8.19891, -3.5, 9],
			"rotation": {"angle": -22.5, "axis": "y", "origin": [8, -10, 8]},
			"faces": {
				"north": {"uv": [9, 3.5, 11, 6.5], "texture": "#1"},
				"east": {"uv": [9, 3.5, 11, 6.5], "texture": "#1"},
				"south": {"uv": [9, 3.5, 11, 6.5], "texture": "#1"},
				"west": {"uv": [9, 3.5, 11, 6.5], "texture": "#1"},
				"up": {"uv": [9, 3.5, 11, 6.5], "texture": "#1"},
				"down": {"uv": [9, 3.5, 11, 6.5], "texture": "#1"}
			}
		},
		{
			"name": "hexadecagon",
			"from": [7.80109, -13.5, 7],
			"to": [8.19891, -3.5, 9],
			"rotation": {"angle": 0, "axis": "y", "origin": [8, -10, 8]},
			"faces": {
				"north": {"uv": [9, 3.5, 11, 6.5], "texture": "#1"},
				"east": {"uv": [9, 3.5, 11, 6.5], "texture": "#1"},
				"south": {"uv": [9, 3.5, 11, 6.5], "texture": "#1"},
				"west": {"uv": [9, 3.5, 11, 6.5], "texture": "#1"},
				"up": {"uv": [9, 3.5, 11, 6.5], "texture": "#1"},
				"down": {"uv": [9, 3.5, 11, 6.5], "texture": "#1"}
			}
		},
		{
			"name": "hexadecagon",
			"from": [7.80109, -13.5, 7],
			"to": [8.19891, -3.5, 9],
			"rotation": {"angle": 22.5, "axis": "y", "origin": [8, -10, 8]},
			"faces": {
				"north": {"uv": [9, 3.5, 11, 6.5], "texture": "#1"},
				"east": {"uv": [9, 3.5, 11, 6.5], "texture": "#1"},
				"south": {"uv": [9, 3.5, 11, 6.5], "texture": "#1"},
				"west": {"uv": [9, 3.5, 11, 6.5], "texture": "#1"},
				"up": {"uv": [9, 3.5, 11, 6.5], "texture": "#1"},
				"down": {"uv": [9, 3.5, 11, 6.5], "texture": "#1"}
			}
		},
		{
			"name": "hexadecagon",
			"from": [7.80109, -13.5, 7],
			"to": [8.19891, -3.5, 9],
			"rotation": {"angle": 45, "axis": "y", "origin": [8, -10, 8]},
			"faces": {
				"north": {"uv": [9, 3.5, 11, 6.5], "texture": "#1"},
				"east": {"uv": [9, 3.5, 11, 6.5], "texture": "#1"},
				"south": {"uv": [9, 3.5, 11, 6.5], "texture": "#1"},
				"west": {"uv": [9, 3.5, 11, 6.5], "texture": "#1"},
				"up": {"uv": [9, 3.5, 11, 6.5], "texture": "#1"},
				"down": {"uv": [9, 3.5, 11, 6.5], "texture": "#1"}
			}
		},
		{
			"name": "hexadecagon",
			"from": [7, -13.5, 7.80109],
			"to": [9, -3.5, 8.19891],
			"rotation": {"angle": -22.5, "axis": "y", "origin": [8, -10, 8]},
			"faces": {
				"north": {"uv": [9, 3.5, 11, 6.5], "texture": "#1"},
				"east": {"uv": [9, 3.5, 11, 6.5], "texture": "#1"},
				"south": {"uv": [9, 3.5, 11, 6.5], "texture": "#1"},
				"west": {"uv": [9, 3.5, 11, 6.5], "texture": "#1"},
				"up": {"uv": [9, 3.5, 11, 6.5], "texture": "#1"},
				"down": {"uv": [9, 3.5, 11, 6.5], "texture": "#1"}
			}
		},
		{
			"name": "hexadecagon",
			"from": [7, -13.5, 7.80109],
			"to": [9, -3.5, 8.19891],
			"rotation": {"angle": 0, "axis": "y", "origin": [8, -10, 8]},
			"faces": {
				"north": {"uv": [9, 3.5, 11, 6.5], "texture": "#1"},
				"east": {"uv": [9, 3.5, 11, 6.5], "texture": "#1"},
				"south": {"uv": [9, 3.5, 11, 6.5], "texture": "#1"},
				"west": {"uv": [9, 3.5, 11, 6.5], "texture": "#1"},
				"up": {"uv": [9, 3.5, 11, 6.5], "texture": "#1"},
				"down": {"uv": [9, 3.5, 11, 6.5], "texture": "#1"}
			}
		},
		{
			"name": "hexadecagon",
			"from": [7, -13.5, 7.80109],
			"to": [9, -3.5, 8.19891],
			"rotation": {"angle": 22.5, "axis": "y", "origin": [8, -10, 8]},
			"faces": {
				"north": {"uv": [9, 3.5, 11, 6.5], "texture": "#1"},
				"east": {"uv": [9, 3.5, 11, 6.5], "texture": "#1"},
				"south": {"uv": [9, 3.5, 11, 6.5], "texture": "#1"},
				"west": {"uv": [9, 3.5, 11, 6.5], "texture": "#1"},
				"up": {"uv": [9, 3.5, 11, 6.5], "texture": "#1"},
				"down": {"uv": [9, 3.5, 11, 6.5], "texture": "#1"}
			}
		},
		{
			"name": "hexadecagon",
			"from": [7.84087, -3.5, 7.2],
			"to": [8.15913, 32, 8.8],
			"rotation": {"angle": -45, "axis": "y", "origin": [8, 0, 8]},
			"faces": {
				"north": {"uv": [13, 3.5, 14.5, 5.5], "texture": "#1"},
				"east": {"uv": [13, 3.5, 14.5, 5.5], "texture": "#1"},
				"south": {"uv": [13, 3.5, 14.5, 5.5], "texture": "#1"},
				"west": {"uv": [13, 3.5, 14.5, 5.5], "texture": "#1"},
				"up": {"uv": [13, 3.5, 14.5, 5.5], "texture": "#1"},
				"down": {"uv": [13, 3.5, 14.5, 5.5], "texture": "#1"}
			}
		},
		{
			"name": "hexadecagon",
			"from": [7.84087, -3.5, 7.2],
			"to": [8.15913, 32, 8.8],
			"rotation": {"angle": -22.5, "axis": "y", "origin": [8, 0, 8]},
			"faces": {
				"north": {"uv": [13, 3.5, 14.5, 5.5], "texture": "#1"},
				"east": {"uv": [13, 3.5, 14.5, 5.5], "texture": "#1"},
				"south": {"uv": [13, 3.5, 14.5, 5.5], "texture": "#1"},
				"west": {"uv": [13, 3.5, 14.5, 5.5], "texture": "#1"},
				"up": {"uv": [13, 3.5, 14.5, 5.5], "texture": "#1"},
				"down": {"uv": [13, 3.5, 14.5, 5.5], "texture": "#1"}
			}
		},
		{
			"name": "hexadecagon",
			"from": [7.84087, -3.5, 7.2],
			"to": [8.15913, 32, 8.8],
			"rotation": {"angle": 0, "axis": "y", "origin": [8, 0, 8]},
			"faces": {
				"north": {"uv": [13, 3.5, 14.5, 5.5], "texture": "#1"},
				"east": {"uv": [13, 3.5, 14.5, 5.5], "texture": "#1"},
				"south": {"uv": [13, 3.5, 14.5, 5.5], "texture": "#1"},
				"west": {"uv": [13, 3.5, 14.5, 5.5], "texture": "#1"},
				"up": {"uv": [13, 3.5, 14.5, 5.5], "texture": "#1"},
				"down": {"uv": [13, 3.5, 14.5, 5.5], "texture": "#1"}
			}
		},
		{
			"name": "hexadecagon",
			"from": [7.84087, -3.5, 7.2],
			"to": [8.15913, 32, 8.8],
			"rotation": {"angle": 22.5, "axis": "y", "origin": [8, 0, 8]},
			"faces": {
				"north": {"uv": [13, 3.5, 14.5, 5.5], "texture": "#1"},
				"east": {"uv": [13, 3.5, 14.5, 5.5], "texture": "#1"},
				"south": {"uv": [13, 3.5, 14.5, 5.5], "texture": "#1"},
				"west": {"uv": [13, 3.5, 14.5, 5.5], "texture": "#1"},
				"up": {"uv": [13, 3.5, 14.5, 5.5], "texture": "#1"},
				"down": {"uv": [13, 3.5, 14.5, 5.5], "texture": "#1"}
			}
		},
		{
			"name": "hexadecagon",
			"from": [7.84087, -3.5, 7.2],
			"to": [8.15913, 32, 8.8],
			"rotation": {"angle": 45, "axis": "y", "origin": [8, 0, 8]},
			"faces": {
				"north": {"uv": [13, 3.5, 14.5, 5.5], "texture": "#1"},
				"east": {"uv": [13, 3.5, 14.5, 5.5], "texture": "#1"},
				"south": {"uv": [13, 3.5, 14.5, 5.5], "texture": "#1"},
				"west": {"uv": [13, 3.5, 14.5, 5.5], "texture": "#1"},
				"up": {"uv": [13, 3.5, 14.5, 5.5], "texture": "#1"},
				"down": {"uv": [13, 3.5, 14.5, 5.5], "texture": "#1"}
			}
		},
		{
			"name": "hexadecagon",
			"from": [7.2, -3.5, 7.84087],
			"to": [8.8, 32, 8.15913],
			"rotation": {"angle": -22.5, "axis": "y", "origin": [8, 0, 8]},
			"faces": {
				"north": {"uv": [13, 3.5, 14.5, 5.5], "texture": "#1"},
				"east": {"uv": [13, 3.5, 14.5, 5.5], "texture": "#1"},
				"south": {"uv": [13, 3.5, 14.5, 5.5], "texture": "#1"},
				"west": {"uv": [13, 3.5, 14.5, 5.5], "texture": "#1"},
				"up": {"uv": [13, 3.5, 14.5, 5.5], "texture": "#1"},
				"down": {"uv": [13, 3.5, 14.5, 5.5], "texture": "#1"}
			}
		},
		{
			"name": "hexadecagon",
			"from": [7.2, -3.5, 7.84087],
			"to": [8.8, 32, 8.15913],
			"rotation": {"angle": 0, "axis": "y", "origin": [8, 0, 8]},
			"faces": {
				"north": {"uv": [13, 3.5, 14.5, 5.5], "texture": "#1"},
				"east": {"uv": [13, 3.5, 14.5, 5.5], "texture": "#1"},
				"south": {"uv": [13, 3.5, 14.5, 5.5], "texture": "#1"},
				"west": {"uv": [13, 3.5, 14.5, 5.5], "texture": "#1"},
				"up": {"uv": [13, 3.5, 14.5, 5.5], "texture": "#1"},
				"down": {"uv": [13, 3.5, 14.5, 5.5], "texture": "#1"}
			}
		},
		{
			"name": "hexadecagon",
			"from": [7.2, -3.5, 7.84087],
			"to": [8.8, 32, 8.15913],
			"rotation": {"angle": 22.5, "axis": "y", "origin": [8, 0, 8]},
			"faces": {
				"north": {"uv": [13, 3.5, 14.5, 5.5], "texture": "#1"},
				"east": {"uv": [13, 3.5, 14.5, 5.5], "texture": "#1"},
				"south": {"uv": [13, 3.5, 14.5, 5.5], "texture": "#1"},
				"west": {"uv": [13, 3.5, 14.5, 5.5], "texture": "#1"},
				"up": {"uv": [13, 3.5, 14.5, 5.5], "texture": "#1"},
				"down": {"uv": [13, 3.5, 14.5, 5.5], "texture": "#1"}
			}
		},
		{
			"from": [-3, 19, 3],
			"to": [19, 28, 13],
			"faces": {
				"north": {"uv": [0, 0, 11, 4.5], "texture": "#2"},
				"east": {"uv": [0, 0, 11, 4.5], "texture": "#2"},
				"south": {"uv": [0, 0, 11, 4.5], "texture": "#2"},
				"west": {"uv": [0, 0, 11, 4.5], "texture": "#2"},
				"up": {"uv": [0, 0, 11, 4.5], "texture": "#2"},
				"down": {"uv": [0, 0, 11, 4.5], "texture": "#2"}
			}
		},
		{
			"from": [-2, 28, 3],
			"to": [18, 30, 13],
			"faces": {
				"north": {"uv": [0, 0, 10, 2.5], "texture": "#2"},
				"east": {"uv": [0, 0, 10, 2.5], "texture": "#2"},
				"south": {"uv": [0, 0, 10, 2.5], "texture": "#2"},
				"west": {"uv": [0, 0, 10, 2.5], "texture": "#2"},
				"up": {"uv": [0, 0, 10, 2.5], "texture": "#2"},
				"down": {"uv": [0, 0, 10, 2.5], "texture": "#2"}
			}
		},
		{
			"from": [-2, 17, 3],
			"to": [18, 19, 13],
			"faces": {
				"north": {"uv": [0, 0, 16, 2.5], "texture": "#2"},
				"east": {"uv": [0, 0, 16, 2.5], "texture": "#2"},
				"south": {"uv": [0, 0, 16, 2.5], "texture": "#2"},
				"west": {"uv": [0, 0, 16, 2.5], "texture": "#2"},
				"up": {"uv": [0, 0, 16, 2.5], "texture": "#2"},
				"down": {"uv": [0, 0, 16, 2.5], "texture": "#2"}
			}
		},
		{
			"from": [-2, 19, 1],
			"to": [18, 28, 3],
			"faces": {
				"north": {"uv": [0, 0, 10, 4.5], "texture": "#2"},
				"east": {"uv": [0, 0, 10, 4.5], "texture": "#2"},
				"south": {"uv": [0, 0, 10, 4.5], "texture": "#2"},
				"west": {"uv": [0, 0, 10, 4.5], "texture": "#2"},
				"up": {"uv": [0, 0, 10, 4.5], "texture": "#2"},
				"down": {"uv": [0, 0, 10, 4.5], "texture": "#2"}
			}
		},
		{
			"from": [-2, 19, 13],
			"to": [18, 28, 15],
			"faces": {
				"north": {"uv": [0, 0, 10, 4.5], "texture": "#2"},
				"east": {"uv": [0, 0, 10, 4.5], "texture": "#2"},
				"south": {"uv": [0, 0, 10, 4.5], "texture": "#2"},
				"west": {"uv": [0, 0, 10, 4.5], "texture": "#2"},
				"up": {"uv": [0, 0, 10, 4.5], "texture": "#2"},
				"down": {"uv": [0, 0, 10, 4.5], "texture": "#2"}
			}
		},
		{
			"from": [-13.9435, 28.98332, 3],
			"to": [-11.9435, 30.98332, 13],
			"rotation": {"angle": -22.5, "axis": "z", "origin": [-10.9435, 0.98332, 0]},
			"faces": {
				"north": {"uv": [0, 0, 1, 1], "texture": "#2"},
				"east": {"uv": [0, 0, 1, 1], "texture": "#2"},
				"south": {"uv": [0, 0, 1, 1], "texture": "#2"},
				"west": {"uv": [0, 0, 1, 1], "texture": "#2"},
				"up": {"uv": [0, 0, 1, 1], "texture": "#2"},
				"down": {"uv": [0, 0, 1, 1], "texture": "#2"}
			}
		},
		{
			"from": [-2.69344, 17.4588, 3],
			"to": [-0.69344, 19.4588, 13],
			"rotation": {"angle": 22.5, "axis": "z", "origin": [-1.69344, 18.4588, 8]},
			"faces": {
				"north": {"uv": [0, 0, 1, 1], "texture": "#2"},
				"east": {"uv": [0, 0, 1, 1], "texture": "#2"},
				"south": {"uv": [0, 0, 1, 1], "texture": "#2"},
				"west": {"uv": [0, 0, 1, 1], "texture": "#2"},
				"up": {"uv": [0, 0, 1, 1], "texture": "#2"},
				"down": {"uv": [0, 0, 1, 1], "texture": "#2"}
			}
		},
		{
			"from": [16.69344, 27.5412, 3],
			"to": [18.69344, 29.5412, 13],
			"rotation": {"angle": 22.5, "axis": "z", "origin": [17.69344, 28.5412, 8]},
			"faces": {
				"north": {"uv": [0, 0, 1, 1], "texture": "#2"},
				"east": {"uv": [0, 0, 1, 1], "texture": "#2"},
				"south": {"uv": [0, 0, 1, 1], "texture": "#2"},
				"west": {"uv": [0, 0, 1, 1], "texture": "#2"},
				"up": {"uv": [0, 0, 1, 1], "texture": "#2"},
				"down": {"uv": [0, 0, 1, 1], "texture": "#2"}
			}
		},
		{
			"from": [5.44338, 18.90093, 3],
			"to": [7.44338, 20.90093, 13],
			"rotation": {"angle": -22.5, "axis": "z", "origin": [8.44338, -9.09907, 0]},
			"faces": {
				"north": {"uv": [0, 0, 1, 1], "texture": "#2"},
				"east": {"uv": [0, 0, 1, 1], "texture": "#2"},
				"south": {"uv": [0, 0, 1, 1], "texture": "#2"},
				"west": {"uv": [0, 0, 1, 1], "texture": "#2"},
				"up": {"uv": [0, 0, 1, 1], "texture": "#2"},
				"down": {"uv": [0, 0, 1, 1], "texture": "#2"}
			}
		},
		{
			"from": [-8.20325, 19, 12.84152],
			"to": [-6.20325, 28, 14.84152],
			"rotation": {"angle": 22.5, "axis": "y", "origin": [-5.20325, 0, -0.15848]},
			"faces": {
				"north": {"uv": [0, 0, 1, 4.5], "texture": "#2"},
				"east": {"uv": [0, 0, 1, 4.5], "texture": "#2"},
				"south": {"uv": [0, 0, 1, 4.5], "texture": "#2"},
				"west": {"uv": [0, 0, 1, 4.5], "texture": "#2"},
				"up": {"uv": [0, 0, 1, 4.5], "texture": "#2"},
				"down": {"uv": [0, 0, 1, 4.5], "texture": "#2"}
			}
		},
		{
			"from": [2.51189, 19, 3.28986],
			"to": [4.51189, 28, 5.28986],
			"rotation": {"angle": -22.5, "axis": "y", "origin": [5.51189, 0, -9.71014]},
			"faces": {
				"north": {"uv": [0, 0, 1, 4.5], "texture": "#2"},
				"east": {"uv": [0, 0, 1, 4.5], "texture": "#2"},
				"south": {"uv": [0, 0, 1, 4.5], "texture": "#2"},
				"west": {"uv": [0, 0, 1, 4.5], "texture": "#2"},
				"up": {"uv": [0, 0, 1, 4.5], "texture": "#2"},
				"down": {"uv": [0, 0, 1, 4.5], "texture": "#2"}
			}
		},
		{
			"from": [21.89876, 19, 14.37225],
			"to": [23.89876, 28, 16.37225],
			"rotation": {"angle": -22.5, "axis": "y", "origin": [24.89876, 0, 1.37225]},
			"faces": {
				"north": {"uv": [0, 0, 1, 4.5], "texture": "#2"},
				"east": {"uv": [0, 0, 1, 4.5], "texture": "#2"},
				"south": {"uv": [0, 0, 1, 4.5], "texture": "#2"},
				"west": {"uv": [0, 0, 1, 4.5], "texture": "#2"},
				"up": {"uv": [0, 0, 1, 4.5], "texture": "#2"},
				"down": {"uv": [0, 0, 1, 4.5], "texture": "#2"}
			}
		},
		{
			"from": [11.18363, 19, 1.75912],
			"to": [13.18363, 28, 3.75912],
			"rotation": {"angle": 22.5, "axis": "y", "origin": [14.18363, 0, -11.24088]},
			"faces": {
				"north": {"uv": [0, 0, 1, 4.5], "texture": "#2"},
				"east": {"uv": [0, 0, 1, 4.5], "texture": "#2"},
				"south": {"uv": [0, 0, 1, 4.5], "texture": "#2"},
				"west": {"uv": [0, 0, 1, 4.5], "texture": "#2"},
				"up": {"uv": [0, 0, 1, 4.5], "texture": "#2"},
				"down": {"uv": [0, 0, 1, 4.5], "texture": "#2"}
			}
		},
		{
			"name": "hexadecagon",
			"from": [7.70163, 29.5, 6.5],
			"to": [8.29837, 31.5, 9.5],
			"rotation": {"angle": -45, "axis": "y", "origin": [8, 32, 8]},
			"faces": {
				"north": {"uv": [0, 0, 0.5, 0.5], "texture": "#1"},
				"east": {"uv": [0, 0, 0.5, 0.5], "texture": "#1"},
				"south": {"uv": [0, 0, 0.5, 0.5], "texture": "#1"},
				"west": {"uv": [0, 0, 0.5, 0.5], "texture": "#1"},
				"up": {"uv": [0, 0, 0.5, 0.5], "texture": "#1"},
				"down": {"uv": [0, 0, 0.5, 0.5], "texture": "#1"}
			}
		},
		{
			"name": "hexadecagon",
			"from": [7.70163, 29.5, 6.5],
			"to": [8.29837, 31.5, 9.5],
			"rotation": {"angle": -22.5, "axis": "y", "origin": [8, 32, 8]},
			"faces": {
				"north": {"uv": [0, 0, 0.5, 0.5], "texture": "#1"},
				"east": {"uv": [0, 0, 0.5, 0.5], "texture": "#1"},
				"south": {"uv": [0, 0, 0.5, 0.5], "texture": "#1"},
				"west": {"uv": [0, 0, 0.5, 0.5], "texture": "#1"},
				"up": {"uv": [0, 0, 0.5, 0.5], "texture": "#1"},
				"down": {"uv": [0, 0, 0.5, 0.5], "texture": "#1"}
			}
		},
		{
			"name": "hexadecagon",
			"from": [7.70163, 29.5, 6.5],
			"to": [8.29837, 31.5, 9.5],
			"rotation": {"angle": 0, "axis": "y", "origin": [8, 32, 8]},
			"faces": {
				"north": {"uv": [0, 0, 0.5, 0.5], "texture": "#1"},
				"east": {"uv": [0, 0, 0.5, 0.5], "texture": "#1"},
				"south": {"uv": [0, 0, 0.5, 0.5], "texture": "#1"},
				"west": {"uv": [0, 0, 0.5, 0.5], "texture": "#1"},
				"up": {"uv": [0, 0, 0.5, 0.5], "texture": "#1"},
				"down": {"uv": [0, 0, 0.5, 0.5], "texture": "#1"}
			}
		},
		{
			"name": "hexadecagon",
			"from": [7.70163, 29.5, 6.5],
			"to": [8.29837, 31.5, 9.5],
			"rotation": {"angle": 22.5, "axis": "y", "origin": [8, 32, 8]},
			"faces": {
				"north": {"uv": [0, 0, 0.5, 0.5], "texture": "#1"},
				"east": {"uv": [0, 0, 0.5, 0.5], "texture": "#1"},
				"south": {"uv": [0, 0, 0.5, 0.5], "texture": "#1"},
				"west": {"uv": [0, 0, 0.5, 0.5], "texture": "#1"},
				"up": {"uv": [0, 0, 0.5, 0.5], "texture": "#1"},
				"down": {"uv": [0, 0, 0.5, 0.5], "texture": "#1"}
			}
		},
		{
			"name": "hexadecagon",
			"from": [7.70163, 29.5, 6.5],
			"to": [8.29837, 31.5, 9.5],
			"rotation": {"angle": 45, "axis": "y", "origin": [8, 32, 8]},
			"faces": {
				"north": {"uv": [0, 0, 0.5, 0.5], "texture": "#1"},
				"east": {"uv": [0, 0, 0.5, 0.5], "texture": "#1"},
				"south": {"uv": [0, 0, 0.5, 0.5], "texture": "#1"},
				"west": {"uv": [0, 0, 0.5, 0.5], "texture": "#1"},
				"up": {"uv": [0, 0, 0.5, 0.5], "texture": "#1"},
				"down": {"uv": [0, 0, 0.5, 0.5], "texture": "#1"}
			}
		},
		{
			"name": "hexadecagon",
			"from": [6.5, 29.5, 7.70163],
			"to": [9.5, 31.5, 8.29837],
			"rotation": {"angle": -22.5, "axis": "y", "origin": [8, 32, 8]},
			"faces": {
				"north": {"uv": [0, 0, 0.5, 0.5], "texture": "#1"},
				"east": {"uv": [0, 0, 0.5, 0.5], "texture": "#1"},
				"south": {"uv": [0, 0, 0.5, 0.5], "texture": "#1"},
				"west": {"uv": [0, 0, 0.5, 0.5], "texture": "#1"},
				"up": {"uv": [0, 0, 0.5, 0.5], "texture": "#1"},
				"down": {"uv": [0, 0, 0.5, 0.5], "texture": "#1"}
			}
		},
		{
			"name": "hexadecagon",
			"from": [6.5, 29.5, 7.70163],
			"to": [9.5, 31.5, 8.29837],
			"rotation": {"angle": 0, "axis": "y", "origin": [8, 32, 8]},
			"faces": {
				"north": {"uv": [0, 0, 0.5, 0.5], "texture": "#1"},
				"east": {"uv": [0, 0, 0.5, 0.5], "texture": "#1"},
				"south": {"uv": [0, 0, 0.5, 0.5], "texture": "#1"},
				"west": {"uv": [0, 0, 0.5, 0.5], "texture": "#1"},
				"up": {"uv": [0, 0, 0.5, 0.5], "texture": "#1"},
				"down": {"uv": [0, 0, 0.5, 0.5], "texture": "#1"}
			}
		},
		{
			"name": "hexadecagon",
			"from": [6.5, 29.5, 7.70163],
			"to": [9.5, 31.5, 8.29837],
			"rotation": {"angle": 22.5, "axis": "y", "origin": [8, 32, 8]},
			"faces": {
				"north": {"uv": [0, 0, 0.5, 0.5], "texture": "#1"},
				"east": {"uv": [0, 0, 0.5, 0.5], "texture": "#1"},
				"south": {"uv": [0, 0, 0.5, 0.5], "texture": "#1"},
				"west": {"uv": [0, 0, 0.5, 0.5], "texture": "#1"},
				"up": {"uv": [0, 0, 0.5, 0.5], "texture": "#1"},
				"down": {"uv": [0, 0, 0.5, 0.5], "texture": "#1"}
			}
		}
	],
	"display": {
		"thirdperson_righthand": {
			"rotation": [0, 90, 0],
			"translation": [0, 6.25, 0.75],
			"scale": [0.5, 0.5, 0.5]
		},
		"thirdperson_lefthand": {
			"rotation": [0, -90, 0],
			"translation": [0, 6.25, 0.75],
			"scale": [0.5, 0.5, 0.5]
		},
		"firstperson_righthand": {
			"rotation": [25.5, 105, 0],
			"translation": [0, 3.5, 0],
			"scale": [0.3, 0.4, 0.3]
		},
		"firstperson_lefthand": {
			"rotation": [25.5, -85, 0],
			"translation": [0, 3.5, 0],
			"scale": [0.3, 0.4, 0.3]
		},
		"ground": {
			"rotation": [90, 0, 90],
			"scale": [0.5, 0.5, 0.5]
		},
		"gui": {
			"rotation": [-180, 0, 131.5],
			"translation": [0.5, 0, -1.75],
			"scale": [0.5, 0.5, 0.5]
		},
		"head": {
			"rotation": [-2.25, 90, 0]
		},
		"fixed": {
			"rotation": [-180, 0, 131.5],
			"translation": [0.5, -1.25, -4.75],
			"scale": [0.5, 0.5, 0.5]
		}
	},
	"groups": [
		{
			"name": "hexadecagon",
			"origin": [8, 8, 8],
			"color": 0,
			"children": [0, 1, 2, 3, 4, 5, 6, 7]
		},
		{
			"name": "hexadecagon",
			"origin": [8, 8, 8],
			"color": 0,
			"children": [8, 9, 10, 11, 12, 13, 14, 15]
		},
		{
			"name": "hexadecagon",
			"origin": [8, 8, 8],
			"color": 0,
			"children": [16, 17, 18, 19, 20, 21, 22, 23]
		},
		{
			"name": "group",
			"origin": [0, 0, 0],
			"color": 0,
			"children": [24, 25, 26, 27, 28, 29, 30, 31, 32, 33, 34, 35, 36]
		},
		{
			"name": "hexadecagon",
			"origin": [8, 8, 8],
			"color": 0,
			"children": [37, 38, 39, 40, 41, 42, 43, 44]
		}
	]
}