{
	"credit": "Made with Blockbench",
	"textures": {
		"0": "items/eyama/pcd",
		"1": "items/eyama/key",
		"particle": "items/eyama/pcd"
	},
	"elements": [
		{
			"from": [0, 0, 0],
			"to": [16, 1, 6],
			"faces": {
				"north": {"uv": [0, 0, 16, 5.05263], "rotation": 180, "texture": "#1"},
				"east": {"uv": [0, 0, 16, 5.05263], "rotation": 180, "texture": "#1"},
				"south": {"uv": [0, 0, 16, 5.05263], "rotation": 180, "texture": "#1"},
				"west": {"uv": [0, 0, 16, 5.05263], "rotation": 180, "texture": "#1"},
				"up": {"uv": [0, 4.68966, 16, 16], "rotation": 180, "texture": "#1"},
				"down": {"uv": [0, 0, 16, 5.05263], "rotation": 180, "texture": "#1"}
			}
		},
		{
			"from": [0, 0, 6],
			"to": [16, 1, 8],
			"rotation": {"angle": 0, "axis": "y", "origin": [8, 8, 14]},
			"faces": {
				"north": {"uv": [0, 0, 16, 5.05263], "rotation": 180, "texture": "#1"},
				"east": {"uv": [0, 0, 16, 5.05263], "rotation": 180, "texture": "#1"},
				"south": {"uv": [0, 0, 16, 5.05263], "rotation": 180, "texture": "#1"},
				"west": {"uv": [0, 0, 16, 5.05263], "rotation": 180, "texture": "#1"},
				"up": {"uv": [0, 0, 16, 4.96552], "rotation": 180, "texture": "#1"},
				"down": {"uv": [0, 0, 16, 5.05263], "rotation": 180, "texture": "#1"}
			}
		},
		{
			"from": [0, 0, -2.8],
			"to": [16, 1, -2],
			"rotation": {"angle": 0, "axis": "y", "origin": [8, 8, 4]},
			"faces": {
				"north": {"uv": [0, 0, 16, 5.05263], "rotation": 180, "texture": "#1"},
				"east": {"uv": [0, 0, 16, 5.05263], "rotation": 180, "texture": "#1"},
				"south": {"uv": [0, 0, 16, 5.05263], "rotation": 180, "texture": "#1"},
				"west": {"uv": [0, 0, 16, 5.05263], "rotation": 180, "texture": "#1"},
				"up": {"uv": [0, 0, 16, 4.96552], "rotation": 180, "texture": "#1"},
				"down": {"uv": [0, 0, 16, 5.05263], "rotation": 180, "texture": "#1"}
			}
		},
		{
			"from": [10, 0, -2],
			"to": [16, 1, 0],
			"rotation": {"angle": 0, "axis": "y", "origin": [8, 8, 6]},
			"faces": {
				"north": {"uv": [0, 0, 16, 5.05263], "rotation": 180, "texture": "#1"},
				"east": {"uv": [0, 0, 16, 5.05263], "rotation": 180, "texture": "#1"},
				"south": {"uv": [0, 0, 16, 5.05263], "rotation": 180, "texture": "#1"},
				"west": {"uv": [0, 0, 16, 5.05263], "rotation": 180, "texture": "#1"},
				"up": {"uv": [6, 0.5, 16, 5.5], "rotation": 180, "texture": "#0"},
				"down": {"uv": [0, 0, 16, 5.05263], "rotation": 180, "texture": "#1"}
			}
		},
		{
			"from": [0, 0, -2],
			"to": [6, 1, 0],
			"rotation": {"angle": 0, "axis": "y", "origin": [-2, 8, 6]},
			"faces": {
				"north": {"uv": [0, 0, 16, 5.05263], "rotation": 180, "texture": "#1"},
				"east": {"uv": [0, 0, 16, 5.05263], "rotation": 180, "texture": "#1"},
				"south": {"uv": [0, 0, 16, 5.05263], "rotation": 180, "texture": "#1"},
				"west": {"uv": [0, 0, 16, 5.05263], "rotation": 180, "texture": "#1"},
				"up": {"uv": [6, 0.5, 16, 5.5], "rotation": 180, "texture": "#0"},
				"down": {"uv": [0, 0, 16, 5.05263], "rotation": 180, "texture": "#1"}
			}
		},
		{
			"from": [6, 0, -2],
			"to": [10, 1, 0],
			"rotation": {"angle": 0, "axis": "y", "origin": [2, 8, 6]},
			"faces": {
				"north": {"uv": [0, 0, 16, 5.05263], "rotation": 180, "texture": "#1"},
				"east": {"uv": [0, 0, 16, 5.05263], "rotation": 180, "texture": "#1"},
				"south": {"uv": [0, 0, 16, 5.05263], "rotation": 180, "texture": "#1"},
				"west": {"uv": [0, 0, 16, 5.05263], "rotation": 180, "texture": "#1"},
				"up": {"uv": [8.5, 12.5, 11.5, 16], "rotation": 180, "texture": "#0"},
				"down": {"uv": [0, 0, 16, 5.05263], "rotation": 180, "texture": "#1"}
			}
		},
		{
			"from": [14.9, 1, 9.7],
			"to": [15.9, 9.9, 10.7],
			"rotation": {"angle": 22.5, "axis": "x", "origin": [6.4, 5, 10.2]},
			"faces": {
				"north": {"uv": [7, 0, 16, 1], "texture": "#0"},
				"east": {"uv": [7, 0, 16, 1], "texture": "#0"},
				"south": {"uv": [7, 0, 16, 1], "texture": "#0"},
				"west": {"uv": [7, 0, 16, 1], "texture": "#0"},
				"up": {"uv": [7, 0, 16, 1], "texture": "#0"},
				"down": {"uv": [7, 0, 16, 1], "texture": "#0"}
			}
		},
		{
			"from": [0, 9.8, 9.7],
			"to": [15.9, 10.8, 10.7],
			"rotation": {"angle": 22.5, "axis": "x", "origin": [7.5, 5, 10.2]},
			"faces": {
				"north": {"uv": [7, 0, 16, 1], "texture": "#0"},
				"east": {"uv": [7, 0, 16, 1], "texture": "#0"},
				"south": {"uv": [7, 0, 16, 1], "texture": "#0"},
				"west": {"uv": [7, 0, 16, 1], "texture": "#0"},
				"up": {"uv": [7, 0, 16, 1], "texture": "#0"},
				"down": {"uv": [7, 0, 16, 1], "texture": "#0"}
			}
		},
		{
			"from": [1, 1, 9.9],
			"to": [14.9, 9.8, 10.7],
			"rotation": {"angle": 22.5, "axis": "x", "origin": [7.5, 5, 10.2]},
			"faces": {
				"north": {"uv": [8, 15, 16, 16], "texture": "#0"},
				"east": {"uv": [7, 0, 16, 1], "texture": "#0"},
				"south": {"uv": [7, 0, 16, 1], "texture": "#0"},
				"west": {"uv": [7, 0, 16, 1], "texture": "#0"},
				"up": {"uv": [7, 0, 16, 1], "texture": "#0"},
				"down": {"uv": [7, 0, 16, 1], "texture": "#0"}
			}
		},
		{
			"from": [0, 1, 9.7],
			"to": [1, 9.8, 10.7],
			"rotation": {"angle": 22.5, "axis": "x", "origin": [9.5, 5, 10.2]},
			"faces": {
				"north": {"uv": [7, 0, 16, 1], "texture": "#0"},
				"east": {"uv": [7, 0, 16, 1], "texture": "#0"},
				"south": {"uv": [7, 0, 16, 1], "texture": "#0"},
				"west": {"uv": [7, 0, 16, 1], "texture": "#0"},
				"up": {"uv": [7, 0, 16, 1], "texture": "#0"},
				"down": {"uv": [7, 0, 16, 1], "texture": "#0"}
			}
		},
		{
			"from": [0, 0, 9.7],
			"to": [15.9, 1, 10.7],
			"rotation": {"angle": 22.5, "axis": "x", "origin": [7.5, 5, 10.2]},
			"faces": {
				"north": {"uv": [7, 0, 16, 1], "texture": "#0"},
				"east": {"uv": [7, 0, 16, 1], "texture": "#0"},
				"south": {"uv": [7, 0, 16, 1], "texture": "#0"},
				"west": {"uv": [7, 0, 16, 1], "texture": "#0"},
				"up": {"uv": [7, 0, 16, 1], "texture": "#0"},
				"down": {"uv": [7, 0, 16, 1], "texture": "#0"}
			}
		},
		{
			"from": [-7, 0, 0],
			"to": [-4, 1, 4],
			"rotation": {"angle": 0, "axis": "y", "origin": [2, 8, 8]},
			"faces": {
				"north": {"uv": [13, 12.5, 16, 16], "texture": "#0"},
				"east": {"uv": [13, 12.5, 16, 16], "texture": "#0"},
				"south": {"uv": [13, 12.5, 16, 16], "texture": "#0"},
				"west": {"uv": [13, 12.5, 16, 16], "texture": "#0"},
				"up": {"uv": [13, 12.5, 16, 16], "texture": "#0"},
				"down": {"uv": [13, 12.5, 16, 16], "texture": "#0"}
			}
		},
		{
			"from": [-7, 1, 2],
			"to": [-4, 2, 4],
			"rotation": {"angle": 0, "axis": "y", "origin": [2, 9, 8]},
			"faces": {
				"north": {"uv": [8.5, 14.5, 11.5, 15.5], "texture": "#0"},
				"east": {"uv": [8.5, 14.5, 11.5, 15.5], "texture": "#0"},
				"south": {"uv": [8.5, 14.5, 11.5, 15.5], "texture": "#0"},
				"west": {"uv": [8.5, 14.5, 11.5, 15.5], "texture": "#0"},
				"up": {"uv": [8, 13.5, 16, 16], "rotation": 180, "texture": "#0"},
				"down": {"uv": [8.5, 15, 11.5, 16], "texture": "#0"}
			}
		},
		{
			"from": [-7, 0.6, 0.2],
			"to": [-4, 1.6, 2.2],
			"rotation": {"angle": -22.5, "axis": "x", "origin": [-5.5, 1.1, 1.2]},
			"faces": {
				"north": {"uv": [8, 15, 16, 16], "rotation": 180, "texture": "#0"},
				"east": {"uv": [8, 15, 16, 16], "rotation": 180, "texture": "#0"},
				"south": {"uv": [8, 15, 16, 16], "rotation": 180, "texture": "#0"},
				"west": {"uv": [8, 15, 16, 16], "rotation": 180, "texture": "#0"},
				"up": {"uv": [8, 15, 16, 16], "rotation": 180, "texture": "#0"},
				"down": {"uv": [8, 15, 16, 16], "rotation": 180, "texture": "#0"}
			}
		}
	],
	"display": {
		"thirdperson_righthand": {
			"translation": [0, 2.5, 0],
			"scale": [0.3, 0.3, 0.3]
		},
		"thirdperson_lefthand": {
			"translation": [0, 2.5, 0],
			"scale": [0.3, 0.3, 0.3]
		},
		"firstperson_righthand": {
			"rotation": [0, -180, 0],
			"translation": [0, 7, 0],
			"scale": [0.5, 0.5, 0.5]
		},
		"firstperson_lefthand": {
			"rotation": [0, -180, 0],
			"translation": [0, 7, 0],
			"scale": [0.5, 0.5, 0.5]
		},
		"ground": {
			"rotation": [0, -180, 0],
			"translation": [0, 1.75, 0],
			"scale": [0.5, 0.5, 0.5]
		},
		"gui": {
			"rotation": [32.75, -22.5, 0],
			"translation": [-1.5, 1.25, 0],
			"scale": [-0.5, 0.5, -0.5]
		},
		"head": {
			"translation": [0, 14.5, 0]
		},
		"fixed": {
			"rotation": [-90, 0, 0],
			"translation": [1.5, -2.25, -70]
		}
	},
	"groups": [
		{
			"name": "group",
			"origin": [8, 8, 8],
			"children": [0, 1, 2, 3, 4, 5]
		},
		{
			"name": "group",
			"origin": [8, 8, 8],
			"children": [
				{
					"name": "group",
					"origin": [17, 0, 14.7],
					"children": [6, 7, 8, 9, 10]
				}, 11, 12, 13]
		}
	]
}