{
	"credit": "Made with Blockbench",
	"texture_size": [32, 32],
	"elements": [
		{
			"from": [4, 0, 0],
			"to": [8, 1, 24],
			"rotation": {"angle": 22.5, "axis": "z", "origin": [6.5, 0.5, 16]},
			"color": 6,
			"faces": {
				"north": {"uv": [0, 0, 2, 0.5], "texture": "#missing"},
				"east": {"uv": [0, 0, 12, 0.5], "texture": "#missing"},
				"south": {"uv": [0, 0, 2, 0.5], "texture": "#missing"},
				"west": {"uv": [0, 0, 12, 0.5], "texture": "#missing"},
				"up": {"uv": [0, 0, 2, 12], "texture": "#missing"},
				"down": {"uv": [0, 0, 2, 12], "texture": "#missing"}
			}
		},
		{
			"from": [7.84776, 0.30656, 0],
			"to": [11.84776, 1.30656, 24],
			"rotation": {"angle": -22.5, "axis": "z", "origin": [8.34776, 1.80656, 16]},
			"color": 6,
			"faces": {
				"north": {"uv": [0, 0, 2, 0.5], "texture": "#missing"},
				"east": {"uv": [0, 0, 12, 0.5], "texture": "#missing"},
				"south": {"uv": [0, 0, 2, 0.5], "texture": "#missing"},
				"west": {"uv": [0, 0, 12, 0.5], "texture": "#missing"},
				"up": {"uv": [0, 0, 2, 12], "texture": "#missing"},
				"down": {"uv": [0, 0, 2, 12], "texture": "#missing"}
			}
		},
		{
			"from": [4.4588, -1.76537, 0],
			"to": [8.4588, -0.76537, 24],
			"rotation": {"angle": -22.5, "axis": "z", "origin": [5.9588, -0.26537, 16]},
			"color": 6,
			"faces": {
				"north": {"uv": [0, 0, 2, 0.5], "texture": "#missing"},
				"east": {"uv": [0, 0, 12, 0.5], "texture": "#missing"},
				"south": {"uv": [0, 0, 2, 0.5], "texture": "#missing"},
				"west": {"uv": [0, 0, 12, 0.5], "texture": "#missing"},
				"up": {"uv": [0, 0, 2, 12], "texture": "#missing"},
				"down": {"uv": [0, 0, 2, 12], "texture": "#missing"}
			}
		},
		{
			"from": [6.69971, -2.60685, 0],
			"to": [10.69971, -1.60685, 24],
			"rotation": {"angle": 22.5, "axis": "z", "origin": [7.19971, -0.10685, 16]},
			"color": 6,
			"faces": {
				"north": {"uv": [0, 0, 2, 0.5], "texture": "#missing"},
				"east": {"uv": [0, 0, 12, 0.5], "texture": "#missing"},
				"south": {"uv": [0, 0, 2, 0.5], "texture": "#missing"},
				"west": {"uv": [0, 0, 12, 0.5], "texture": "#missing"},
				"up": {"uv": [0, 0, 2, 12], "texture": "#missing"},
				"down": {"uv": [0, 0, 2, 12], "texture": "#missing"}
			}
		},
		{
			"from": [11.0597, -1.03217, 0],
			"to": [11.8597, -0.27217, 24],
			"rotation": {"angle": -45, "axis": "z", "origin": [11.5597, -0.53217, 0.5]},
			"color": 5,
			"faces": {
				"north": {"uv": [0.4, 0, 0.8, 0.38], "texture": "#missing"},
				"east": {"uv": [0, 0, 12, 0.38], "texture": "#missing"},
				"south": {"uv": [0.4, 0, 0.8, 0.38], "texture": "#missing"},
				"west": {"uv": [0, 0, 12, 0.38], "texture": "#missing"},
				"up": {"uv": [0.4, 0, 0.8, 12], "texture": "#missing"},
				"down": {"uv": [0.4, 0, 0.8, 12], "texture": "#missing"}
			}
		},
		{
			"from": [3.55754, -1.01148, 0],
			"to": [4.35754, -0.25148, 24],
			"rotation": {"angle": 45, "axis": "z", "origin": [3.85754, -0.51148, 0.5]},
			"color": 5,
			"faces": {
				"north": {"uv": [0, 0, 0.4, 0.38], "texture": "#missing"},
				"east": {"uv": [0, 0, 12, 0.38], "texture": "#missing"},
				"south": {"uv": [0, 0, 0.4, 0.38], "texture": "#missing"},
				"west": {"uv": [0, 0, 12, 0.38], "texture": "#missing"},
				"up": {"uv": [0, 0, 0.4, 12], "texture": "#missing"},
				"down": {"uv": [0, 0, 0.4, 12], "texture": "#missing"}
			}
		},
		{
			"from": [6, -1, 28],
			"to": [7.6, 0, 32],
			"rotation": {"angle": 22.5, "axis": "z", "origin": [6.5, 0.5, 28]},
			"color": 1,
			"faces": {
				"north": {"uv": [0, 0, 0.8, 0.5], "texture": "#missing"},
				"east": {"uv": [0, 0, 2, 0.5], "texture": "#missing"},
				"south": {"uv": [0, 0, 0.8, 0.5], "texture": "#missing"},
				"west": {"uv": [0, 0, 2, 0.5], "texture": "#missing"},
				"up": {"uv": [0, 0, 0.8, 2], "texture": "#missing"},
				"down": {"uv": [0, 0, 0.8, 2], "texture": "#missing"}
			}
		},
		{
			"from": [8.24776, -0.69344, 28],
			"to": [9.84776, 0.30656, 32],
			"rotation": {"angle": -22.5, "axis": "z", "origin": [8.34776, 1.80656, 28]},
			"color": 1,
			"faces": {
				"north": {"uv": [0, 0, 0.8, 0.5], "texture": "#missing"},
				"east": {"uv": [0, 0, 2, 0.5], "texture": "#missing"},
				"south": {"uv": [0, 0, 0.8, 0.5], "texture": "#missing"},
				"west": {"uv": [0, 0, 2, 0.5], "texture": "#missing"},
				"up": {"uv": [0, 0, 0.8, 2], "texture": "#missing"},
				"down": {"uv": [0, 0, 0.8, 2], "texture": "#missing"}
			}
		},
		{
			"from": [7.09971, -1.60685, 28],
			"to": [8.69971, -0.60685, 32],
			"rotation": {"angle": 22.5, "axis": "z", "origin": [7.19971, -0.10685, 28]},
			"color": 1,
			"faces": {
				"north": {"uv": [0, 0, 0.8, 0.5], "texture": "#missing"},
				"east": {"uv": [0, 0, 2, 0.5], "texture": "#missing"},
				"south": {"uv": [0, 0, 0.8, 0.5], "texture": "#missing"},
				"west": {"uv": [0, 0, 2, 0.5], "texture": "#missing"},
				"up": {"uv": [0, 0, 0.8, 2], "texture": "#missing"},
				"down": {"uv": [0, 0, 0.8, 2], "texture": "#missing"}
			}
		},
		{
			"from": [6.4588, -0.76537, 28],
			"to": [8.0588, 0.23463, 32],
			"rotation": {"angle": -22.5, "axis": "z", "origin": [5.9588, -0.26537, 28]},
			"color": 1,
			"faces": {
				"north": {"uv": [0, 0, 0.8, 0.5], "texture": "#missing"},
				"east": {"uv": [0, 0, 2, 0.5], "texture": "#missing"},
				"south": {"uv": [0, 0, 0.8, 0.5], "texture": "#missing"},
				"west": {"uv": [0, 0, 2, 0.5], "texture": "#missing"},
				"up": {"uv": [0, 0, 0.8, 2], "texture": "#missing"},
				"down": {"uv": [0, 0, 0.8, 2], "texture": "#missing"}
			}
		},
		{
			"from": [8.93328, -1.01897, 28],
			"to": [9.49328, -0.47897, 32],
			"rotation": {"angle": 45, "axis": "z", "origin": [8.93328, -0.71897, 4.5]},
			"color": 5,
			"faces": {
				"north": {"uv": [0, 0, 0.28, 0.27], "texture": "#missing"},
				"east": {"uv": [0, 0, 2, 0.27], "texture": "#missing"},
				"south": {"uv": [0, 0, 0.28, 0.27], "texture": "#missing"},
				"west": {"uv": [0, 0, 2, 0.27], "texture": "#missing"},
				"up": {"uv": [0, 0, 0.28, 2], "texture": "#missing"},
				"down": {"uv": [0, 0, 0.28, 2], "texture": "#missing"}
			}
		},
		{
			"from": [6.00313, -1.01897, 28],
			"to": [6.56313, -0.47897, 32],
			"rotation": {"angle": 45, "axis": "z", "origin": [6.00313, -0.71897, 4.5]},
			"color": 5,
			"faces": {
				"north": {"uv": [0, 0, 0.28, 0.27], "texture": "#missing"},
				"east": {"uv": [0, 0, 2, 0.27], "texture": "#missing"},
				"south": {"uv": [0, 0, 0.28, 0.27], "texture": "#missing"},
				"west": {"uv": [0, 0, 2, 0.27], "texture": "#missing"},
				"up": {"uv": [0, 0, 0.28, 2], "texture": "#missing"},
				"down": {"uv": [0, 0, 0.28, 2], "texture": "#missing"}
			}
		},
		{
			"from": [4.8, -0.5, 24],
			"to": [7.8, 0.5, 28],
			"rotation": {"angle": 22.5, "axis": "z", "origin": [6.5, 0.5, 24]},
			"color": 6,
			"faces": {
				"north": {"uv": [0, 0, 1.5, 0.5], "texture": "#missing"},
				"east": {"uv": [0, 0, 2, 0.5], "texture": "#missing"},
				"south": {"uv": [0, 0, 1.5, 0.5], "texture": "#missing"},
				"west": {"uv": [0, 0, 2, 0.5], "texture": "#missing"},
				"up": {"uv": [0, 0, 1.5, 2], "texture": "#missing"},
				"down": {"uv": [0, 0, 1.5, 2], "texture": "#missing"}
			}
		},
		{
			"from": [8.04776, -0.19344, 24],
			"to": [11.04776, 0.80656, 28],
			"rotation": {"angle": -22.5, "axis": "z", "origin": [8.34776, 1.80656, 24]},
			"color": 6,
			"faces": {
				"north": {"uv": [0, 0, 1.5, 0.5], "texture": "#missing"},
				"east": {"uv": [0, 0, 2, 0.5], "texture": "#missing"},
				"south": {"uv": [0, 0, 1.5, 0.5], "texture": "#missing"},
				"west": {"uv": [0, 0, 2, 0.5], "texture": "#missing"},
				"up": {"uv": [0, 0, 1.5, 2], "texture": "#missing"},
				"down": {"uv": [0, 0, 1.5, 2], "texture": "#missing"}
			}
		},
		{
			"from": [6.89971, -2.10685, 24],
			"to": [9.89971, -1.10685, 28],
			"rotation": {"angle": 22.5, "axis": "z", "origin": [7.19971, -0.10685, 24]},
			"color": 6,
			"faces": {
				"north": {"uv": [0, 0, 1.5, 0.5], "texture": "#missing"},
				"east": {"uv": [0, 0, 2, 0.5], "texture": "#missing"},
				"south": {"uv": [0, 0, 1.5, 0.5], "texture": "#missing"},
				"west": {"uv": [0, 0, 2, 0.5], "texture": "#missing"},
				"up": {"uv": [0, 0, 1.5, 2], "texture": "#missing"},
				"down": {"uv": [0, 0, 1.5, 2], "texture": "#missing"}
			}
		},
		{
			"from": [5.2588, -1.26537, 24],
			"to": [8.2588, -0.26537, 28],
			"rotation": {"angle": -22.5, "axis": "z", "origin": [5.9588, -0.26537, 24]},
			"color": 6,
			"faces": {
				"north": {"uv": [0, 0, 1.5, 0.5], "texture": "#missing"},
				"east": {"uv": [0, 0, 2, 0.5], "texture": "#missing"},
				"south": {"uv": [0, 0, 1.5, 0.5], "texture": "#missing"},
				"west": {"uv": [0, 0, 2, 0.5], "texture": "#missing"},
				"up": {"uv": [0, 0, 1.5, 2], "texture": "#missing"},
				"down": {"uv": [0, 0, 1.5, 2], "texture": "#missing"}
			}
		},
		{
			"from": [10.24742, -1.03039, 24],
			"to": [10.80742, -0.47039, 28],
			"rotation": {"angle": 45, "axis": "z", "origin": [10.24742, -0.73039, 4.5]},
			"color": 5,
			"faces": {
				"north": {"uv": [0, 0, 0.28, 0.28], "texture": "#missing"},
				"east": {"uv": [0, 0, 2, 0.28], "texture": "#missing"},
				"south": {"uv": [0, 0, 0.28, 0.28], "texture": "#missing"},
				"west": {"uv": [0, 0, 2, 0.28], "texture": "#missing"},
				"up": {"uv": [0, 0, 0.28, 2], "texture": "#missing"},
				"down": {"uv": [0, 0, 0.28, 2], "texture": "#missing"}
			}
		},
		{
			"from": [4.71727, -1.03039, 24],
			"to": [5.27727, -0.47039, 28],
			"rotation": {"angle": 45, "axis": "z", "origin": [4.71727, -0.73039, 4.5]},
			"color": 5,
			"faces": {
				"north": {"uv": [0, 0, 0.28, 0.28], "texture": "#missing"},
				"east": {"uv": [0, 0, 2, 0.28], "texture": "#missing"},
				"south": {"uv": [0, 0, 0.28, 0.28], "texture": "#missing"},
				"west": {"uv": [0, 0, 2, 0.28], "texture": "#missing"},
				"up": {"uv": [0, 0, 0.28, 2], "texture": "#missing"},
				"down": {"uv": [0, 0, 0.28, 2], "texture": "#missing"}
			}
		},
		{
			"from": [4, -1, -1],
			"to": [11.4, 0, 0],
			"color": 5,
			"faces": {
				"north": {"uv": [0, 0, 3.7, 0.5], "texture": "#missing"},
				"east": {"uv": [0, 0, 0.5, 0.5], "texture": "#missing"},
				"south": {"uv": [0, 0, 3.7, 0.5], "texture": "#missing"},
				"west": {"uv": [0, 0, 0.5, 0.5], "texture": "#missing"},
				"up": {"uv": [0, 0, 3.7, 0.5], "texture": "#missing"},
				"down": {"uv": [0, 0, 3.7, 0.5], "texture": "#missing"}
			}
		}
	],
	"display": {
		"thirdperson_righthand": {
			"translation": [0, 5.75, 0]
		}
	},
	"groups": [
		{
			"name": "group",
			"origin": [8, 8, 8],
			"color": 0,
			"children": [
				{
					"name": "group",
					"origin": [3.85754, -0.51148, 0.5],
					"color": 0,
					"children": [0, 1, 2, 3, 4, 5]
				},
				{
					"name": "group",
					"origin": [5.9588, -0.26537, 28],
					"color": 0,
					"children": [6, 7, 8, 9, 10, 11]
				},
				{
					"name": "group",
					"origin": [5.9588, -0.26537, 24],
					"color": 0,
					"children": [12, 13, 14, 15, 16, 17]
				}, 18]
		}
	]
}