{
	"credit": "Made with Blockbench",
	"textures": {
		"0": "items/eyama/sam"
	},
	"elements": [
		{
			"from": [11.05281, 0.3, 4.8557],
			"to": [13.05281, 0.7, 8.8557],
			"rotation": {"angle": 0, "axis": "y", "origin": [12.05281, 0.5, 9.8557]},
			"faces": {
				"north": {"uv": [1.25, 6.75, 3.25, 16], "rotation": 180, "texture": "#0"},
				"east": {"uv": [0, 6.75, 2, 16], "rotation": 180, "texture": "#0"},
				"south": {"uv": [1.25, 6.75, 3.25, 16], "rotation": 180, "texture": "#0"},
				"west": {"uv": [2.75, 6.75, 3.5, 16], "rotation": 180, "texture": "#0"},
				"up": {"uv": [1.25, 6.75, 3, 16], "rotation": 180, "texture": "#0"},
				"down": {"uv": [1.25, 6.75, 3.25, 16], "rotation": 180, "texture": "#0"}
			}
		},
		{
			"from": [9.41551, 0.3, 8.09241],
			"to": [11.21551, 0.7, 12.09241],
			"rotation": {"angle": -22.5, "axis": "y", "origin": [10.21551, 0.5, 13.09241]},
			"faces": {
				"north": {"uv": [1.25, 6.75, 3.25, 16], "rotation": 180, "texture": "#0"},
				"east": {"uv": [0, 6.5, 2, 15.75], "rotation": 180, "texture": "#0"},
				"south": {"uv": [1.25, 6.75, 3.25, 16], "rotation": 180, "texture": "#0"},
				"west": {"uv": [2.75, 6.75, 3.75, 16], "rotation": 180, "texture": "#0"},
				"up": {"uv": [1.25, 6.75, 3.25, 16], "rotation": 180, "texture": "#0"},
				"down": {"uv": [1.25, 6.75, 3.25, 16], "rotation": 180, "texture": "#0"}
			}
		},
		{
			"from": [9.21551, 0.3, 8.09241],
			"to": [11.21551, 0.7, 12.09241],
			"rotation": {"angle": -22.5, "axis": "y", "origin": [10.21551, 0.5, 13.09241]},
			"faces": {
				"north": {"uv": [1.25, 6.75, 3.25, 16], "rotation": 180, "texture": "#0"},
				"east": {"uv": [0, 6.5, 2, 15.75], "rotation": 180, "texture": "#0"},
				"south": {"uv": [1.25, 6.75, 3.25, 16], "rotation": 180, "texture": "#0"},
				"west": {"uv": [2.75, 6.75, 3.75, 16], "rotation": 180, "texture": "#0"},
				"up": {"uv": [1.25, 6.75, 3.25, 16], "rotation": 180, "texture": "#0"},
				"down": {"uv": [1.25, 6.75, 3.25, 16], "rotation": 180, "texture": "#0"}
			}
		},
		{
			"from": [8.60075, 0.3, 11.25832],
			"to": [10.40075, 0.7, 15.25832],
			"rotation": {"angle": -45, "axis": "y", "origin": [9.40075, 0.5, 13.25832]},
			"faces": {
				"north": {"uv": [1.25, 6.75, 3.25, 16], "rotation": 180, "texture": "#0"},
				"east": {"uv": [0, 6.5, 2, 15.75], "rotation": 180, "texture": "#0"},
				"south": {"uv": [1.25, 6.75, 3.25, 16], "rotation": 180, "texture": "#0"},
				"west": {"uv": [2.75, 6.75, 3.75, 16], "rotation": 180, "texture": "#0"},
				"up": {"uv": [1.25, 6.75, 3.25, 16], "rotation": 180, "texture": "#0"},
				"down": {"uv": [1.25, 6.75, 3.25, 16], "rotation": 180, "texture": "#0"}
			}
		},
		{
			"from": [7.15872, 0.3, 13.09039],
			"to": [8.15872, 0.7, 14.69039],
			"rotation": {"angle": 22.5, "axis": "y", "origin": [10.15872, 0.5, 13.69039]},
			"faces": {
				"north": {"uv": [2.75, 6.75, 3.75, 16], "rotation": 180, "texture": "#0"},
				"east": {"uv": [1.25, 6.75, 3.25, 16], "rotation": 180, "texture": "#0"},
				"south": {"uv": [0, 6.5, 2, 15.75], "rotation": 180, "texture": "#0"},
				"west": {"uv": [1.25, 6.75, 3.25, 16], "rotation": 180, "texture": "#0"},
				"up": {"uv": [1.25, 6.75, 3.25, 16], "rotation": 270, "texture": "#0"},
				"down": {"uv": [1.25, 6.75, 3.25, 16], "rotation": 90, "texture": "#0"}
			}
		},
		{
			"from": [7.01346, 0.3, 14.66743],
			"to": [7.81346, 0.7, 15.76743],
			"rotation": {"angle": 0, "axis": "y", "origin": [7.31346, 0.5, 15.31743]},
			"faces": {
				"north": {"uv": [2.75, 6.75, 3.75, 16], "rotation": 180, "texture": "#0"},
				"east": {"uv": [1.25, 6.75, 3.25, 16], "rotation": 180, "texture": "#0"},
				"south": {"uv": [0, 6.5, 2, 15.75], "rotation": 180, "texture": "#0"},
				"west": {"uv": [1.25, 6.75, 3.25, 16], "rotation": 180, "texture": "#0"},
				"up": {"uv": [1.25, 6.75, 3.25, 16], "rotation": 270, "texture": "#0"},
				"down": {"uv": [1, 6.75, 3, 16], "rotation": 90, "texture": "#0"}
			}
		},
		{
			"from": [5.82588, 0.3, 14.82685],
			"to": [6.22588, 0.7, 16.32685],
			"rotation": {"angle": -22.5, "axis": "y", "origin": [8.02588, 0.5, 18.02685]},
			"faces": {
				"north": {"uv": [2.5, 6.75, 4, 16], "rotation": 180, "texture": "#0"},
				"east": {"uv": [0, 6.5, 2, 15.75], "rotation": 180, "texture": "#0"},
				"south": {"uv": [0, 6.75, 2, 16], "rotation": 180, "texture": "#0"},
				"west": {"uv": [1.5, 6.75, 3.5, 16], "rotation": 180, "texture": "#0"},
				"up": {"uv": [1.5, 6.75, 3.5, 16], "rotation": 270, "texture": "#0"},
				"down": {"uv": [1.25, 6.75, 3.25, 16], "rotation": 90, "texture": "#0"}
			}
		},
		{
			"from": [11.0588, 0, 0.80656],
			"to": [13.0588, 1, 4.80656],
			"rotation": {"angle": 0, "axis": "y", "origin": [12.0588, 0.5, -2.19344]},
			"faces": {
				"north": {"uv": [14, 6.75, 14.25, 16], "texture": "#0"},
				"east": {"uv": [14, 6.75, 14.25, 16], "texture": "#0"},
				"south": {"uv": [14, 6.75, 14.25, 16], "texture": "#0"},
				"west": {"uv": [14, 6.75, 14.25, 16], "texture": "#0"},
				"up": {"uv": [14, 6.75, 16, 16], "texture": "#0"},
				"down": {"uv": [14, 6.75, 16, 16], "texture": "#0"}
			}
		},
		{
			"from": [10.86147, -0.3, 0.19104],
			"to": [13.26147, 1.3, 0.79104],
			"rotation": {"angle": 0, "axis": "y", "origin": [12.06147, 0.5, -2.20896]},
			"faces": {
				"north": {"uv": [12.5, 2, 15, 3.25], "texture": "#0"},
				"east": {"uv": [12.5, 2, 15, 3.25], "texture": "#0"},
				"south": {"uv": [12.5, 2, 15, 3.25], "texture": "#0"},
				"west": {"uv": [12.5, 2, 15, 3.25], "texture": "#0"},
				"up": {"uv": [12.5, 2, 15, 3.25], "texture": "#0"},
				"down": {"uv": [12.5, 2, 15, 3.25], "texture": "#0"}
			}
		},
		{
			"from": [9.75281, -0.3, 4.95298],
			"to": [14.15281, 1.2, 5.15298],
			"rotation": {"angle": 0, "axis": "y", "origin": [11.95281, 0.45, 4.85298]},
			"faces": {
				"north": {"uv": [12.25, 0, 14.75, 1.25], "texture": "#0"},
				"east": {"uv": [12.25, 0, 14.75, 1.25], "texture": "#0"},
				"south": {"uv": [12.25, 0, 14.75, 1.25], "texture": "#0"},
				"west": {"uv": [12.25, 0, 14.75, 1.25], "texture": "#0"},
				"up": {"uv": [12.25, 0, 14.75, 1.25], "texture": "#0"},
				"down": {"uv": [12.25, 0, 14.75, 1.25], "texture": "#0"}
			}
		},
		{
			"from": [10.86147, -0.3, 4.79104],
			"to": [13.26147, 1.2, 5.49104],
			"rotation": {"angle": 0, "axis": "y", "origin": [12.06147, 0.45, 4.79104]},
			"faces": {
				"north": {"uv": [12.25, 0, 14.75, 1.25], "texture": "#0"},
				"east": {"uv": [12.25, 0, 14.75, 1.25], "texture": "#0"},
				"south": {"uv": [12.25, 0, 14.75, 1.25], "texture": "#0"},
				"west": {"uv": [12.25, 0, 14.75, 1.25], "texture": "#0"},
				"up": {"uv": [12.25, 0, 14.75, 1.25], "texture": "#0"},
				"down": {"uv": [12.25, 0, 14.75, 1.25], "texture": "#0"}
			}
		},
		{
			"from": [10.85281, -1.1, 4.95298],
			"to": [13.25281, -0.3, 5.15298],
			"rotation": {"angle": 0, "axis": "y", "origin": [12.05281, 0.45, 4.85298]},
			"faces": {
				"north": {"uv": [12.25, 0, 14.75, 1.25], "texture": "#0"},
				"east": {"uv": [12.25, 0, 14.75, 1.25], "texture": "#0"},
				"south": {"uv": [12.25, 0, 14.75, 1.25], "texture": "#0"},
				"west": {"uv": [12.25, 0, 14.75, 1.25], "texture": "#0"},
				"up": {"uv": [12.25, 0, 14.75, 1.25], "texture": "#0"},
				"down": {"uv": [12.25, 0, 14.75, 1.25], "texture": "#0"}
			}
		},
		{
			"from": [10.75281, 1.2, 4.95298],
			"to": [13.15281, 2, 5.15298],
			"rotation": {"angle": 0, "axis": "y", "origin": [11.95281, 0.45, 4.85298]},
			"faces": {
				"north": {"uv": [12.25, 0, 14.75, 1.25], "texture": "#0"},
				"east": {"uv": [12.25, 0, 14.75, 1.25], "texture": "#0"},
				"south": {"uv": [12.25, 0, 14.75, 1.25], "texture": "#0"},
				"west": {"uv": [12.25, 0, 14.75, 1.25], "texture": "#0"},
				"up": {"uv": [12.25, 0, 14.75, 1.25], "texture": "#0"},
				"down": {"uv": [12.25, 0, 14.75, 1.25], "texture": "#0"}
			}
		}
	],
	"display": {
		"thirdperson_righthand": {
			"rotation": [-90, 0, 90],
			"translation": [-5.5, 5.25, 2.75],
			"scale": [0.52, 0.72, 1.44]
		},
		"thirdperson_lefthand": {
			"rotation": [-90, 0, -90],
			"translation": [5.5, 5.25, 2.75],
			"scale": [0.52, 0.72, 1.44]
		},
		"firstperson_righthand": {
			"rotation": [-120, 0, 90],
			"translation": [0, 6.25, 0],
			"scale": [0.33, 0.52, 1.42]
		},
		"firstperson_lefthand": {
			"rotation": [-120, 0, -90],
			"translation": [6.75, 6.25, 0],
			"scale": [0.33, 0.52, 1.42]
		},
		"ground": {
			"translation": [0, 8.75, 0],
			"scale": [0.51, 1, 2]
		},
		"gui": {
			"rotation": [-90, 52, 0],
			"translation": [0, 0.75, -8.75],
			"scale": [0.5, 1, 1.5]
		},
		"head": {
			"rotation": [-90, 94, 0],
			"translation": [0, -20, -2.75],
			"scale": [0.5, 1, 1.98]
		},
		"fixed": {
			"rotation": [-90, 45, 0],
			"translation": [0, 1, -8.75],
			"scale": [0.5, 1, 2]
		}
	},
	"groups": [
		{
			"name": "group",
			"origin": [8, 8, 8],
			"children": [
				{
					"name": "group",
					"origin": [4.98333, 0.7, 16.92292],
					"children": [0, 1, 2, 3, 4, 5, 6]
				},
				{
					"name": "group",
					"origin": [8.5, 0.5, -13],
					"children": [7, 8, 9, 10, 11, 12]
				}
			]
		}
	]
}