{
	"credit": "Made with Blockbench",
	"parent": "trophy",
	"texture_size": [32, 32],
	"textures": {
		"0": "items/eyama/cup",
		"particle": "items/eyama/cup"
	},
	"elements": [
		{
			"from": [0, -16, 0],
			"to": [16, -15, 16],
			"faces": {
				"north": {"uv": [0, 13.25, 16, 16], "texture": "#0"},
				"east": {"uv": [0, 13.25, 16, 16], "texture": "#0"},
				"south": {"uv": [0, 13.25, 16, 16], "texture": "#0"},
				"west": {"uv": [0, 13.25, 16, 16], "texture": "#0"},
				"up": {"uv": [0, 13.25, 16, 16], "texture": "#0"},
				"down": {"uv": [0, 13.25, 16, 16], "texture": "#0"}
			}
		},
		{
			"from": [3, -15, 3],
			"to": [13, -11, 13],
			"faces": {
				"north": {"uv": [0, 13.25, 16, 16], "texture": "#0"},
				"east": {"uv": [0, 13.25, 16, 16], "texture": "#0"},
				"south": {"uv": [0, 13.25, 16, 16], "texture": "#0"},
				"west": {"uv": [0, 13.25, 16, 16], "texture": "#0"},
				"up": {"uv": [0, 13.25, 16, 16], "texture": "#0"},
				"down": {"uv": [0, 13.25, 16, 16], "texture": "#0"}
			}
		},
		{
			"from": [10, -9, 7],
			"to": [12, -7, 8],
			"faces": {
				"north": {"uv": [0, 0, 16, 7], "texture": "#0"},
				"east": {"uv": [0, 0, 16, 7], "texture": "#0"},
				"south": {"uv": [0, 0, 16, 7], "texture": "#0"},
				"west": {"uv": [0, 0, 16, 7], "texture": "#0"},
				"up": {"uv": [0, 0, 16, 7], "texture": "#0"},
				"down": {"uv": [0, 0, 16, 7], "texture": "#0"}
			}
		},
		{
			"from": [11, -10, 7],
			"to": [12, -9, 8],
			"faces": {
				"north": {"uv": [0, 0, 16, 7], "rotation": 270, "texture": "#0"},
				"east": {"uv": [0, 0, 16, 7], "rotation": 270, "texture": "#0"},
				"south": {"uv": [0, 0, 16, 7], "rotation": 270, "texture": "#0"},
				"west": {"uv": [0, 0, 16, 7], "rotation": 270, "texture": "#0"},
				"up": {"uv": [0, 0, 16, 7], "rotation": 270, "texture": "#0"},
				"down": {"uv": [0, 0, 16, 7], "rotation": 270, "texture": "#0"}
			}
		},
		{
			"from": [6, -11, 7],
			"to": [7, -10, 8],
			"faces": {
				"north": {"uv": [0, 0, 16, 7], "rotation": 270, "texture": "#0"},
				"east": {"uv": [0, 0, 16, 7], "rotation": 270, "texture": "#0"},
				"south": {"uv": [0, 0, 16, 7], "rotation": 270, "texture": "#0"},
				"west": {"uv": [0, 0, 16, 7], "rotation": 270, "texture": "#0"},
				"up": {"uv": [0, 0, 16, 7], "rotation": 270, "texture": "#0"},
				"down": {"uv": [0, 0, 16, 7], "rotation": 270, "texture": "#0"}
			}
		},
		{
			"from": [7, -11, 7],
			"to": [11, -9, 8],
			"faces": {
				"north": {"uv": [0, 0, 16, 7], "texture": "#0"},
				"east": {"uv": [0, 0, 16, 7], "texture": "#0"},
				"south": {"uv": [0, 0, 16, 7], "texture": "#0"},
				"west": {"uv": [0, 0, 16, 7], "texture": "#0"},
				"up": {"uv": [0, 0, 16, 7], "texture": "#0"},
				"down": {"uv": [0, 0, 16, 7], "texture": "#0"}
			}
		},
		{
			"from": [2, 0, 7],
			"to": [10, 2, 8],
			"faces": {
				"north": {"uv": [0, 0, 16, 7], "texture": "#0"},
				"east": {"uv": [0, 0, 16, 7], "texture": "#0"},
				"south": {"uv": [0, 0, 16, 7], "texture": "#0"},
				"west": {"uv": [0, 0, 16, 7], "texture": "#0"},
				"up": {"uv": [0, 0, 16, 7], "texture": "#0"},
				"down": {"uv": [0, 0, 16, 7], "texture": "#0"}
			}
		},
		{
			"from": [5, -10, 7],
			"to": [7, 0, 8],
			"faces": {
				"north": {"uv": [0, 0, 16, 7], "texture": "#0"},
				"east": {"uv": [0, 0, 16, 7], "texture": "#0"},
				"south": {"uv": [0, 0, 16, 7], "texture": "#0"},
				"west": {"uv": [0, 0, 16, 7], "texture": "#0"},
				"up": {"uv": [0, 0, 16, 7], "texture": "#0"},
				"down": {"uv": [0, 0, 16, 7], "texture": "#0"}
			}
		}
	],
	"display": {
		"thirdperson_righthand": {
			"translation": [0, 5.5, 0],
			"scale": [0.3, 0.3, 0.3]
		},
		"thirdperson_lefthand": {
			"translation": [0, 5.5, 0],
			"scale": [0.3, 0.3, 0.3]
		},
		"firstperson_righthand": {
			"rotation": [0, -180, 0],
			"translation": [0, 13.75, 0],
			"scale": [0.5, 0.5, 0.5]
		},
		"firstperson_lefthand": {
			"rotation": [0, -180, 0],
			"translation": [0, 13.75, 0],
			"scale": [0.5, 0.5, 0.5]
		},
		"ground": {
			"translation": [0, 21.75, 0]
		},
		"gui": {
			"rotation": [0, -180, 0],
			"translation": [0, 11.5, 0],
			"scale": [0.8, 0.8, 0.8]
		},
		"head": {
			"translation": [0, 29.5, 0]
		},
		"fixed": {
			"rotation": [-90, 0, 0],
			"translation": [0, -0.25, -24]
		}
	},
	"groups": [
		{
			"name": "group",
			"origin": [8, 8, 8],
			"children": [0, 1]
		},
		{
			"name": "group",
			"origin": [8, 8, 8],
			"children": [2, 3, 4, 5, 6, 7]
		}
	]
}