{
	"credit": "Made with Blockbench",
	"textures": {
		"0": "items/eyama/turizao",
		"particle": "items/eyama/turizao"
	},
	"elements": [
		{
			"from": [9.67669, -0.5, -0.02971],
			"to": [12.67669, 2.5, 13.97029],
			"rotation": {"angle": 22.5, "axis": "y", "origin": [11.17669, 1, 8.47029]},
			"faces": {
				"north": {"uv": [0, 0, 3, 16], "texture": "#0"},
				"east": {"uv": [0, 0, 3, 16], "rotation": 90, "texture": "#0"},
				"south": {"uv": [0, 14, 3, 16], "texture": "#0"},
				"west": {"uv": [0, 0.5, 3, 16], "rotation": 90, "texture": "#0"},
				"up": {"uv": [0, 0.5, 3, 16], "texture": "#0"},
				"down": {"uv": [0, 0.5, 3, 16], "texture": "#0"}
			}
		},
		{
			"from": [15.95376, 0, 11.61629],
			"to": [17.95376, 2, 22.61629],
			"rotation": {"angle": 45, "axis": "y", "origin": [16.95376, 1, 17.11629]},
			"faces": {
				"north": {"uv": [0, 0, 2, 16], "texture": "#0"},
				"east": {"uv": [0, 0, 2, 16], "rotation": 90, "texture": "#0"},
				"south": {"uv": [0, 14.5, 2, 16], "texture": "#0"},
				"west": {"uv": [0, 0, 2, 16], "rotation": 90, "texture": "#0"},
				"up": {"uv": [0, 0, 2, 16], "rotation": 180, "texture": "#0"},
				"down": {"uv": [0, 0, 2, 16], "rotation": 180, "texture": "#0"}
			}
		},
		{
			"from": [20.2374, 0.5, 21.70142],
			"to": [27.62111, 1.5, 22.70142],
			"rotation": {"angle": -22.5, "axis": "y", "origin": [23.92925, 1, 22.20142]},
			"faces": {
				"north": {"uv": [0, 0, 1, 16], "rotation": 270, "texture": "#0"},
				"east": {"uv": [0, 14.5, 1, 16], "rotation": 270, "texture": "#0"},
				"south": {"uv": [0, 0, 1, 16], "rotation": 270, "texture": "#0"},
				"west": {"uv": [0, 0, 1, 16], "rotation": 90, "texture": "#0"},
				"up": {"uv": [0, 0, 1, 16], "rotation": 270, "texture": "#0"},
				"down": {"uv": [0, 0, 1, 16], "rotation": 270, "texture": "#0"}
			}
		},
		{
			"from": [25.35667, 0.7, 9.24095],
			"to": [25.95667, 1.3, 23.62466],
			"rotation": {"angle": 22.5, "axis": "y", "origin": [25.65667, 1, 19.9328]},
			"faces": {
				"north": {"uv": [11, 6, 12, 10.5], "rotation": 90, "texture": "#0"},
				"east": {"uv": [11, 6, 12, 10.5], "rotation": 90, "texture": "#0"},
				"south": {"uv": [11, 6, 12, 10.5], "rotation": 90, "texture": "#0"},
				"west": {"uv": [11, 6, 12, 10.5], "rotation": 90, "texture": "#0"},
				"up": {"uv": [11, 6, 12, 10.5], "rotation": 90, "texture": "#0"},
				"down": {"uv": [11, 6, 12, 10.5], "rotation": 90, "texture": "#0"}
			}
		},
		{
			"from": [21.16447, 0.5, 7.1544],
			"to": [22.16447, 1.5, 10.5381],
			"rotation": {"angle": 0, "axis": "y", "origin": [21.66447, 1, 8.84625]},
			"faces": {
				"north": {"uv": [15, 6, 16, 10.5], "rotation": 90, "texture": "#0"},
				"east": {"uv": [15, 6, 16, 10.5], "rotation": 90, "texture": "#0"},
				"south": {"uv": [15, 6, 16, 10.5], "rotation": 90, "texture": "#0"},
				"west": {"uv": [15, 6, 16, 10.5], "rotation": 90, "texture": "#0"},
				"up": {"uv": [15, 6, 16, 10.5], "rotation": 90, "texture": "#0"},
				"down": {"uv": [15, 6, 16, 10.5], "rotation": 90, "texture": "#0"}
			}
		},
		{
			"from": [21.47897, 0.5, 7.09184],
			"to": [23.67897, 1.5, 7.87555],
			"rotation": {"angle": 0, "axis": "y", "origin": [22.57897, 1, 7.38369]},
			"faces": {
				"north": {"uv": [15, 6, 16, 10.5], "rotation": 90, "texture": "#0"},
				"east": {"uv": [15, 6, 16, 10.5], "rotation": 90, "texture": "#0"},
				"south": {"uv": [15, 6, 16, 10.5], "rotation": 90, "texture": "#0"},
				"west": {"uv": [15, 6, 16, 10.5], "rotation": 90, "texture": "#0"},
				"up": {"uv": [15, 6, 16, 10.5], "rotation": 90, "texture": "#0"},
				"down": {"uv": [15, 6, 16, 10.5], "rotation": 90, "texture": "#0"}
			}
		},
		{
			"from": [23.00899, 0.5, 7.7256],
			"to": [25.20899, 1.5, 8.5093],
			"rotation": {"angle": -45, "axis": "y", "origin": [24.10899, 1, 8.21745]},
			"faces": {
				"north": {"uv": [15, 6, 16, 10.5], "rotation": 90, "texture": "#0"},
				"east": {"uv": [15, 6, 16, 10.5], "rotation": 90, "texture": "#0"},
				"south": {"uv": [15, 6, 16, 10.5], "rotation": 90, "texture": "#0"},
				"west": {"uv": [15, 6, 16, 10.5], "rotation": 90, "texture": "#0"},
				"up": {"uv": [15, 6, 16, 10.5], "rotation": 90, "texture": "#0"},
				"down": {"uv": [15, 6, 16, 10.5], "rotation": 90, "texture": "#0"}
			}
		},
		{
			"from": [6, -1, -8],
			"to": [10, 3, 1],
			"rotation": {"angle": 0, "axis": "y", "origin": [15, 8, 1]},
			"faces": {
				"north": {"uv": [12, 15, 16, 16], "texture": "#0"},
				"east": {"uv": [12, 0, 16, 16], "rotation": 90, "texture": "#0"},
				"south": {"uv": [12, 15, 16, 16], "texture": "#0"},
				"west": {"uv": [12, 0, 16, 16], "rotation": 90, "texture": "#0"},
				"up": {"uv": [12, 0, 16, 16], "texture": "#0"},
				"down": {"uv": [12, 0, 16, 16], "texture": "#0"}
			}
		},
		{
			"from": [7, 3, -8],
			"to": [9, 4, 1],
			"rotation": {"angle": 0, "axis": "y", "origin": [15, 12, 1]},
			"faces": {
				"north": {"uv": [12, 15, 16, 16], "texture": "#0"},
				"east": {"uv": [12, 0, 16, 16], "rotation": 90, "texture": "#0"},
				"south": {"uv": [12, 15, 16, 16], "texture": "#0"},
				"west": {"uv": [12, 0, 16, 16], "rotation": 90, "texture": "#0"},
				"up": {"uv": [12, 0, 16, 16], "texture": "#0"},
				"down": {"uv": [12, 0, 16, 16], "texture": "#0"}
			}
		},
		{
			"from": [7, -2, -8],
			"to": [9, -1, 1],
			"rotation": {"angle": 0, "axis": "y", "origin": [15, 7, 1]},
			"faces": {
				"north": {"uv": [12, 15, 16, 16], "texture": "#0"},
				"east": {"uv": [12, 0, 16, 16], "rotation": 90, "texture": "#0"},
				"south": {"uv": [12, 15, 16, 16], "texture": "#0"},
				"west": {"uv": [12, 0, 16, 16], "rotation": 90, "texture": "#0"},
				"up": {"uv": [12, 0, 16, 16], "texture": "#0"},
				"down": {"uv": [12, 0, 16, 16], "texture": "#0"}
			}
		},
		{
			"from": [10, 0, -8],
			"to": [11, 2, 1],
			"rotation": {"angle": 0, "axis": "y", "origin": [18, 9, 1]},
			"faces": {
				"north": {"uv": [12, 15, 16, 16], "texture": "#0"},
				"east": {"uv": [12, 0, 16, 16], "rotation": 90, "texture": "#0"},
				"south": {"uv": [12, 15, 16, 16], "texture": "#0"},
				"west": {"uv": [12, 0, 16, 16], "texture": "#0"},
				"up": {"uv": [12, 0, 16, 16], "texture": "#0"},
				"down": {"uv": [12, 0, 16, 16], "texture": "#0"}
			}
		},
		{
			"from": [5, 0, -8],
			"to": [6, 2, 1],
			"rotation": {"angle": 0, "axis": "y", "origin": [13, 9, 1]},
			"faces": {
				"north": {"uv": [12, 15, 16, 16], "texture": "#0"},
				"east": {"uv": [12, 0, 16, 16], "texture": "#0"},
				"south": {"uv": [12, 15, 16, 16], "texture": "#0"},
				"west": {"uv": [12, 0, 16, 16], "rotation": 90, "texture": "#0"},
				"up": {"uv": [12, 0, 16, 16], "texture": "#0"},
				"down": {"uv": [12, 0, 16, 16], "texture": "#0"}
			}
		}
	],
	"display": {
		"thirdperson_righthand": {
			"rotation": [-90, 0, 90],
			"translation": [-2, 9.5, 1.5],
			"scale": [0.3, 0.3, 1]
		},
		"thirdperson_lefthand": {
			"rotation": [-90, 0, -90],
			"translation": [2.25, 9.5, 1.5],
			"scale": [0.3, 0.3, 1]
		},
		"firstperson_righthand": {
			"rotation": [-105.75, 0, 90],
			"translation": [-2, 9.5, 1.5],
			"scale": [0.3, 0.3, 0.7]
		},
		"firstperson_lefthand": {
			"rotation": [-105.75, 0, -90],
			"translation": [2.25, 9.5, 1.5],
			"scale": [0.3, 0.3, 0.7]
		},
		"ground": {
			"rotation": [0, 0, 90],
			"translation": [-2, -2.5, 1.5],
			"scale": [0.3, 0.3, 1]
		},
		"gui": {
			"rotation": [-90, -36.25, -180],
			"translation": [1.5, 0.5, -1.5],
			"scale": [0.15, 0.15, 0.7]
		},
		"head": {
			"rotation": [-141.5, 0, 90],
			"translation": [-2, -16.75, -11.5],
			"scale": [0.3, 0.3, 1]
		},
		"fixed": {
			"rotation": [-90, -45, -180],
			"translation": [1.5, 2.25, -1.5],
			"scale": [0.3, 0.3, 1]
		}
	},
	"groups": [0, 1, 2, 3, 4, 5, 6,
		{
			"name": "group",
			"origin": [15, 8, 1],
			"children": [7, 8, 9, 10, 11]
		}
	]
}