{
	"credit": "Made with Blockbench",
	"textures": {
		"0": "items/eyama/zkmg",
		"particle": "items/eyama/zkmg"
	},
	"elements": [
		{
			"from": [-1, 1, -16],
			"to": [2, 2, -10],
			"rotation": {"angle": 0, "axis": "y", "origin": [8, 9, -8]},
			"faces": {
				"north": {"uv": [0, 4.5, 3, 8], "texture": "#0"},
				"east": {"uv": [0, 4.5, 3, 8], "texture": "#0"},
				"south": {"uv": [0, 4.5, 3, 8], "texture": "#0"},
				"west": {"uv": [0, 4.5, 3, 8], "texture": "#0"},
				"up": {"uv": [0, 4.5, 3, 8], "texture": "#0"},
				"down": {"uv": [0, 4.5, 3, 8], "texture": "#0"}
			}
		},
		{
			"from": [-1, -1, -16],
			"to": [2, 0, -10],
			"rotation": {"angle": 0, "axis": "y", "origin": [8, 7, -8]},
			"faces": {
				"north": {"uv": [0, 4.5, 3, 8], "texture": "#0"},
				"east": {"uv": [0, 4.5, 3, 8], "texture": "#0"},
				"south": {"uv": [0, 4.5, 3, 8], "texture": "#0"},
				"west": {"uv": [0, 4.5, 3, 8], "texture": "#0"},
				"up": {"uv": [0, 4.5, 3, 8], "texture": "#0"},
				"down": {"uv": [0, 4.5, 3, 8], "texture": "#0"}
			}
		},
		{
			"from": [-1, 0, -13],
			"to": [2, 1, -10],
			"rotation": {"angle": 0, "axis": "y", "origin": [8, 8, -3]},
			"faces": {
				"north": {"uv": [0, 4.5, 3, 8], "texture": "#0"},
				"east": {"uv": [0, 4.5, 3, 8], "texture": "#0"},
				"south": {"uv": [0, 4.5, 3, 8], "texture": "#0"},
				"west": {"uv": [0, 4.5, 3, 8], "texture": "#0"},
				"up": {"uv": [0, 4.5, 3, 8], "texture": "#0"},
				"down": {"uv": [0, 4.5, 3, 8], "texture": "#0"}
			}
		},
		{
			"from": [-2, -2, -10],
			"to": [3, 3, -9],
			"rotation": {"angle": 0, "axis": "y", "origin": [8, 8, 0]},
			"faces": {
				"north": {"uv": [0, 4.5, 3, 8], "texture": "#0"},
				"east": {"uv": [0, 4.5, 3, 8], "texture": "#0"},
				"south": {"uv": [0, 4.5, 3, 8], "texture": "#0"},
				"west": {"uv": [0, 4.5, 3, 8], "texture": "#0"},
				"up": {"uv": [0, 4.5, 3, 8], "texture": "#0"},
				"down": {"uv": [0, 4.5, 3, 8], "texture": "#0"}
			}
		},
		{
			"from": [-3, -3, -4],
			"to": [4, 4, -2],
			"rotation": {"angle": 0, "axis": "y", "origin": [8, 8, 6]},
			"faces": {
				"north": {"uv": [0, 4.5, 3, 8], "texture": "#0"},
				"east": {"uv": [0, 4.5, 3, 8], "texture": "#0"},
				"south": {"uv": [0, 4.5, 3, 8], "texture": "#0"},
				"west": {"uv": [0, 4.5, 3, 8], "texture": "#0"},
				"up": {"uv": [0, 4.5, 3, 8], "texture": "#0"},
				"down": {"uv": [0, 4.5, 3, 8], "texture": "#0"}
			}
		},
		{
			"from": [-3, -3, 7],
			"to": [4, 4, 9],
			"rotation": {"angle": 0, "axis": "y", "origin": [8, 8, 17]},
			"faces": {
				"north": {"uv": [0, 4.5, 3, 8], "texture": "#0"},
				"east": {"uv": [0, 4.5, 3, 8], "texture": "#0"},
				"south": {"uv": [0, 4.5, 3, 8], "texture": "#0"},
				"west": {"uv": [0, 4.5, 3, 8], "texture": "#0"},
				"up": {"uv": [0, 4.5, 3, 8], "texture": "#0"},
				"down": {"uv": [0, 4.5, 3, 8], "texture": "#0"}
			}
		},
		{
			"from": [-1, -1, -9],
			"to": [2, 2, -4],
			"rotation": {"angle": 0, "axis": "y", "origin": [8, 8, -1]},
			"faces": {
				"north": {"uv": [0, 4.5, 3, 8], "texture": "#0"},
				"east": {"uv": [0, 4.5, 3, 8], "texture": "#0"},
				"south": {"uv": [0, 4.5, 3, 8], "texture": "#0"},
				"west": {"uv": [0, 4.5, 3, 8], "texture": "#0"},
				"up": {"uv": [0, 4.5, 3, 8], "texture": "#0"},
				"down": {"uv": [0, 4.5, 3, 8], "texture": "#0"}
			}
		},
		{
			"from": [-1, -1, -1],
			"to": [2, 2, 0],
			"rotation": {"angle": 0, "axis": "y", "origin": [8, 8, 7]},
			"faces": {
				"north": {"uv": [1, 5.5, 4, 8.5], "texture": "#0"},
				"east": {"uv": [1, 5.5, 4, 8.5], "texture": "#0"},
				"south": {"uv": [1, 5.5, 4, 8.5], "texture": "#0"},
				"west": {"uv": [1, 5.5, 4, 8.5], "texture": "#0"},
				"up": {"uv": [1, 5.5, 4, 8.5], "texture": "#0"},
				"down": {"uv": [1, 5.5, 4, 8.5], "texture": "#0"}
			}
		},
		{
			"from": [-1, -1, 1],
			"to": [2, 2, 2],
			"rotation": {"angle": 0, "axis": "y", "origin": [8, 8, 9]},
			"faces": {
				"north": {"uv": [1, 5.5, 4, 8.5], "texture": "#0"},
				"east": {"uv": [1, 5.5, 4, 8.5], "texture": "#0"},
				"south": {"uv": [1, 5.5, 4, 8.5], "texture": "#0"},
				"west": {"uv": [1, 5.5, 4, 8.5], "texture": "#0"},
				"up": {"uv": [1, 5.5, 4, 8.5], "texture": "#0"},
				"down": {"uv": [1, 5.5, 4, 8.5], "texture": "#0"}
			}
		},
		{
			"from": [-1, -1, 3],
			"to": [2, 2, 4],
			"rotation": {"angle": 0, "axis": "y", "origin": [8, 8, 11]},
			"faces": {
				"north": {"uv": [1, 5.5, 4, 8.5], "texture": "#0"},
				"east": {"uv": [1, 5.5, 4, 8.5], "texture": "#0"},
				"south": {"uv": [1, 5.5, 4, 8.5], "texture": "#0"},
				"west": {"uv": [1, 5.5, 4, 8.5], "texture": "#0"},
				"up": {"uv": [1, 5.5, 4, 8.5], "texture": "#0"},
				"down": {"uv": [1, 5.5, 4, 8.5], "texture": "#0"}
			}
		},
		{
			"from": [-1, -1, 5],
			"to": [2, 2, 6],
			"rotation": {"angle": 0, "axis": "y", "origin": [8, 8, 13]},
			"faces": {
				"north": {"uv": [1, 5.5, 4, 8.5], "texture": "#0"},
				"east": {"uv": [1, 5.5, 4, 8.5], "texture": "#0"},
				"south": {"uv": [1, 5.5, 4, 8.5], "texture": "#0"},
				"west": {"uv": [1, 5.5, 4, 8.5], "texture": "#0"},
				"up": {"uv": [1, 5.5, 4, 8.5], "texture": "#0"},
				"down": {"uv": [1, 5.5, 4, 8.5], "texture": "#0"}
			}
		},
		{
			"from": [-2, -2, -2],
			"to": [3, 3, -1],
			"rotation": {"angle": 0, "axis": "y", "origin": [8, 8, 6]},
			"faces": {
				"north": {"uv": [1, 5.5, 4, 8.5], "texture": "#0"},
				"east": {"uv": [1, 5.5, 4, 8.5], "texture": "#0"},
				"south": {"uv": [1, 5.5, 4, 8.5], "texture": "#0"},
				"west": {"uv": [1, 5.5, 4, 8.5], "texture": "#0"},
				"up": {"uv": [1, 5.5, 4, 8.5], "texture": "#0"},
				"down": {"uv": [1, 5.5, 4, 8.5], "texture": "#0"}
			}
		},
		{
			"from": [-2, -2, 0],
			"to": [3, 3, 1],
			"faces": {
				"north": {"uv": [1, 5.5, 4, 8.5], "texture": "#0"},
				"east": {"uv": [1, 5.5, 4, 8.5], "texture": "#0"},
				"south": {"uv": [1, 5.5, 4, 8.5], "texture": "#0"},
				"west": {"uv": [1, 5.5, 4, 8.5], "texture": "#0"},
				"up": {"uv": [1, 5.5, 4, 8.5], "texture": "#0"},
				"down": {"uv": [1, 5.5, 4, 8.5], "texture": "#0"}
			}
		},
		{
			"from": [-2, -2, 2],
			"to": [3, 3, 3],
			"rotation": {"angle": 0, "axis": "y", "origin": [8, 8, 10]},
			"faces": {
				"north": {"uv": [1, 5.5, 4, 8.5], "texture": "#0"},
				"east": {"uv": [1, 5.5, 4, 8.5], "texture": "#0"},
				"south": {"uv": [1, 5.5, 4, 8.5], "texture": "#0"},
				"west": {"uv": [1, 5.5, 4, 8.5], "texture": "#0"},
				"up": {"uv": [1, 5.5, 4, 8.5], "texture": "#0"},
				"down": {"uv": [1, 5.5, 4, 8.5], "texture": "#0"}
			}
		},
		{
			"from": [-2, -2, 4],
			"to": [3, 3, 5],
			"rotation": {"angle": 0, "axis": "y", "origin": [8, 8, 12]},
			"faces": {
				"north": {"uv": [1, 5.5, 4, 8.5], "texture": "#0"},
				"east": {"uv": [1, 5.5, 4, 8.5], "texture": "#0"},
				"south": {"uv": [1, 5.5, 4, 8.5], "texture": "#0"},
				"west": {"uv": [1, 5.5, 4, 8.5], "texture": "#0"},
				"up": {"uv": [1, 5.5, 4, 8.5], "texture": "#0"},
				"down": {"uv": [1, 5.5, 4, 8.5], "texture": "#0"}
			}
		},
		{
			"from": [-2, -2, 6],
			"to": [3, 3, 7],
			"rotation": {"angle": 0, "axis": "y", "origin": [8, 8, 14]},
			"faces": {
				"north": {"uv": [1, 5.5, 4, 8.5], "texture": "#0"},
				"east": {"uv": [1, 5.5, 4, 8.5], "texture": "#0"},
				"south": {"uv": [1, 5.5, 4, 8.5], "texture": "#0"},
				"west": {"uv": [1, 5.5, 4, 8.5], "texture": "#0"},
				"up": {"uv": [1, 5.5, 4, 8.5], "texture": "#0"},
				"down": {"uv": [1, 5.5, 4, 8.5], "texture": "#0"}
			}
		},
		{
			"from": [-2, 0, -1],
			"to": [-1, 1, 7],
			"rotation": {"angle": 0, "axis": "y", "origin": [6, 8, 8]},
			"faces": {
				"north": {"uv": [1, 5.5, 4, 8.5], "texture": "#0"},
				"east": {"uv": [1, 5.5, 4, 8.5], "texture": "#0"},
				"south": {"uv": [1, 5.5, 4, 8.5], "texture": "#0"},
				"west": {"uv": [1, 5.5, 4, 8.5], "texture": "#0"},
				"up": {"uv": [1, 5.5, 4, 8.5], "texture": "#0"},
				"down": {"uv": [1, 5.5, 4, 8.5], "texture": "#0"}
			}
		},
		{
			"from": [2, 0, -1],
			"to": [3, 1, 7],
			"rotation": {"angle": 0, "axis": "y", "origin": [10, 8, 8]},
			"faces": {
				"north": {"uv": [1, 5.5, 4, 8.5], "texture": "#0"},
				"east": {"uv": [1, 5.5, 4, 8.5], "texture": "#0"},
				"south": {"uv": [1, 5.5, 4, 8.5], "texture": "#0"},
				"west": {"uv": [1, 5.5, 4, 8.5], "texture": "#0"},
				"up": {"uv": [1, 5.5, 4, 8.5], "texture": "#0"},
				"down": {"uv": [1, 5.5, 4, 8.5], "texture": "#0"}
			}
		},
		{
			"from": [-2, -3, 9],
			"to": [3, 3, 19],
			"rotation": {"angle": 0, "axis": "y", "origin": [8, 8, 17]},
			"faces": {
				"north": {"uv": [0, 5, 5, 11], "texture": "#0"},
				"east": {"uv": [0, 5, 5, 11], "texture": "#0"},
				"south": {"uv": [0, 5, 5, 11], "texture": "#0"},
				"west": {"uv": [0, 5, 5, 11], "texture": "#0"},
				"up": {"uv": [0, 5, 5, 11], "texture": "#0"},
				"down": {"uv": [0, 5, 5, 11], "texture": "#0"}
			}
		},
		{
			"from": [-1, 3, 9],
			"to": [2, 4, 19],
			"rotation": {"angle": 0, "axis": "y", "origin": [8, 13, 17]},
			"faces": {
				"north": {"uv": [0, 5, 5, 11], "texture": "#0"},
				"east": {"uv": [0, 5, 5, 11], "texture": "#0"},
				"south": {"uv": [0, 5, 5, 11], "texture": "#0"},
				"west": {"uv": [0, 5, 5, 11], "texture": "#0"},
				"up": {"uv": [0, 5, 5, 11], "texture": "#0"},
				"down": {"uv": [0, 5, 5, 11], "texture": "#0"}
			}
		},
		{
			"from": [-5, 4, 11],
			"to": [6, 7, 17],
			"rotation": {"angle": 0, "axis": "y", "origin": [8, 14, 17]},
			"faces": {
				"north": {"uv": [0, 0, 5.5, 2], "texture": "#0"},
				"east": {"uv": [0, 0, 5.5, 2], "texture": "#0"},
				"south": {"uv": [0, 0, 5.5, 2], "texture": "#0"},
				"west": {"uv": [0, 0, 5.5, 2], "texture": "#0"},
				"up": {"uv": [0.5, 5.5, 16, 12], "texture": "#0"},
				"down": {"uv": [1, 3, 6.5, 5], "texture": "#0"}
			}
		},
		{
			"from": [-4, 4, 17],
			"to": [5, 7, 19],
			"rotation": {"angle": 0, "axis": "y", "origin": [8, 14, 24]},
			"faces": {
				"north": {"uv": [0, 0, 2.5, 2], "texture": "#0"},
				"east": {"uv": [0, 0, 2.5, 2], "texture": "#0"},
				"south": {"uv": [0, 0, 7, 2], "texture": "#0"},
				"west": {"uv": [0, 0, 2.5, 2], "texture": "#0"},
				"up": {"uv": [2, 3.5, 4.5, 5.5], "texture": "#0"},
				"down": {"uv": [0, 0, 2.5, 2], "texture": "#0"}
			}
		},
		{
			"from": [-4, 4, 9],
			"to": [5, 7, 11],
			"rotation": {"angle": 0, "axis": "y", "origin": [8, 14, 16]},
			"faces": {
				"north": {"uv": [0, 0, 7, 2], "texture": "#0"},
				"east": {"uv": [0, 0, 2.5, 2], "texture": "#0"},
				"south": {"uv": [0, 0, 2.5, 2], "texture": "#0"},
				"west": {"uv": [0, 0, 2.5, 2], "texture": "#0"},
				"up": {"uv": [2, 4, 4.5, 6], "texture": "#0"},
				"down": {"uv": [0, 0, 2.5, 2], "texture": "#0"}
			}
		},
		{
			"from": [-3, -3, 19],
			"to": [4, 4, 21],
			"rotation": {"angle": 0, "axis": "y", "origin": [8, 8, 29]},
			"faces": {
				"north": {"uv": [0, 5, 5, 11], "texture": "#0"},
				"east": {"uv": [0, 5, 5, 11], "texture": "#0"},
				"south": {"uv": [0, 5, 5, 11], "texture": "#0"},
				"west": {"uv": [0, 5, 5, 11], "texture": "#0"},
				"up": {"uv": [0, 5, 5, 11], "texture": "#0"},
				"down": {"uv": [0, 5, 5, 11], "texture": "#0"}
			}
		},
		{
			"from": [-1, 4, 19],
			"to": [2, 7, 21],
			"rotation": {"angle": 0, "axis": "y", "origin": [8, 15, 29]},
			"faces": {
				"north": {"uv": [0, 5, 5, 11], "texture": "#0"},
				"east": {"uv": [0, 5, 5, 11], "texture": "#0"},
				"south": {"uv": [0, 5, 5, 11], "texture": "#0"},
				"west": {"uv": [0, 5, 5, 11], "texture": "#0"},
				"up": {"uv": [0, 5, 5, 11], "texture": "#0"},
				"down": {"uv": [0, 5, 5, 11], "texture": "#0"}
			}
		},
		{
			"from": [-1, -2, 24],
			"to": [2, 1, 30],
			"rotation": {"angle": 22.5, "axis": "x", "origin": [0.5, 0.5, 27]},
			"faces": {
				"north": {"uv": [1, 4, 4, 7], "texture": "#0"},
				"east": {"uv": [1, 4, 4, 7], "texture": "#0"},
				"south": {"uv": [1, 4, 4, 7], "texture": "#0"},
				"west": {"uv": [1, 4, 4, 7], "texture": "#0"},
				"up": {"uv": [1, 4, 4, 7], "texture": "#0"},
				"down": {"uv": [1, 4, 4, 7], "texture": "#0"}
			}
		},
		{
			"from": [-1, -1, 21],
			"to": [2, 2, 25],
			"rotation": {"angle": 0, "axis": "y", "origin": [8, 8, 29]},
			"faces": {
				"north": {"uv": [1, 4, 4, 7], "texture": "#0"},
				"east": {"uv": [1, 4, 4, 7], "texture": "#0"},
				"south": {"uv": [1, 4, 4, 7], "texture": "#0"},
				"west": {"uv": [1, 4, 4, 7], "texture": "#0"},
				"up": {"uv": [1, 4, 4, 7], "texture": "#0"},
				"down": {"uv": [1, 4, 4, 7], "texture": "#0"}
			}
		},
		{
			"from": [-2, -5, 29],
			"to": [3, -2, 32],
			"rotation": {"angle": 0, "axis": "y", "origin": [8, 4, 36]},
			"faces": {
				"north": {"uv": [1, 4, 4, 7], "texture": "#0"},
				"east": {"uv": [1, 4, 4, 7], "texture": "#0"},
				"south": {"uv": [1, 4, 4, 7], "texture": "#0"},
				"west": {"uv": [1, 4, 4, 7], "texture": "#0"},
				"up": {"uv": [1, 4, 4, 7], "texture": "#0"},
				"down": {"uv": [1, 4, 4, 7], "texture": "#0"}
			}
		},
		{
			"from": [-1, -2, 29],
			"to": [2, 4, 32],
			"rotation": {"angle": 0, "axis": "y", "origin": [8, 7, 36]},
			"faces": {
				"north": {"uv": [1, 4, 4, 7], "texture": "#0"},
				"east": {"uv": [1, 4, 4, 7], "texture": "#0"},
				"south": {"uv": [1, 4, 4, 7], "texture": "#0"},
				"west": {"uv": [1, 4, 4, 7], "texture": "#0"},
				"up": {"uv": [1, 4, 4, 7], "texture": "#0"},
				"down": {"uv": [1, 4, 4, 7], "texture": "#0"}
			}
		},
		{
			"from": [0, -5, 7],
			"to": [1, -3, 21],
			"rotation": {"angle": 0, "axis": "y", "origin": [8, 4, 15]},
			"faces": {
				"north": {"uv": [2.5, 9.5, 3.5, 11.5], "texture": "#0"},
				"east": {"uv": [2.5, 9.5, 3.5, 11.5], "texture": "#0"},
				"south": {"uv": [2.5, 9.5, 3.5, 11.5], "texture": "#0"},
				"west": {"uv": [2.5, 9.5, 3.5, 11.5], "texture": "#0"},
				"up": {"uv": [2.5, 9.5, 3.5, 11.5], "texture": "#0"},
				"down": {"uv": [2.5, 9.5, 3.5, 11.5], "texture": "#0"}
			}
		},
		{
			"from": [0, -5, 5],
			"to": [1, -4, 8],
			"rotation": {"angle": -22.5, "axis": "x", "origin": [0.5, -4.5, 6]},
			"faces": {
				"north": {"uv": [2.5, 9.5, 3.5, 11.5], "texture": "#0"},
				"east": {"uv": [2.5, 9.5, 3.5, 11.5], "texture": "#0"},
				"south": {"uv": [2.5, 9.5, 3.5, 11.5], "texture": "#0"},
				"west": {"uv": [2.5, 9.5, 3.5, 11.5], "texture": "#0"},
				"up": {"uv": [2.5, 9.5, 3.5, 11.5], "texture": "#0"},
				"down": {"uv": [2.5, 9.5, 3.5, 11.5], "texture": "#0"}
			}
		},
		{
			"from": [0, -5, 6],
			"to": [1, -4, 7],
			"rotation": {"angle": -22.5, "axis": "x", "origin": [0.5, -4.5, 7]},
			"faces": {
				"north": {"uv": [2.5, 9.5, 3.5, 11.5], "texture": "#0"},
				"east": {"uv": [2.5, 9.5, 3.5, 11.5], "texture": "#0"},
				"south": {"uv": [2.5, 9.5, 3.5, 11.5], "texture": "#0"},
				"west": {"uv": [2.5, 9.5, 3.5, 11.5], "texture": "#0"},
				"up": {"uv": [2.5, 9.5, 3.5, 11.5], "texture": "#0"},
				"down": {"uv": [2.5, 9.5, 3.5, 11.5], "texture": "#0"}
			}
		},
		{
			"from": [0, -7, -3],
			"to": [1, -5, 7],
			"rotation": {"angle": 0, "axis": "y", "origin": [8, -1, 1]},
			"faces": {
				"north": {"uv": [0, 2.5, 8.5, 4.5], "rotation": 90, "texture": "#0"},
				"east": {"uv": [0, 2.5, 8.5, 4.5], "rotation": 90, "texture": "#0"},
				"south": {"uv": [0, 2.5, 8.5, 4.5], "rotation": 90, "texture": "#0"},
				"west": {"uv": [0, 2.5, 8.5, 4.5], "rotation": 90, "texture": "#0"},
				"up": {"uv": [0, 2.5, 8.5, 4.5], "rotation": 90, "texture": "#0"},
				"down": {"uv": [0, 2.5, 8.5, 4.5], "texture": "#0"}
			}
		},
		{
			"from": [0, -7, -4],
			"to": [1, -4, -3],
			"rotation": {"angle": 0, "axis": "y", "origin": [8, -1, -9]},
			"faces": {
				"north": {"uv": [2.5, 9.5, 3.5, 11.5], "texture": "#0"},
				"east": {"uv": [2.5, 9.5, 3.5, 11.5], "texture": "#0"},
				"south": {"uv": [2.5, 9.5, 3.5, 11.5], "texture": "#0"},
				"west": {"uv": [2.5, 9.5, 3.5, 11.5], "texture": "#0"},
				"up": {"uv": [2.5, 9.5, 3.5, 11.5], "texture": "#0"},
				"down": {"uv": [2.5, 9.5, 3.5, 11.5], "texture": "#0"}
			}
		},
		{
			"from": [0, -8, 5],
			"to": [1, -7, 7],
			"rotation": {"angle": 0, "axis": "y", "origin": [8, -3, 1]},
			"faces": {
				"north": {"uv": [2.5, 9.5, 3.5, 11.5], "texture": "#0"},
				"east": {"uv": [2.5, 9.5, 3.5, 11.5], "texture": "#0"},
				"south": {"uv": [2.5, 9.5, 3.5, 11.5], "texture": "#0"},
				"west": {"uv": [2.5, 9.5, 3.5, 11.5], "texture": "#0"},
				"up": {"uv": [2.5, 9.5, 3.5, 11.5], "texture": "#0"},
				"down": {"uv": [2.5, 9.5, 3.5, 11.5], "texture": "#0"}
			}
		},
		{
			"from": [0, -10, 7],
			"to": [1, -9, 17],
			"rotation": {"angle": 22.5, "axis": "x", "origin": [0.5, -9, 11]},
			"faces": {
				"north": {"uv": [2.5, 9.5, 3.5, 11.5], "texture": "#0"},
				"east": {"uv": [2.5, 9.5, 3.5, 11.5], "texture": "#0"},
				"south": {"uv": [2.5, 9.5, 3.5, 11.5], "texture": "#0"},
				"west": {"uv": [2.5, 9.5, 3.5, 11.5], "texture": "#0"},
				"up": {"uv": [2.5, 9.5, 3.5, 11.5], "texture": "#0"},
				"down": {"uv": [2.5, 9.5, 3.5, 11.5], "texture": "#0"}
			}
		},
		{
			"from": [0, -12, 16],
			"to": [1, -11, 24],
			"rotation": {"angle": 0, "axis": "y", "origin": [8, -4, 18]},
			"faces": {
				"north": {"uv": [2.5, 9.5, 3.5, 11.5], "texture": "#0"},
				"east": {"uv": [2.5, 9.5, 3.5, 11.5], "texture": "#0"},
				"south": {"uv": [2.5, 9.5, 3.5, 11.5], "texture": "#0"},
				"west": {"uv": [2.5, 9.5, 3.5, 11.5], "texture": "#0"},
				"up": {"uv": [2.5, 9.5, 3.5, 11.5], "texture": "#0"},
				"down": {"uv": [2.5, 9.5, 3.5, 11.5], "texture": "#0"}
			}
		},
		{
			"from": [0, -12, 20],
			"to": [1, -3, 23],
			"rotation": {"angle": -22.5, "axis": "x", "origin": [0.5, -8.5, 21]},
			"faces": {
				"north": {"uv": [2.5, 9.5, 3.5, 11.5], "texture": "#0"},
				"east": {"uv": [2.5, 9.5, 3.5, 11.5], "texture": "#0"},
				"south": {"uv": [2.5, 9.5, 3.5, 11.5], "texture": "#0"},
				"west": {"uv": [2.5, 9.5, 3.5, 11.5], "texture": "#0"},
				"up": {"uv": [2.5, 9.5, 3.5, 11.5], "texture": "#0"},
				"down": {"uv": [2.5, 9.5, 3.5, 11.5], "texture": "#0"}
			}
		},
		{
			"from": [0, -8, 16],
			"to": [1, -5, 17],
			"rotation": {"angle": 0, "axis": "x", "origin": [0.5, -8.5, 15]},
			"faces": {
				"north": {"uv": [2.5, 9.5, 3.5, 11.5], "texture": "#0"},
				"east": {"uv": [2.5, 9.5, 3.5, 11.5], "texture": "#0"},
				"south": {"uv": [2.5, 9.5, 3.5, 11.5], "texture": "#0"},
				"west": {"uv": [2.5, 9.5, 3.5, 11.5], "texture": "#0"},
				"up": {"uv": [2.5, 9.5, 3.5, 11.5], "texture": "#0"},
				"down": {"uv": [2.5, 9.5, 3.5, 11.5], "texture": "#0"}
			}
		},
		{
			"from": [0, -8, 7],
			"to": [1, -5, 9],
			"rotation": {"angle": 0, "axis": "x", "origin": [0.5, -8.5, 6]},
			"faces": {
				"north": {"uv": [2.5, 9.5, 3.5, 11.5], "texture": "#0"},
				"east": {"uv": [2.5, 9.5, 3.5, 11.5], "texture": "#0"},
				"south": {"uv": [2.5, 9.5, 3.5, 11.5], "texture": "#0"},
				"west": {"uv": [2.5, 9.5, 3.5, 11.5], "texture": "#0"},
				"up": {"uv": [2.5, 9.5, 3.5, 11.5], "texture": "#0"},
				"down": {"uv": [2.5, 9.5, 3.5, 11.5], "texture": "#0"}
			}
		},
		{
			"from": [0, -7, 17],
			"to": [1, -6, 19],
			"rotation": {"angle": 0, "axis": "x", "origin": [0.5, -9.5, 17]},
			"faces": {
				"north": {"uv": [2.5, 9.5, 3.5, 11.5], "texture": "#0"},
				"east": {"uv": [2.5, 9.5, 3.5, 11.5], "texture": "#0"},
				"south": {"uv": [2.5, 9.5, 3.5, 11.5], "texture": "#0"},
				"west": {"uv": [2.5, 9.5, 3.5, 11.5], "texture": "#0"},
				"up": {"uv": [2.5, 9.5, 3.5, 11.5], "texture": "#0"},
				"down": {"uv": [2.5, 9.5, 3.5, 11.5], "texture": "#0"}
			}
		},
		{
			"from": [-5, 2, 7],
			"to": [-4, 9, 9],
			"rotation": {"angle": 45, "axis": "z", "origin": [-4.5, 5.5, 8.5]},
			"faces": {
				"north": {"uv": [2.5, 9.5, 3.5, 11.5], "texture": "#0"},
				"east": {"uv": [2.5, 9.5, 3.5, 11.5], "texture": "#0"},
				"south": {"uv": [2.5, 9.5, 3.5, 11.5], "texture": "#0"},
				"west": {"uv": [2.5, 9.5, 3.5, 11.5], "texture": "#0"},
				"up": {"uv": [2.5, 9.5, 3.5, 11.5], "texture": "#0"},
				"down": {"uv": [2.5, 9.5, 3.5, 11.5], "texture": "#0"}
			}
		},
		{
			"from": [-5, 8, 6],
			"to": [-4, 11, 11],
			"rotation": {"angle": 0, "axis": "x", "origin": [-7.5, 11.5, 8.5]},
			"faces": {
				"north": {"uv": [2.5, 9.5, 3.5, 11.5], "texture": "#0"},
				"east": {"uv": [2.5, 9.5, 3.5, 11.5], "texture": "#0"},
				"south": {"uv": [2.5, 9.5, 3.5, 11.5], "texture": "#0"},
				"west": {"uv": [2.5, 9.5, 3.5, 11.5], "texture": "#0"},
				"up": {"uv": [2.5, 9.5, 3.5, 11.5], "texture": "#0"},
				"down": {"uv": [2.5, 9.5, 3.5, 11.5], "texture": "#0"}
			}
		},
		{
			"from": [-9, 8, 6],
			"to": [-8, 11, 11],
			"rotation": {"angle": 0, "axis": "x", "origin": [-11.5, 11.5, 8.5]},
			"faces": {
				"north": {"uv": [2.5, 9.5, 3.5, 11.5], "texture": "#0"},
				"east": {"uv": [2.5, 9.5, 3.5, 11.5], "texture": "#0"},
				"south": {"uv": [2.5, 9.5, 3.5, 11.5], "texture": "#0"},
				"west": {"uv": [2.5, 9.5, 3.5, 11.5], "texture": "#0"},
				"up": {"uv": [2.5, 9.5, 3.5, 11.5], "texture": "#0"},
				"down": {"uv": [2.5, 9.5, 3.5, 11.5], "texture": "#0"}
			}
		},
		{
			"from": [-8, 8, 11],
			"to": [-7, 11, 15],
			"rotation": {"angle": 0, "axis": "x", "origin": [-7.5, 11.5, 13.5]},
			"faces": {
				"north": {"uv": [2.5, 9.5, 3.5, 11.5], "texture": "#0"},
				"east": {"uv": [2.5, 9.5, 3.5, 11.5], "texture": "#0"},
				"south": {"uv": [2.5, 9.5, 3.5, 11.5], "texture": "#0"},
				"west": {"uv": [2.5, 9.5, 3.5, 11.5], "texture": "#0"},
				"up": {"uv": [2.5, 9.5, 3.5, 11.5], "texture": "#0"},
				"down": {"uv": [2.5, 9.5, 3.5, 11.5], "texture": "#0"}
			}
		},
		{
			"from": [-6, 8, 11],
			"to": [-5, 11, 15],
			"rotation": {"angle": 0, "axis": "x", "origin": [-5.5, 11.5, 13.5]},
			"faces": {
				"north": {"uv": [2.5, 9.5, 3.5, 11.5], "texture": "#0"},
				"east": {"uv": [2.5, 9.5, 3.5, 11.5], "texture": "#0"},
				"south": {"uv": [2.5, 9.5, 3.5, 11.5], "texture": "#0"},
				"west": {"uv": [2.5, 9.5, 3.5, 11.5], "texture": "#0"},
				"up": {"uv": [2.5, 9.5, 3.5, 11.5], "texture": "#0"},
				"down": {"uv": [2.5, 9.5, 3.5, 11.5], "texture": "#0"}
			}
		},
		{
			"from": [-8, 11, 6],
			"to": [-5, 12, 11],
			"rotation": {"angle": 0, "axis": "x", "origin": [-7.5, 14.5, 8.5]},
			"faces": {
				"north": {"uv": [2.5, 9.5, 3.5, 11.5], "texture": "#0"},
				"east": {"uv": [2.5, 9.5, 3.5, 11.5], "texture": "#0"},
				"south": {"uv": [2.5, 9.5, 3.5, 11.5], "texture": "#0"},
				"west": {"uv": [2.5, 9.5, 3.5, 11.5], "texture": "#0"},
				"up": {"uv": [2.5, 9.5, 3.5, 11.5], "texture": "#0"},
				"down": {"uv": [2.5, 9.5, 3.5, 11.5], "texture": "#0"}
			}
		},
		{
			"from": [-7, 10, 10],
			"to": [-6, 11, 15],
			"rotation": {"angle": 0, "axis": "x", "origin": [-7.5, 13.5, 12.5]},
			"faces": {
				"north": {"uv": [2.5, 9.5, 3.5, 11.5], "texture": "#0"},
				"east": {"uv": [2.5, 9.5, 3.5, 11.5], "texture": "#0"},
				"south": {"uv": [2.5, 9.5, 3.5, 11.5], "texture": "#0"},
				"west": {"uv": [2.5, 9.5, 3.5, 11.5], "texture": "#0"},
				"up": {"uv": [2.5, 9.5, 3.5, 11.5], "texture": "#0"},
				"down": {"uv": [2.5, 9.5, 3.5, 11.5], "texture": "#0"}
			}
		},
		{
			"from": [-7, 8, 10],
			"to": [-6, 9, 15],
			"rotation": {"angle": 0, "axis": "x", "origin": [-7.5, 11.5, 12.5]},
			"faces": {
				"north": {"uv": [2.5, 9.5, 3.5, 11.5], "texture": "#0"},
				"east": {"uv": [2.5, 9.5, 3.5, 11.5], "texture": "#0"},
				"south": {"uv": [2.5, 9.5, 3.5, 11.5], "texture": "#0"},
				"west": {"uv": [2.5, 9.5, 3.5, 11.5], "texture": "#0"},
				"up": {"uv": [2.5, 9.5, 3.5, 11.5], "texture": "#0"},
				"down": {"uv": [2.5, 9.5, 3.5, 11.5], "texture": "#0"}
			}
		},
		{
			"from": [-8, 7, 6],
			"to": [-5, 8, 11],
			"rotation": {"angle": 0, "axis": "x", "origin": [-7.5, 10.5, 8.5]},
			"faces": {
				"north": {"uv": [2.5, 9.5, 3.5, 11.5], "texture": "#0"},
				"east": {"uv": [2.5, 9.5, 3.5, 11.5], "texture": "#0"},
				"south": {"uv": [2.5, 9.5, 3.5, 11.5], "texture": "#0"},
				"west": {"uv": [2.5, 9.5, 3.5, 11.5], "texture": "#0"},
				"up": {"uv": [2.5, 9.5, 3.5, 11.5], "texture": "#0"},
				"down": {"uv": [2.5, 9.5, 3.5, 11.5], "texture": "#0"}
			}
		}
	],
	"display": {
		"thirdperson_righthand": {
			"translation": [3.25, 4.75, -3.75],
			"scale": [0.41992, 0.34961, 0.44922]
		},
		"thirdperson_lefthand": {
			"translation": [-3.25, 4.75, -3.75],
			"scale": [0.41992, 0.34961, 0.44922]
		},
		"firstperson_righthand": {
			"translation": [9.5, 6.5, -8.75],
			"scale": [0.5, 0.5, 0.5]
		},
		"firstperson_lefthand": {
			"translation": [2.5, 6.5, -8.75],
			"scale": [0.5, 0.5, 0.5]
		},
		"ground": {
			"translation": [0, 7.5, 0],
			"scale": [0.5, 0.5, 0.5]
		},
		"gui": {
			"rotation": [0, 90, 0],
			"translation": [0.25, 3.75, 0],
			"scale": [1, 0.49, 0.33]
		},
		"head": {
			"translation": [7.5, -17, -10]
		},
		"fixed": {
			"rotation": [0, -90.25, 0],
			"translation": [0, 5.75, 1.5],
			"scale": [0.59375, 0.65039, 0.625]
		}
	},
	"groups": [
		{
			"name": "group",
			"origin": [8, 9, -8],
			"children": [0, 1, 2, 3, 4, 5, 6]
		},
		{
			"name": "group",
			"origin": [8, 8, 7],
			"children": [7, 8, 9, 10, 11, 12, 13, 14, 15, 16, 17]
		},
		{
			"name": "group",
			"origin": [8, 8, 19],
			"children": [18, 19, 20, 21, 22, 23, 24]
		},
		{
			"name": "group",
			"origin": [8, 8, 17],
			"children": [25, 26, 27, 28]
		},
		{
			"name": "group",
			"origin": [8, 15, 29],
			"children": [29, 30, 31, 32, 33, 34, 35, 36, 37, 38, 39, 40]
		},
		{
			"name": "group",
			"origin": [8, 8, 8],
			"children": [41, 42, 43, 44, 45, 46, 47, 48, 49]
		}
	]
}