{
	"credit": "Made with Blockbench",
	"textures": {
		"0": "items/eyama/zs",
		"particle": "items/eyama/zs"
	},
	"elements": [
		{
			"from": [2.4, 2.2, -2],
			"to": [5.4, 5.2, 0],
			"rotation": {"angle": 0, "axis": "y", "origin": [11.4, 10.2, 7]},
			"faces": {
				"north": {"uv": [9, 5, 12, 7], "texture": "#0"},
				"east": {"uv": [9, 5, 12, 7], "texture": "#0"},
				"south": {"uv": [9, 5, 12, 7], "texture": "#0"},
				"west": {"uv": [9, 5, 12, 7], "texture": "#0"},
				"up": {"uv": [9, 5, 12, 7], "texture": "#0"},
				"down": {"uv": [9, 5, 12, 7], "texture": "#0"}
			}
		},
		{
			"from": [2.9, 2.7, -4],
			"to": [4.9, 4.7, -2],
			"rotation": {"angle": 0, "axis": "y", "origin": [11.4, 10.2, 5]},
			"faces": {
				"north": {"uv": [9, 5, 12, 7], "texture": "#0"},
				"east": {"uv": [9, 5, 12, 7], "texture": "#0"},
				"south": {"uv": [9, 5, 12, 7], "texture": "#0"},
				"west": {"uv": [9, 5, 12, 7], "texture": "#0"},
				"up": {"uv": [9, 5, 12, 7], "texture": "#0"},
				"down": {"uv": [9, 5, 12, 7], "texture": "#0"}
			}
		},
		{
			"from": [3.4, 3.2, -6],
			"to": [4.4, 4.2, -4],
			"rotation": {"angle": 0, "axis": "y", "origin": [11.4, 10.2, 3]},
			"faces": {
				"north": {"uv": [9, 5, 12, 7], "texture": "#0"},
				"east": {"uv": [9, 5, 12, 7], "texture": "#0"},
				"south": {"uv": [9, 5, 12, 7], "texture": "#0"},
				"west": {"uv": [9, 5, 12, 7], "texture": "#0"},
				"up": {"uv": [9, 5, 12, 7], "texture": "#0"},
				"down": {"uv": [9, 5, 12, 7], "texture": "#0"}
			}
		},
		{
			"from": [6.2, 0.5, -2],
			"to": [9.2, 3.5, 0],
			"rotation": {"angle": 0, "axis": "y", "origin": [15.2, 8.5, 7]},
			"faces": {
				"north": {"uv": [9, 5, 12, 7], "texture": "#0"},
				"east": {"uv": [9, 5, 12, 7], "texture": "#0"},
				"south": {"uv": [9, 5, 12, 7], "texture": "#0"},
				"west": {"uv": [9, 5, 12, 7], "texture": "#0"},
				"up": {"uv": [9, 5, 12, 7], "texture": "#0"},
				"down": {"uv": [9, 5, 12, 7], "texture": "#0"}
			}
		},
		{
			"from": [6.7, 1, -4],
			"to": [8.7, 3, -2],
			"rotation": {"angle": 0, "axis": "y", "origin": [15.2, 8.5, 5]},
			"faces": {
				"north": {"uv": [9, 5, 12, 7], "texture": "#0"},
				"east": {"uv": [9, 5, 12, 7], "texture": "#0"},
				"south": {"uv": [9, 5, 12, 7], "texture": "#0"},
				"west": {"uv": [9, 5, 12, 7], "texture": "#0"},
				"up": {"uv": [9, 5, 12, 7], "texture": "#0"},
				"down": {"uv": [9, 5, 12, 7], "texture": "#0"}
			}
		},
		{
			"from": [7.2, 1.5, -6],
			"to": [8.2, 2.5, -4],
			"rotation": {"angle": 0, "axis": "y", "origin": [15.2, 8.5, 3]},
			"faces": {
				"north": {"uv": [9, 5, 12, 7], "texture": "#0"},
				"east": {"uv": [9, 5, 12, 7], "texture": "#0"},
				"south": {"uv": [9, 5, 12, 7], "texture": "#0"},
				"west": {"uv": [9, 5, 12, 7], "texture": "#0"},
				"up": {"uv": [9, 5, 12, 7], "texture": "#0"},
				"down": {"uv": [9, 5, 12, 7], "texture": "#0"}
			}
		},
		{
			"from": [6.2, 4, -2],
			"to": [9.2, 7, 0],
			"rotation": {"angle": 0, "axis": "y", "origin": [15.2, 12, 7]},
			"faces": {
				"north": {"uv": [9, 5, 12, 7], "texture": "#0"},
				"east": {"uv": [9, 5, 12, 7], "texture": "#0"},
				"south": {"uv": [9, 5, 12, 7], "texture": "#0"},
				"west": {"uv": [9, 5, 12, 7], "texture": "#0"},
				"up": {"uv": [9, 5, 12, 7], "texture": "#0"},
				"down": {"uv": [9, 5, 12, 7], "texture": "#0"}
			}
		},
		{
			"from": [6.7, 4.5, -4],
			"to": [8.7, 6.5, -2],
			"rotation": {"angle": 0, "axis": "y", "origin": [15.2, 12, 5]},
			"faces": {
				"north": {"uv": [9, 5, 12, 7], "texture": "#0"},
				"east": {"uv": [9, 5, 12, 7], "texture": "#0"},
				"south": {"uv": [9, 5, 12, 7], "texture": "#0"},
				"west": {"uv": [9, 5, 12, 7], "texture": "#0"},
				"up": {"uv": [9, 5, 12, 7], "texture": "#0"},
				"down": {"uv": [9, 5, 12, 7], "texture": "#0"}
			}
		},
		{
			"from": [7.2, 5, -6],
			"to": [8.2, 6, -4],
			"rotation": {"angle": 0, "axis": "y", "origin": [15.2, 12, 3]},
			"faces": {
				"north": {"uv": [9, 5, 12, 7], "texture": "#0"},
				"east": {"uv": [9, 5, 12, 7], "texture": "#0"},
				"south": {"uv": [9, 5, 12, 7], "texture": "#0"},
				"west": {"uv": [9, 5, 12, 7], "texture": "#0"},
				"up": {"uv": [9, 5, 12, 7], "texture": "#0"},
				"down": {"uv": [9, 5, 12, 7], "texture": "#0"}
			}
		},
		{
			"from": [1.6, 0, 0],
			"to": [10, 8, 1],
			"faces": {
				"north": {"uv": [13, 3, 15.4, 12], "texture": "#0"},
				"east": {"uv": [13, 3, 15.4, 12], "texture": "#0"},
				"south": {"uv": [13, 3, 15.4, 12], "texture": "#0"},
				"west": {"uv": [13, 3, 15.4, 12], "texture": "#0"},
				"up": {"uv": [13, 3, 15.4, 12], "texture": "#0"},
				"down": {"uv": [13, 3, 15.4, 12], "texture": "#0"}
			}
		},
		{
			"from": [0, 0, 1.7],
			"to": [1, 8, 18],
			"faces": {
				"north": {"uv": [13, 3, 15.4, 12], "texture": "#0"},
				"east": {"uv": [13, 3, 15.4, 12], "texture": "#0"},
				"south": {"uv": [13, 3, 15.4, 12], "texture": "#0"},
				"west": {"uv": [13, 3, 15.4, 12], "texture": "#0"},
				"up": {"uv": [13, 3, 15.4, 12], "texture": "#0"},
				"down": {"uv": [13, 3, 15.4, 12], "texture": "#0"}
			}
		},
		{
			"from": [0, 0, 0.4],
			"to": [2, 8, 1.4],
			"rotation": {"angle": 45, "axis": "y", "origin": [1.5, 4, 0.9]},
			"faces": {
				"north": {"uv": [13, 3, 15.4, 12], "texture": "#0"},
				"east": {"uv": [13, 3, 15.4, 12], "texture": "#0"},
				"south": {"uv": [13, 3, 15.4, 12], "texture": "#0"},
				"west": {"uv": [13, 3, 15.4, 12], "texture": "#0"},
				"up": {"uv": [13, 3, 15.4, 12], "texture": "#0"},
				"down": {"uv": [13, 3, 15.4, 12], "texture": "#0"}
			}
		},
		{
			"from": [4, 0, 1],
			"to": [7, 1, 4],
			"rotation": {"angle": 0, "axis": "y", "origin": [13, 8, 9]},
			"faces": {
				"north": {"uv": [1, 5, 4, 8], "texture": "#0"},
				"east": {"uv": [1, 5, 4, 8], "texture": "#0"},
				"south": {"uv": [1, 5, 4, 8], "texture": "#0"},
				"west": {"uv": [1, 5, 4, 8], "texture": "#0"},
				"up": {"uv": [1, 5, 4, 8], "texture": "#0"},
				"down": {"uv": [1, 5, 4, 8], "texture": "#0"}
			}
		},
		{
			"from": [4, 7, 1],
			"to": [7, 8, 4],
			"rotation": {"angle": 0, "axis": "y", "origin": [13, 15, 9]},
			"faces": {
				"north": {"uv": [0, 5, 3, 8], "texture": "#0"},
				"east": {"uv": [0, 5, 3, 8], "texture": "#0"},
				"south": {"uv": [0, 5, 3, 8], "texture": "#0"},
				"west": {"uv": [0, 5, 3, 8], "texture": "#0"},
				"up": {"uv": [0, 5, 3, 8], "texture": "#0"},
				"down": {"uv": [0, 5, 3, 8], "texture": "#0"}
			}
		},
		{
			"from": [5, 1, 3],
			"to": [6, 7, 4],
			"rotation": {"angle": 0, "axis": "y", "origin": [13, 8, 11]},
			"faces": {
				"north": {"uv": [2, 5, 3, 6], "texture": "#0"},
				"east": {"uv": [2, 5, 3, 6], "texture": "#0"},
				"south": {"uv": [2, 5, 3, 6], "texture": "#0"},
				"west": {"uv": [2, 5, 3, 6], "texture": "#0"},
				"up": {"uv": [2, 5, 3, 6], "texture": "#0"},
				"down": {"uv": [2, 5, 3, 6], "texture": "#0"}
			}
		}
	],
	"display": {
		"thirdperson_righthand": {
			"rotation": [0, 0, -180],
			"translation": [-1.75, -5, 5],
			"scale": [0.8, 0.8, 0.8]
		},
		"thirdperson_lefthand": {
			"translation": [-2.25, 1, 5],
			"scale": [0.8, 0.8, 0.8]
		},
		"firstperson_righthand": {
			"rotation": [0, 0, -180],
			"translation": [0, -4.25, 6.5]
		},
		"firstperson_lefthand": {
			"translation": [0, 4.25, 6.5]
		},
		"ground": {
			"translation": [0, 2.75, 0],
			"scale": [0.8, 0.8, 0.8]
		},
		"gui": {
			"rotation": [-42.25, 137.75, 0],
			"translation": [-1.25, 0, 0],
			"scale": [0.6, 0.6, 0.6]
		},
		"head": {
			"rotation": [90, 0, -180],
			"translation": [7, -11.75, -4]
		},
		"fixed": {
			"rotation": [90, -37, 0],
			"translation": [1.5, -3.25, 0]
		}
	},
	"groups": [
		{
			"name": "group",
			"origin": [8, 8, 8],
			"children": [0, 1, 2, 3, 4, 5, 6, 7, 8]
		},
		{
			"name": "group",
			"origin": [8, 8, 8],
			"children": [9, 10, 11]
		},
		{
			"name": "group",
			"origin": [13, 8, 9],
			"children": [12, 13, 14]
		}
	]
}