{
	"credit": "Made with Blockbench",
	"textures": {
		"0": "items/newyear/omamori",
		"particle": "items/newyear/omamori"
	},
	"elements": [
		{
			"from": [5, 0, 7],
			"to": [11, 10, 8],
			"rotation": {"angle": 0, "axis": "y", "origin": [12, 8, 15]},
			"faces": {
				"north": {"uv": [0, 0, 9, 15], "texture": "#0"},
				"east": {"uv": [0, 0, 1, 2], "texture": "#0"},
				"south": {"uv": [0, 0, 1, 2], "texture": "#0"},
				"west": {"uv": [0, 0, 1, 2], "texture": "#0"},
				"up": {"uv": [0, 0, 1, 2], "texture": "#0"},
				"down": {"uv": [0, 0, 1, 2], "texture": "#0"}
			}
		}
	],
	"display": {
		"thirdperson_righthand": {
			"rotation": [92, 0, 0],
			"translation": [-1.25, 0, 0],
			"scale": [0.2, 0.2, 0.2]
		},
		"thirdperson_lefthand": {
			"rotation": [92, 0, 0],
			"translation": [-1.25, 0, 0],
			"scale": [0.2, 0.2, 0.2]
		},
		"firstperson_righthand": {
			"rotation": [0, 180, 0],
			"translation": [3.75, 1.75, 0],
			"scale": [0.2, 0.2, 0.2]
		},
		"firstperson_lefthand": {
			"rotation": [0, 180, 0],
			"translation": [3.75, 1.75, 0],
			"scale": [0.2, 0.2, 0.2]
		},
		"ground": {
			"scale": [0.3, 0.3, 0.3]
		},
		"gui": {
			"rotation": [0, 180, 0],
			"translation": [0, 2.5, 0]
		},
		"head": {
			"rotation": [10, 0, 0],
			"translation": [0, 4.75, -6.75]
		}
	}
}