{
	"credit": "Made with Blockbench",
	"parent": "helmet",
	"texture_size": [128, 128],
	"textures": {
		"0": "items/eyama/helmetj1",
		"particle": "items/eyama/helmetj1"
	},
	"elements": [
		{
			"from": [-5, 16, 5],
			"to": [-4, 28, 29],
			"rotation": {"angle": 0, "axis": "y", "origin": [8, 4, 21]},
			"faces": {
				"north": {"uv": [0, 0, 3, 0.125], "rotation": 90, "texture": "#0"},
				"east": {"uv": [0, 0, 3, 0.125], "rotation": 90, "texture": "#0"},
				"south": {"uv": [0, 0, 3, 0.125], "rotation": 90, "texture": "#0"},
				"west": {"uv": [0, 0, 3, 0.125], "rotation": 90, "texture": "#0"},
				"up": {"uv": [0, 0, 3, 0.125], "rotation": 90, "texture": "#0"},
				"down": {"uv": [0, 0, 3, 0.125], "rotation": 90, "texture": "#0"}
			}
		},
		{
			"from": [-4, 3, 29],
			"to": [20, 28, 30],
			"rotation": {"angle": 0, "axis": "y", "origin": [8, 4, 21]},
			"faces": {
				"north": {"uv": [0, 0, 3, 0.125], "texture": "#0"},
				"east": {"uv": [0, 0, 3, 0.125], "texture": "#0"},
				"south": {"uv": [0, 0, 3, 0.125], "texture": "#0"},
				"west": {"uv": [0, 0, 3, 0.125], "texture": "#0"},
				"up": {"uv": [0, 0, 3, 0.125], "texture": "#0"},
				"down": {"uv": [0, 0, 3, 0.125], "texture": "#0"}
			}
		},
		{
			"from": [-1, 3, 30],
			"to": [17, 28, 31],
			"rotation": {"angle": 0, "axis": "y", "origin": [8, 4, 21]},
			"faces": {
				"north": {"uv": [0, 0, 2.25, 0.125], "texture": "#0"},
				"east": {"uv": [0, 0, 2.25, 0.125], "texture": "#0"},
				"south": {"uv": [0, 0, 2.25, 0.125], "texture": "#0"},
				"west": {"uv": [0, 0, 2.25, 0.125], "texture": "#0"},
				"up": {"uv": [0, 0, 2.25, 0.125], "texture": "#0"},
				"down": {"uv": [0, 0, 2.25, 0.125], "texture": "#0"}
			}
		},
		{
			"from": [2, 3, 31],
			"to": [14, 28, 32],
			"rotation": {"angle": 0, "axis": "y", "origin": [8, 4, 21]},
			"faces": {
				"north": {"uv": [0, 0, 1.5, 0.125], "texture": "#0"},
				"east": {"uv": [0, 0, 1.5, 0.125], "texture": "#0"},
				"south": {"uv": [0, 0, 1.5, 0.125], "texture": "#0"},
				"west": {"uv": [0, 0, 1.5, 0.125], "texture": "#0"},
				"up": {"uv": [0, 0, 1.5, 0.125], "texture": "#0"},
				"down": {"uv": [0, 0, 1.5, 0.125], "texture": "#0"}
			}
		},
		{
			"from": [-6, 16, 8],
			"to": [-5, 28, 26],
			"rotation": {"angle": 0, "axis": "y", "origin": [8, 4, 21]},
			"faces": {
				"north": {"uv": [0, 0, 2.25, 0.125], "rotation": 90, "texture": "#0"},
				"east": {"uv": [0, 0, 2.25, 0.125], "rotation": 90, "texture": "#0"},
				"south": {"uv": [0, 0, 2.25, 0.125], "rotation": 90, "texture": "#0"},
				"west": {"uv": [0, 0, 2.25, 0.125], "rotation": 90, "texture": "#0"},
				"up": {"uv": [0, 0, 2.25, 0.125], "rotation": 90, "texture": "#0"},
				"down": {"uv": [0, 0, 2.25, 0.125], "rotation": 90, "texture": "#0"}
			}
		},
		{
			"from": [-7, 16, 11],
			"to": [-6, 28, 23],
			"rotation": {"angle": 0, "axis": "y", "origin": [8, 4, 21]},
			"faces": {
				"north": {"uv": [0, 0, 1.5, 0.125], "rotation": 90, "texture": "#0"},
				"east": {"uv": [0, 0, 1.5, 0.125], "rotation": 90, "texture": "#0"},
				"south": {"uv": [0, 0, 1.5, 0.125], "rotation": 90, "texture": "#0"},
				"west": {"uv": [0, 0, 1.5, 0.125], "rotation": 90, "texture": "#0"},
				"up": {"uv": [0, 0, 1.5, 0.125], "rotation": 90, "texture": "#0"},
				"down": {"uv": [0, 0, 1.5, 0.125], "rotation": 90, "texture": "#0"}
			}
		},
		{
			"from": [21, 16, 8],
			"to": [22, 28, 26],
			"rotation": {"angle": 0, "axis": "y", "origin": [8, 4, 21]},
			"faces": {
				"north": {"uv": [0, 0, 2.25, 0.125], "rotation": 270, "texture": "#0"},
				"east": {"uv": [0, 0, 2.25, 0.125], "rotation": 270, "texture": "#0"},
				"south": {"uv": [0, 0, 2.25, 0.125], "rotation": 270, "texture": "#0"},
				"west": {"uv": [0, 0, 2.25, 0.125], "rotation": 270, "texture": "#0"},
				"up": {"uv": [0, 0, 2.25, 0.125], "rotation": 270, "texture": "#0"},
				"down": {"uv": [0, 0, 2.25, 0.125], "rotation": 270, "texture": "#0"}
			}
		},
		{
			"from": [-1, 18, 3],
			"to": [17, 28, 4],
			"rotation": {"angle": 0, "axis": "y", "origin": [8, 4, 21]},
			"faces": {
				"north": {"uv": [0, 0, 2.25, 0.125], "rotation": 180, "texture": "#0"},
				"east": {"uv": [0, 0, 2.25, 0.125], "rotation": 180, "texture": "#0"},
				"south": {"uv": [0, 0, 2.25, 0.125], "rotation": 180, "texture": "#0"},
				"west": {"uv": [0, 0, 2.25, 0.125], "rotation": 180, "texture": "#0"},
				"up": {"uv": [0, 0, 2.25, 0.125], "rotation": 180, "texture": "#0"},
				"down": {"uv": [0, 0, 2.25, 0.125], "rotation": 180, "texture": "#0"}
			}
		},
		{
			"from": [22, 16, 11],
			"to": [23, 28, 23],
			"rotation": {"angle": 0, "axis": "y", "origin": [8, 4, 21]},
			"faces": {
				"north": {"uv": [0, 0, 1.5, 0.125], "rotation": 270, "texture": "#0"},
				"east": {"uv": [0, 0, 1.5, 0.125], "rotation": 270, "texture": "#0"},
				"south": {"uv": [0, 0, 1.5, 0.125], "rotation": 270, "texture": "#0"},
				"west": {"uv": [0, 0, 1.5, 0.125], "rotation": 270, "texture": "#0"},
				"up": {"uv": [0, 0, 1.5, 0.125], "rotation": 270, "texture": "#0"},
				"down": {"uv": [0, 0, 1.5, 0.125], "rotation": 270, "texture": "#0"}
			}
		},
		{
			"from": [3, 19, 2],
			"to": [13, 29, 3],
			"rotation": {"angle": 0, "axis": "y", "origin": [8, 4, 21]},
			"faces": {
				"north": {"uv": [0, 0, 16, 11.5], "texture": "#0"},
				"east": {"uv": [0, 0, 4.5, 6.5], "texture": "#0"},
				"south": {"uv": [0, 0, 4.5, 6.5], "texture": "#0"},
				"west": {"uv": [0, 0, 4.5, 6.5], "texture": "#0"},
				"up": {"uv": [0, 0, 4.5, 6.5], "texture": "#0"},
				"down": {"uv": [0, 0, 4.5, 6.5], "texture": "#0"}
			}
		},
		{
			"from": [-4, 18, 4],
			"to": [20, 28, 5],
			"rotation": {"angle": 0, "axis": "y", "origin": [8, 4, 21]},
			"faces": {
				"north": {"uv": [0, 0, 3, 0.125], "rotation": 180, "texture": "#0"},
				"east": {"uv": [0, 0, 3, 0.125], "rotation": 180, "texture": "#0"},
				"south": {"uv": [0, 0, 3, 0.125], "rotation": 180, "texture": "#0"},
				"west": {"uv": [0, 0, 3, 0.125], "rotation": 180, "texture": "#0"},
				"up": {"uv": [0, 0, 3, 0.125], "rotation": 180, "texture": "#0"},
				"down": {"uv": [0, 0, 3, 0.125], "rotation": 180, "texture": "#0"}
			}
		},
		{
			"from": [20, 16, 5],
			"to": [21, 28, 29],
			"rotation": {"angle": 0, "axis": "y", "origin": [8, 4, 21]},
			"faces": {
				"north": {"uv": [0, 0, 3, 0.125], "rotation": 270, "texture": "#0"},
				"east": {"uv": [0, 0, 3, 0.125], "rotation": 270, "texture": "#0"},
				"south": {"uv": [0, 0, 3, 0.125], "rotation": 270, "texture": "#0"},
				"west": {"uv": [0, 0, 3, 0.125], "rotation": 270, "texture": "#0"},
				"up": {"uv": [0, 0, 3, 0.125], "rotation": 270, "texture": "#0"},
				"down": {"uv": [0, 0, 3, 0.125], "rotation": 270, "texture": "#0"}
			}
		},
		{
			"from": [1, 18, -12],
			"to": [15, 20, 3],
			"rotation": {"angle": 0, "axis": "y", "origin": [8, 14, 19]},
			"faces": {
				"north": {"uv": [11, 13, 15.75, 15.75], "texture": "#0"},
				"east": {"uv": [11, 13, 15.75, 15.75], "texture": "#0"},
				"south": {"uv": [11, 13, 15.75, 15.75], "texture": "#0"},
				"west": {"uv": [11, 13, 15.75, 15.75], "texture": "#0"},
				"up": {"uv": [11, 13, 15.75, 15.75], "texture": "#0"},
				"down": {"uv": [11, 13, 15.75, 15.75], "texture": "#0"}
			}
		},
		{
			"from": [15, 20, -10],
			"to": [19, 22, 6],
			"rotation": {"angle": -22.5, "axis": "z", "origin": [8, 14, 19]},
			"faces": {
				"north": {"uv": [11, 13, 15.75, 15.75], "texture": "#0"},
				"east": {"uv": [11, 13, 15.75, 15.75], "texture": "#0"},
				"south": {"uv": [11, 13, 15.75, 15.75], "texture": "#0"},
				"west": {"uv": [11, 13, 15.75, 15.75], "texture": "#0"},
				"up": {"uv": [11, 13, 15.75, 15.75], "texture": "#0"},
				"down": {"uv": [11, 13, 15.75, 15.75], "texture": "#0"}
			}
		},
		{
			"from": [-3, 20, -10],
			"to": [1, 22, 6],
			"rotation": {"angle": 22.5, "axis": "z", "origin": [8, 14, 19]},
			"faces": {
				"north": {"uv": [11, 13, 15.75, 15.75], "texture": "#0"},
				"east": {"uv": [11, 13, 15.75, 15.75], "texture": "#0"},
				"south": {"uv": [11, 13, 15.75, 15.75], "texture": "#0"},
				"west": {"uv": [11, 13, 15.75, 15.75], "texture": "#0"},
				"up": {"uv": [11, 13, 15.75, 15.75], "texture": "#0"},
				"down": {"uv": [11, 13, 15.75, 15.75], "texture": "#0"}
			}
		},
		{
			"from": [12, 20, -11],
			"to": [15, 22, 4],
			"rotation": {"angle": -22.5, "axis": "z", "origin": [8, 14, 19]},
			"faces": {
				"north": {"uv": [11, 13, 15.75, 15.75], "texture": "#0"},
				"east": {"uv": [11, 13, 15.75, 15.75], "texture": "#0"},
				"south": {"uv": [11, 13, 15.75, 15.75], "texture": "#0"},
				"west": {"uv": [11, 13, 15.75, 15.75], "texture": "#0"},
				"up": {"uv": [11, 13, 15.75, 15.75], "texture": "#0"},
				"down": {"uv": [11, 13, 15.75, 15.75], "texture": "#0"}
			}
		},
		{
			"from": [1, 20, -11],
			"to": [4, 22, 4],
			"rotation": {"angle": 22.5, "axis": "z", "origin": [8, 14, 19]},
			"faces": {
				"north": {"uv": [11, 13, 15.75, 15.75], "texture": "#0"},
				"east": {"uv": [11, 13, 15.75, 15.75], "texture": "#0"},
				"south": {"uv": [11, 13, 15.75, 15.75], "texture": "#0"},
				"west": {"uv": [11, 13, 15.75, 15.75], "texture": "#0"},
				"up": {"uv": [11, 13, 15.75, 15.75], "texture": "#0"},
				"down": {"uv": [11, 13, 15.75, 15.75], "texture": "#0"}
			}
		},
		{
			"from": [-1, 28, 29],
			"to": [17, 30, 30],
			"rotation": {"angle": 0, "axis": "y", "origin": [8, 10, 8]},
			"faces": {
				"north": {"uv": [0, 0, 2.25, 0.125], "rotation": 180, "texture": "#0"},
				"east": {"uv": [0, 0, 2.25, 0.125], "rotation": 180, "texture": "#0"},
				"south": {"uv": [0, 0, 2.25, 0.125], "rotation": 180, "texture": "#0"},
				"west": {"uv": [0, 0, 2.25, 0.125], "rotation": 180, "texture": "#0"},
				"up": {"uv": [0, 0, 2.25, 0.125], "rotation": 180, "texture": "#0"},
				"down": {"uv": [0, 0, 2.25, 0.125], "rotation": 180, "texture": "#0"}
			}
		},
		{
			"from": [-4, 28, 5],
			"to": [20, 30, 29],
			"rotation": {"angle": 0, "axis": "y", "origin": [8, 10, 8]},
			"faces": {
				"north": {"uv": [13, 0, 16, 3], "texture": "#0"},
				"east": {"uv": [13, 0, 16, 3], "texture": "#0"},
				"south": {"uv": [13, 0, 16, 3], "texture": "#0"},
				"west": {"uv": [13, 0, 16, 3], "texture": "#0"},
				"up": {"uv": [13, 0, 16, 3], "texture": "#0"},
				"down": {"uv": [13, 0, 16, 3], "texture": "#0"}
			}
		},
		{
			"from": [20, 28, 8],
			"to": [21, 30, 26],
			"rotation": {"angle": 0, "axis": "y", "origin": [8, 10, 8]},
			"faces": {
				"north": {"uv": [0, 0, 2.25, 0.125], "rotation": 90, "texture": "#0"},
				"east": {"uv": [0, 0, 2.25, 0.125], "rotation": 90, "texture": "#0"},
				"south": {"uv": [0, 0, 2.25, 0.125], "rotation": 90, "texture": "#0"},
				"west": {"uv": [0, 0, 2.25, 0.125], "rotation": 90, "texture": "#0"},
				"up": {"uv": [0, 0, 2.25, 0.125], "rotation": 90, "texture": "#0"},
				"down": {"uv": [0, 0, 2.25, 0.125], "rotation": 90, "texture": "#0"}
			}
		},
		{
			"from": [-1, 30, 8],
			"to": [17, 32, 26],
			"rotation": {"angle": 0, "axis": "y", "origin": [8, 10, 8]},
			"faces": {
				"north": {"uv": [0, 0, 2.25, 1.25], "texture": "#0"},
				"east": {"uv": [0, 0, 2.25, 1.25], "texture": "#0"},
				"south": {"uv": [0, 0, 2.25, 1.25], "texture": "#0"},
				"west": {"uv": [0, 0, 2.25, 1.25], "texture": "#0"},
				"up": {"uv": [0, 0, 2.25, 1.25], "texture": "#0"},
				"down": {"uv": [0, 0, 2.25, 1.25], "texture": "#0"}
			}
		},
		{
			"from": [-1, 28, 4],
			"to": [17, 30, 5],
			"rotation": {"angle": 0, "axis": "y", "origin": [8, 10, 8]},
			"faces": {
				"north": {"uv": [0, 0, 2.25, 0.125], "texture": "#0"},
				"east": {"uv": [0, 0, 2.25, 0.125], "texture": "#0"},
				"south": {"uv": [0, 0, 2.25, 0.125], "texture": "#0"},
				"west": {"uv": [0, 0, 2.25, 0.125], "texture": "#0"},
				"up": {"uv": [0, 0, 2.25, 0.125], "texture": "#0"},
				"down": {"uv": [0, 0, 2.25, 0.125], "texture": "#0"}
			}
		},
		{
			"from": [-5, 28, 8],
			"to": [-4, 30, 26],
			"rotation": {"angle": 0, "axis": "y", "origin": [8, 10, 8]},
			"faces": {
				"north": {"uv": [0, 0, 2.25, 0.125], "rotation": 270, "texture": "#0"},
				"east": {"uv": [0, 0, 2.25, 0.125], "rotation": 270, "texture": "#0"},
				"south": {"uv": [0, 0, 2.25, 0.125], "rotation": 270, "texture": "#0"},
				"west": {"uv": [0, 0, 2.25, 0.125], "rotation": 270, "texture": "#0"},
				"up": {"uv": [0, 0, 2.25, 0.125], "rotation": 270, "texture": "#0"},
				"down": {"uv": [0, 0, 2.25, 0.125], "rotation": 270, "texture": "#0"}
			}
		},
		{
			"from": [-4, 30, 8],
			"to": [-1, 31, 26],
			"rotation": {"angle": 0, "axis": "y", "origin": [8, 10, 8]},
			"faces": {
				"north": {"uv": [0, 0, 2.25, 0.375], "rotation": 270, "texture": "#0"},
				"east": {"uv": [0, 0, 2.25, 0.375], "rotation": 270, "texture": "#0"},
				"south": {"uv": [0, 0, 2.25, 0.375], "rotation": 270, "texture": "#0"},
				"west": {"uv": [0, 0, 2.25, 0.375], "rotation": 270, "texture": "#0"},
				"up": {"uv": [0, 0, 2.25, 0.375], "rotation": 270, "texture": "#0"},
				"down": {"uv": [0, 0, 2.25, 0.375], "rotation": 270, "texture": "#0"}
			}
		},
		{
			"from": [-1, 30, 5],
			"to": [17, 31, 8],
			"rotation": {"angle": 0, "axis": "y", "origin": [8, 10, 8]},
			"faces": {
				"north": {"uv": [0, 0, 2.25, 0.375], "texture": "#0"},
				"east": {"uv": [0, 0, 2.25, 0.375], "texture": "#0"},
				"south": {"uv": [0, 0, 2.25, 0.375], "texture": "#0"},
				"west": {"uv": [0, 0, 2.25, 0.375], "texture": "#0"},
				"up": {"uv": [0, 0, 2.25, 0.375], "texture": "#0"},
				"down": {"uv": [0, 0, 2.25, 0.375], "texture": "#0"}
			}
		},
		{
			"from": [17, 30, 8],
			"to": [20, 31, 26],
			"rotation": {"angle": 0, "axis": "y", "origin": [8, 10, 8]},
			"faces": {
				"north": {"uv": [0, 0, 2.25, 0.375], "rotation": 90, "texture": "#0"},
				"east": {"uv": [0, 0, 2.25, 0.375], "rotation": 90, "texture": "#0"},
				"south": {"uv": [0, 0, 2.25, 0.375], "rotation": 90, "texture": "#0"},
				"west": {"uv": [0, 0, 2.25, 0.375], "rotation": 90, "texture": "#0"},
				"up": {"uv": [0, 0, 2.25, 0.375], "rotation": 90, "texture": "#0"},
				"down": {"uv": [0, 0, 2.25, 0.375], "rotation": 90, "texture": "#0"}
			}
		},
		{
			"from": [-1, 30, 26],
			"to": [17, 31, 29],
			"rotation": {"angle": 0, "axis": "y", "origin": [8, 10, 8]},
			"faces": {
				"north": {"uv": [0, 0, 2.25, 0.375], "rotation": 180, "texture": "#0"},
				"east": {"uv": [0, 0, 2.25, 0.375], "rotation": 180, "texture": "#0"},
				"south": {"uv": [0, 0, 2.25, 0.375], "rotation": 180, "texture": "#0"},
				"west": {"uv": [0, 0, 2.25, 0.375], "rotation": 180, "texture": "#0"},
				"up": {"uv": [0, 0, 2.25, 0.375], "rotation": 180, "texture": "#0"},
				"down": {"uv": [0, 0, 2.25, 0.375], "rotation": 180, "texture": "#0"}
			}
		},
		{
			"from": [-6, 28, 11],
			"to": [-5, 29, 23],
			"rotation": {"angle": 0, "axis": "y", "origin": [8, 10, 8]},
			"faces": {
				"north": {"uv": [0, 0, 1.5, 0.125], "rotation": 270, "texture": "#0"},
				"east": {"uv": [0, 0, 1.5, 0.125], "rotation": 270, "texture": "#0"},
				"south": {"uv": [0, 0, 1.5, 0.125], "rotation": 270, "texture": "#0"},
				"west": {"uv": [0, 0, 1.5, 0.125], "rotation": 270, "texture": "#0"},
				"up": {"uv": [0, 0, 1.5, 0.125], "rotation": 270, "texture": "#0"},
				"down": {"uv": [0, 0, 1.5, 0.125], "rotation": 270, "texture": "#0"}
			}
		},
		{
			"from": [2, 28, 3],
			"to": [14, 29, 4],
			"rotation": {"angle": 0, "axis": "y", "origin": [8, 10, 8]},
			"faces": {
				"north": {"uv": [0, 0, 1.5, 0.125], "texture": "#0"},
				"east": {"uv": [0, 0, 1.5, 0.125], "texture": "#0"},
				"south": {"uv": [0, 0, 1.5, 0.125], "texture": "#0"},
				"west": {"uv": [0, 0, 1.5, 0.125], "texture": "#0"},
				"up": {"uv": [0, 0, 1.5, 0.125], "texture": "#0"},
				"down": {"uv": [0, 0, 1.5, 0.125], "texture": "#0"}
			}
		},
		{
			"from": [21, 28, 11],
			"to": [22, 29, 23],
			"rotation": {"angle": 0, "axis": "y", "origin": [8, 10, 8]},
			"faces": {
				"north": {"uv": [0, 0, 1.5, 0.125], "rotation": 90, "texture": "#0"},
				"east": {"uv": [0, 0, 1.5, 0.125], "rotation": 90, "texture": "#0"},
				"south": {"uv": [0, 0, 1.5, 0.125], "rotation": 90, "texture": "#0"},
				"west": {"uv": [0, 0, 1.5, 0.125], "rotation": 90, "texture": "#0"},
				"up": {"uv": [0, 0, 1.5, 0.125], "rotation": 90, "texture": "#0"},
				"down": {"uv": [0, 0, 1.5, 0.125], "rotation": 90, "texture": "#0"}
			}
		},
		{
			"from": [2, 28, 30],
			"to": [14, 29, 31],
			"rotation": {"angle": 0, "axis": "y", "origin": [8, 10, 8]},
			"faces": {
				"north": {"uv": [0, 0, 1.5, 0.125], "rotation": 180, "texture": "#0"},
				"east": {"uv": [0, 0, 1.5, 0.125], "rotation": 180, "texture": "#0"},
				"south": {"uv": [0, 0, 1.5, 0.125], "rotation": 180, "texture": "#0"},
				"west": {"uv": [0, 0, 1.5, 0.125], "rotation": 180, "texture": "#0"},
				"up": {"uv": [0, 0, 1.5, 0.125], "rotation": 180, "texture": "#0"},
				"down": {"uv": [0, 0, 1.5, 0.125], "rotation": 180, "texture": "#0"}
			}
		},
		{
			"from": [20, 14, 11],
			"to": [21, 16, 29],
			"rotation": {"angle": 0, "axis": "y", "origin": [33, 4, 21]},
			"faces": {
				"north": {"uv": [0, 0, 3, 0.125], "texture": "#0"},
				"east": {"uv": [0, 0, 3, 0.125], "texture": "#0"},
				"south": {"uv": [0, 0, 3, 0.125], "texture": "#0"},
				"west": {"uv": [0, 0, 3, 0.125], "texture": "#0"},
				"up": {"uv": [0, 0, 3, 0.125], "rotation": 90, "texture": "#0"},
				"down": {"uv": [0, 0, 3, 0.125], "rotation": 270, "texture": "#0"}
			}
		},
		{
			"from": [21, 14, 11],
			"to": [22, 16, 26],
			"rotation": {"angle": 0, "axis": "y", "origin": [35, 4, 21]},
			"faces": {
				"north": {"uv": [0, 0, 3, 0.125], "texture": "#0"},
				"east": {"uv": [0, 0, 3, 0.125], "texture": "#0"},
				"south": {"uv": [0, 0, 3, 0.125], "texture": "#0"},
				"west": {"uv": [0, 0, 3, 0.125], "texture": "#0"},
				"up": {"uv": [0, 0, 3, 0.125], "rotation": 90, "texture": "#0"},
				"down": {"uv": [0, 0, 3, 0.125], "rotation": 270, "texture": "#0"}
			}
		},
		{
			"from": [22, 14, 11],
			"to": [23, 16, 23],
			"rotation": {"angle": 0, "axis": "y", "origin": [37, 4, 21]},
			"faces": {
				"north": {"uv": [0, 0, 3, 0.125], "texture": "#0"},
				"east": {"uv": [0, 0, 3, 0.125], "texture": "#0"},
				"south": {"uv": [0, 0, 3, 0.125], "texture": "#0"},
				"west": {"uv": [0, 0, 3, 0.125], "texture": "#0"},
				"up": {"uv": [0, 0, 3, 0.125], "rotation": 90, "texture": "#0"},
				"down": {"uv": [0, 0, 3, 0.125], "rotation": 270, "texture": "#0"}
			}
		},
		{
			"from": [20, 12, 9],
			"to": [21, 14, 29],
			"rotation": {"angle": 0, "axis": "y", "origin": [33, 4, 21]},
			"faces": {
				"north": {"uv": [0, 0, 3, 0.125], "texture": "#0"},
				"east": {"uv": [0, 0, 3, 0.125], "texture": "#0"},
				"south": {"uv": [0, 0, 3, 0.125], "texture": "#0"},
				"west": {"uv": [0, 0, 3, 0.125], "texture": "#0"},
				"up": {"uv": [0, 0, 3, 0.125], "rotation": 90, "texture": "#0"},
				"down": {"uv": [0, 0, 3, 0.125], "rotation": 270, "texture": "#0"}
			}
		},
		{
			"from": [21, 12, 9],
			"to": [22, 14, 26],
			"rotation": {"angle": 0, "axis": "y", "origin": [35, 4, 21]},
			"faces": {
				"north": {"uv": [0, 0, 3, 0.125], "texture": "#0"},
				"east": {"uv": [0, 0, 3, 0.125], "texture": "#0"},
				"south": {"uv": [0, 0, 3, 0.125], "texture": "#0"},
				"west": {"uv": [0, 0, 3, 0.125], "texture": "#0"},
				"up": {"uv": [0, 0, 3, 0.125], "rotation": 90, "texture": "#0"},
				"down": {"uv": [0, 0, 3, 0.125], "rotation": 270, "texture": "#0"}
			}
		},
		{
			"from": [22, 12, 11],
			"to": [23, 14, 23],
			"rotation": {"angle": 0, "axis": "y", "origin": [37, 4, 21]},
			"faces": {
				"north": {"uv": [0, 0, 3, 0.125], "texture": "#0"},
				"east": {"uv": [0, 0, 3, 0.125], "texture": "#0"},
				"south": {"uv": [0, 0, 3, 0.125], "texture": "#0"},
				"west": {"uv": [0, 0, 3, 0.125], "texture": "#0"},
				"up": {"uv": [0, 0, 3, 0.125], "rotation": 90, "texture": "#0"},
				"down": {"uv": [0, 0, 3, 0.125], "rotation": 270, "texture": "#0"}
			}
		},
		{
			"from": [20, 7, 9],
			"to": [22, 12, 15],
			"rotation": {"angle": 0, "axis": "y", "origin": [34, 4, 21]},
			"faces": {
				"north": {"uv": [0, 0, 3, 0.125], "texture": "#0"},
				"east": {"uv": [0, 0, 3, 0.125], "texture": "#0"},
				"south": {"uv": [0, 0, 3, 0.125], "texture": "#0"},
				"west": {"uv": [0, 0, 3, 0.125], "texture": "#0"},
				"up": {"uv": [0, 0, 3, 0.125], "rotation": 90, "texture": "#0"},
				"down": {"uv": [0, 0, 3, 0.125], "rotation": 270, "texture": "#0"}
			}
		},
		{
			"from": [21, 7, 11],
			"to": [23, 12, 15],
			"rotation": {"angle": 0, "axis": "y", "origin": [36, 4, 21]},
			"faces": {
				"north": {"uv": [0, 0, 3, 0.125], "texture": "#0"},
				"east": {"uv": [0, 0, 3, 0.125], "texture": "#0"},
				"south": {"uv": [0, 0, 3, 0.125], "texture": "#0"},
				"west": {"uv": [0, 0, 3, 0.125], "texture": "#0"},
				"up": {"uv": [0, 0, 3, 0.125], "rotation": 90, "texture": "#0"},
				"down": {"uv": [0, 0, 3, 0.125], "rotation": 270, "texture": "#0"}
			}
		},
		{
			"from": [20, 7, 20],
			"to": [23, 12, 23],
			"rotation": {"angle": 0, "axis": "y", "origin": [36, 4, 21]},
			"faces": {
				"north": {"uv": [0, 0, 3, 0.125], "texture": "#0"},
				"east": {"uv": [0, 0, 3, 0.125], "texture": "#0"},
				"south": {"uv": [0, 0, 3, 0.125], "texture": "#0"},
				"west": {"uv": [0, 0, 3, 0.125], "texture": "#0"},
				"up": {"uv": [0, 0, 3, 0.125], "rotation": 90, "texture": "#0"},
				"down": {"uv": [0, 0, 3, 0.125], "rotation": 270, "texture": "#0"}
			}
		},
		{
			"from": [20, 5, 9],
			"to": [21, 7, 29],
			"rotation": {"angle": 0, "axis": "y", "origin": [33, 4, 21]},
			"faces": {
				"north": {"uv": [0, 0, 3, 0.125], "texture": "#0"},
				"east": {"uv": [0, 0, 3, 0.125], "texture": "#0"},
				"south": {"uv": [0, 0, 3, 0.125], "texture": "#0"},
				"west": {"uv": [0, 0, 3, 0.125], "texture": "#0"},
				"up": {"uv": [0, 0, 3, 0.125], "rotation": 90, "texture": "#0"},
				"down": {"uv": [0, 0, 3, 0.125], "rotation": 270, "texture": "#0"}
			}
		},
		{
			"from": [21, 5, 9],
			"to": [22, 7, 26],
			"rotation": {"angle": 0, "axis": "y", "origin": [35, 4, 21]},
			"faces": {
				"north": {"uv": [0, 0, 3, 0.125], "texture": "#0"},
				"east": {"uv": [0, 0, 3, 0.125], "texture": "#0"},
				"south": {"uv": [0, 0, 3, 0.125], "texture": "#0"},
				"west": {"uv": [0, 0, 3, 0.125], "texture": "#0"},
				"up": {"uv": [0, 0, 3, 0.125], "rotation": 90, "texture": "#0"},
				"down": {"uv": [0, 0, 3, 0.125], "rotation": 270, "texture": "#0"}
			}
		},
		{
			"from": [22, 5, 11],
			"to": [23, 7, 23],
			"rotation": {"angle": 0, "axis": "y", "origin": [37, 4, 21]},
			"faces": {
				"north": {"uv": [0, 0, 3, 0.125], "texture": "#0"},
				"east": {"uv": [0, 0, 3, 0.125], "texture": "#0"},
				"south": {"uv": [0, 0, 3, 0.125], "texture": "#0"},
				"west": {"uv": [0, 0, 3, 0.125], "texture": "#0"},
				"up": {"uv": [0, 0, 3, 0.125], "rotation": 90, "texture": "#0"},
				"down": {"uv": [0, 0, 3, 0.125], "rotation": 270, "texture": "#0"}
			}
		},
		{
			"from": [20, 3, 11],
			"to": [21, 5, 29],
			"rotation": {"angle": 0, "axis": "y", "origin": [33, 4, 21]},
			"faces": {
				"north": {"uv": [0, 0, 3, 0.125], "texture": "#0"},
				"east": {"uv": [0, 0, 3, 0.125], "texture": "#0"},
				"south": {"uv": [0, 0, 3, 0.125], "texture": "#0"},
				"west": {"uv": [0, 0, 3, 0.125], "texture": "#0"},
				"up": {"uv": [0, 0, 3, 0.125], "rotation": 90, "texture": "#0"},
				"down": {"uv": [0, 0, 3, 0.125], "rotation": 270, "texture": "#0"}
			}
		},
		{
			"from": [21, 3, 11],
			"to": [22, 5, 26],
			"rotation": {"angle": 0, "axis": "y", "origin": [35, 4, 21]},
			"faces": {
				"north": {"uv": [0, 0, 3, 0.125], "texture": "#0"},
				"east": {"uv": [0, 0, 3, 0.125], "texture": "#0"},
				"south": {"uv": [0, 0, 3, 0.125], "texture": "#0"},
				"west": {"uv": [0, 0, 3, 0.125], "texture": "#0"},
				"up": {"uv": [0, 0, 3, 0.125], "rotation": 90, "texture": "#0"},
				"down": {"uv": [0, 0, 3, 0.125], "rotation": 270, "texture": "#0"}
			}
		},
		{
			"from": [22, 3, 11],
			"to": [23, 5, 23],
			"rotation": {"angle": 0, "axis": "y", "origin": [37, 4, 21]},
			"faces": {
				"north": {"uv": [0, 0, 3, 0.125], "texture": "#0"},
				"east": {"uv": [0, 0, 3, 0.125], "texture": "#0"},
				"south": {"uv": [0, 0, 3, 0.125], "texture": "#0"},
				"west": {"uv": [0, 0, 3, 0.125], "texture": "#0"},
				"up": {"uv": [0, 0, 3, 0.125], "rotation": 90, "texture": "#0"},
				"down": {"uv": [0, 0, 3, 0.125], "rotation": 270, "texture": "#0"}
			}
		},
		{
			"from": [20, 7, 23],
			"to": [21, 12, 29],
			"rotation": {"angle": 0, "axis": "y", "origin": [33, 4, 21]},
			"faces": {
				"north": {"uv": [0, 0, 3, 0.125], "texture": "#0"},
				"east": {"uv": [0, 0, 3, 0.125], "texture": "#0"},
				"south": {"uv": [0, 0, 3, 0.125], "texture": "#0"},
				"west": {"uv": [0, 0, 3, 0.125], "texture": "#0"},
				"up": {"uv": [0, 0, 3, 0.125], "rotation": 90, "texture": "#0"},
				"down": {"uv": [0, 0, 3, 0.125], "rotation": 270, "texture": "#0"}
			}
		},
		{
			"from": [21, 7, 23],
			"to": [22, 12, 26],
			"rotation": {"angle": 0, "axis": "y", "origin": [35, 4, 21]},
			"faces": {
				"north": {"uv": [0, 0, 3, 0.125], "texture": "#0"},
				"east": {"uv": [0, 0, 3, 0.125], "texture": "#0"},
				"south": {"uv": [0, 0, 3, 0.125], "texture": "#0"},
				"west": {"uv": [0, 0, 3, 0.125], "texture": "#0"},
				"up": {"uv": [0, 0, 3, 0.125], "rotation": 90, "texture": "#0"},
				"down": {"uv": [0, 0, 3, 0.125], "rotation": 270, "texture": "#0"}
			}
		},
		{
			"from": [-4.99992, 14.04363, 10.95637],
			"to": [-3.99992, 16.04363, 28.95637],
			"rotation": {"angle": 0, "axis": "y", "origin": [33, 4, 21]},
			"faces": {
				"north": {"uv": [0, 0, 3, 0.125], "texture": "#0"},
				"east": {"uv": [0, 0, 3, 0.125], "texture": "#0"},
				"south": {"uv": [0, 0, 3, 0.125], "texture": "#0"},
				"west": {"uv": [0, 0, 3, 0.125], "texture": "#0"},
				"up": {"uv": [0, 0, 3, 0.125], "rotation": 90, "texture": "#0"},
				"down": {"uv": [0, 0, 3, 0.125], "rotation": 270, "texture": "#0"}
			}
		},
		{
			"from": [-5.99992, 14.04712, 10.95288],
			"to": [-4.99992, 16.04712, 25.95288],
			"rotation": {"angle": 0, "axis": "y", "origin": [35, 4, 21]},
			"faces": {
				"north": {"uv": [0, 0, 3, 0.125], "texture": "#0"},
				"east": {"uv": [0, 0, 3, 0.125], "texture": "#0"},
				"south": {"uv": [0, 0, 3, 0.125], "texture": "#0"},
				"west": {"uv": [0, 0, 3, 0.125], "texture": "#0"},
				"up": {"uv": [0, 0, 3, 0.125], "rotation": 90, "texture": "#0"},
				"down": {"uv": [0, 0, 3, 0.125], "rotation": 270, "texture": "#0"}
			}
		},
		{
			"from": [-6.99991, 14.05061, 10.94939],
			"to": [-5.99991, 16.05061, 22.94939],
			"rotation": {"angle": 0, "axis": "y", "origin": [37, 4, 21]},
			"faces": {
				"north": {"uv": [0, 0, 3, 0.125], "texture": "#0"},
				"east": {"uv": [0, 0, 3, 0.125], "texture": "#0"},
				"south": {"uv": [0, 0, 3, 0.125], "texture": "#0"},
				"west": {"uv": [0, 0, 3, 0.125], "texture": "#0"},
				"up": {"uv": [0, 0, 3, 0.125], "rotation": 90, "texture": "#0"},
				"down": {"uv": [0, 0, 3, 0.125], "rotation": 270, "texture": "#0"}
			}
		},
		{
			"from": [-4.99992, 12.04363, 8.95637],
			"to": [-3.99992, 14.04363, 28.95637],
			"rotation": {"angle": 0, "axis": "y", "origin": [33, 4, 21]},
			"faces": {
				"north": {"uv": [0, 0, 3, 0.125], "texture": "#0"},
				"east": {"uv": [0, 0, 3, 0.125], "texture": "#0"},
				"south": {"uv": [0, 0, 3, 0.125], "texture": "#0"},
				"west": {"uv": [0, 0, 3, 0.125], "texture": "#0"},
				"up": {"uv": [0, 0, 3, 0.125], "rotation": 90, "texture": "#0"},
				"down": {"uv": [0, 0, 3, 0.125], "rotation": 270, "texture": "#0"}
			}
		},
		{
			"from": [-5.99992, 12.04712, 8.95288],
			"to": [-4.99992, 14.04712, 25.95288],
			"rotation": {"angle": 0, "axis": "y", "origin": [35, 4, 21]},
			"faces": {
				"north": {"uv": [0, 0, 3, 0.125], "texture": "#0"},
				"east": {"uv": [0, 0, 3, 0.125], "texture": "#0"},
				"south": {"uv": [0, 0, 3, 0.125], "texture": "#0"},
				"west": {"uv": [0, 0, 3, 0.125], "texture": "#0"},
				"up": {"uv": [0, 0, 3, 0.125], "rotation": 90, "texture": "#0"},
				"down": {"uv": [0, 0, 3, 0.125], "rotation": 270, "texture": "#0"}
			}
		},
		{
			"from": [-6.99991, 12.05061, 10.94939],
			"to": [-5.99991, 14.05061, 22.94939],
			"rotation": {"angle": 0, "axis": "y", "origin": [37, 4, 21]},
			"faces": {
				"north": {"uv": [0, 0, 3, 0.125], "texture": "#0"},
				"east": {"uv": [0, 0, 3, 0.125], "texture": "#0"},
				"south": {"uv": [0, 0, 3, 0.125], "texture": "#0"},
				"west": {"uv": [0, 0, 3, 0.125], "texture": "#0"},
				"up": {"uv": [0, 0, 3, 0.125], "rotation": 90, "texture": "#0"},
				"down": {"uv": [0, 0, 3, 0.125], "rotation": 270, "texture": "#0"}
			}
		},
		{
			"from": [-5.99992, 7.04538, 8.95462],
			"to": [-3.99992, 12.04538, 14.95462],
			"rotation": {"angle": 0, "axis": "y", "origin": [34, 4, 21]},
			"faces": {
				"north": {"uv": [0, 0, 3, 0.125], "texture": "#0"},
				"east": {"uv": [0, 0, 3, 0.125], "texture": "#0"},
				"south": {"uv": [0, 0, 3, 0.125], "texture": "#0"},
				"west": {"uv": [0, 0, 3, 0.125], "texture": "#0"},
				"up": {"uv": [0, 0, 3, 0.125], "rotation": 90, "texture": "#0"},
				"down": {"uv": [0, 0, 3, 0.125], "rotation": 270, "texture": "#0"}
			}
		},
		{
			"from": [-6.99991, 7.04887, 10.95113],
			"to": [-4.99991, 12.04887, 14.95113],
			"rotation": {"angle": 0, "axis": "y", "origin": [36, 4, 21]},
			"faces": {
				"north": {"uv": [0, 0, 3, 0.125], "texture": "#0"},
				"east": {"uv": [0, 0, 3, 0.125], "texture": "#0"},
				"south": {"uv": [0, 0, 3, 0.125], "texture": "#0"},
				"west": {"uv": [0, 0, 3, 0.125], "texture": "#0"},
				"up": {"uv": [0, 0, 3, 0.125], "rotation": 90, "texture": "#0"},
				"down": {"uv": [0, 0, 3, 0.125], "rotation": 270, "texture": "#0"}
			}
		},
		{
			"from": [-6.99992, 7.04712, 19.95288],
			"to": [-3.99992, 12.04712, 22.95288],
			"rotation": {"angle": 0, "axis": "y", "origin": [36, 4, 21]},
			"faces": {
				"north": {"uv": [0, 0, 3, 0.125], "texture": "#0"},
				"east": {"uv": [0, 0, 3, 0.125], "texture": "#0"},
				"south": {"uv": [0, 0, 3, 0.125], "texture": "#0"},
				"west": {"uv": [0, 0, 3, 0.125], "texture": "#0"},
				"up": {"uv": [0, 0, 3, 0.125], "rotation": 90, "texture": "#0"},
				"down": {"uv": [0, 0, 3, 0.125], "rotation": 270, "texture": "#0"}
			}
		},
		{
			"from": [-4.99992, 5.04363, 8.95637],
			"to": [-3.99992, 7.04363, 28.95637],
			"rotation": {"angle": 0, "axis": "y", "origin": [33, 4, 21]},
			"faces": {
				"north": {"uv": [0, 0, 3, 0.125], "texture": "#0"},
				"east": {"uv": [0, 0, 3, 0.125], "texture": "#0"},
				"south": {"uv": [0, 0, 3, 0.125], "texture": "#0"},
				"west": {"uv": [0, 0, 3, 0.125], "texture": "#0"},
				"up": {"uv": [0, 0, 3, 0.125], "rotation": 90, "texture": "#0"},
				"down": {"uv": [0, 0, 3, 0.125], "rotation": 270, "texture": "#0"}
			}
		},
		{
			"from": [-5.99992, 5.04712, 8.95288],
			"to": [-4.99992, 7.04712, 25.95288],
			"rotation": {"angle": 0, "axis": "y", "origin": [35, 4, 21]},
			"faces": {
				"north": {"uv": [0, 0, 3, 0.125], "texture": "#0"},
				"east": {"uv": [0, 0, 3, 0.125], "texture": "#0"},
				"south": {"uv": [0, 0, 3, 0.125], "texture": "#0"},
				"west": {"uv": [0, 0, 3, 0.125], "texture": "#0"},
				"up": {"uv": [0, 0, 3, 0.125], "rotation": 90, "texture": "#0"},
				"down": {"uv": [0, 0, 3, 0.125], "rotation": 270, "texture": "#0"}
			}
		},
		{
			"from": [-6.99991, 5.05061, 10.94939],
			"to": [-5.99991, 7.05061, 22.94939],
			"rotation": {"angle": 0, "axis": "y", "origin": [37, 4, 21]},
			"faces": {
				"north": {"uv": [0, 0, 3, 0.125], "texture": "#0"},
				"east": {"uv": [0, 0, 3, 0.125], "texture": "#0"},
				"south": {"uv": [0, 0, 3, 0.125], "texture": "#0"},
				"west": {"uv": [0, 0, 3, 0.125], "texture": "#0"},
				"up": {"uv": [0, 0, 3, 0.125], "rotation": 90, "texture": "#0"},
				"down": {"uv": [0, 0, 3, 0.125], "rotation": 270, "texture": "#0"}
			}
		},
		{
			"from": [-4.99992, 3.04363, 10.95637],
			"to": [-3.99992, 5.04363, 28.95637],
			"rotation": {"angle": 0, "axis": "y", "origin": [33, 4, 21]},
			"faces": {
				"north": {"uv": [0, 0, 3, 0.125], "texture": "#0"},
				"east": {"uv": [0, 0, 3, 0.125], "texture": "#0"},
				"south": {"uv": [0, 0, 3, 0.125], "texture": "#0"},
				"west": {"uv": [0, 0, 3, 0.125], "texture": "#0"},
				"up": {"uv": [0, 0, 3, 0.125], "rotation": 90, "texture": "#0"},
				"down": {"uv": [0, 0, 3, 0.125], "rotation": 270, "texture": "#0"}
			}
		},
		{
			"from": [-5.99992, 3.04712, 10.95288],
			"to": [-4.99992, 5.04712, 25.95288],
			"rotation": {"angle": 0, "axis": "y", "origin": [35, 4, 21]},
			"faces": {
				"north": {"uv": [0, 0, 3, 0.125], "texture": "#0"},
				"east": {"uv": [0, 0, 3, 0.125], "texture": "#0"},
				"south": {"uv": [0, 0, 3, 0.125], "texture": "#0"},
				"west": {"uv": [0, 0, 3, 0.125], "texture": "#0"},
				"up": {"uv": [0, 0, 3, 0.125], "rotation": 90, "texture": "#0"},
				"down": {"uv": [0, 0, 3, 0.125], "rotation": 270, "texture": "#0"}
			}
		},
		{
			"from": [-6.99991, 3.05061, 10.94939],
			"to": [-5.99991, 5.05061, 22.94939],
			"rotation": {"angle": 0, "axis": "y", "origin": [37, 4, 21]},
			"faces": {
				"north": {"uv": [0, 0, 3, 0.125], "texture": "#0"},
				"east": {"uv": [0, 0, 3, 0.125], "texture": "#0"},
				"south": {"uv": [0, 0, 3, 0.125], "texture": "#0"},
				"west": {"uv": [0, 0, 3, 0.125], "texture": "#0"},
				"up": {"uv": [0, 0, 3, 0.125], "rotation": 90, "texture": "#0"},
				"down": {"uv": [0, 0, 3, 0.125], "rotation": 270, "texture": "#0"}
			}
		},
		{
			"from": [-4.99992, 7.04363, 22.95637],
			"to": [-3.99992, 12.04363, 28.95637],
			"rotation": {"angle": 0, "axis": "y", "origin": [33, 4, 21]},
			"faces": {
				"north": {"uv": [0, 0, 3, 0.125], "texture": "#0"},
				"east": {"uv": [0, 0, 3, 0.125], "texture": "#0"},
				"south": {"uv": [0, 0, 3, 0.125], "texture": "#0"},
				"west": {"uv": [0, 0, 3, 0.125], "texture": "#0"},
				"up": {"uv": [0, 0, 3, 0.125], "rotation": 90, "texture": "#0"},
				"down": {"uv": [0, 0, 3, 0.125], "rotation": 270, "texture": "#0"}
			}
		},
		{
			"from": [-5.99992, 7.04712, 22.95288],
			"to": [-4.99992, 12.04712, 25.95288],
			"rotation": {"angle": 0, "axis": "y", "origin": [35, 4, 21]},
			"faces": {
				"north": {"uv": [0, 0, 3, 0.125], "texture": "#0"},
				"east": {"uv": [0, 0, 3, 0.125], "texture": "#0"},
				"south": {"uv": [0, 0, 3, 0.125], "texture": "#0"},
				"west": {"uv": [0, 0, 3, 0.125], "texture": "#0"},
				"up": {"uv": [0, 0, 3, 0.125], "rotation": 90, "texture": "#0"},
				"down": {"uv": [0, 0, 3, 0.125], "rotation": 270, "texture": "#0"}
			}
		}
	],
	"display": {
		"thirdperson_righthand": {
			"rotation": [0, -180, 0],
			"translation": [0, -3.75, -4.25],
			"scale": [0.3, 0.3, 0.3]
		},
		"thirdperson_lefthand": {
			"rotation": [0, -180, 0],
			"translation": [0, -3.75, -4.25],
			"scale": [0.3, 0.3, 0.3]
		},
		"firstperson_righthand": {
			"rotation": [0, -180, 0],
			"translation": [1.25, 1, 0],
			"scale": [0.2, 0.2, 0.1]
		},
		"firstperson_lefthand": {
			"rotation": [0, -180, 0],
			"translation": [1.25, 1, 0],
			"scale": [0.2, 0.2, 0.1]
		},
		"ground": {
			"scale": [0.2, 0.2, 0.2]
		},
		"gui": {
			"rotation": [2, -180, 0],
			"translation": [0, -3, 0],
			"scale": [0.3, 0.3, 0.3]
		},
		"head": {
			"translation": [0, -3.25, -5.25],
			"scale": [0.55, 0.55, 0.55]
		},
		"fixed": {
			"rotation": [-90, 0, 0],
			"translation": [0, -0.75, -2],
			"scale": [0.4, 0.4, 0.4]
		}
	},
	"groups": [
		{
			"name": "group",
			"origin": [8, 8, 8],
			"children": [0, 1, 2, 3, 4, 5, 6, 7, 8, 9, 10, 11]
		},
		{
			"name": "group",
			"origin": [8, 8, 8],
			"children": [12, 13, 14, 15, 16]
		},
		{
			"name": "group",
			"origin": [8, 8, 8],
			"children": [17, 18, 19, 20, 21, 22, 23, 24, 25, 26, 27, 28, 29, 30]
		},
		{
			"name": "group",
			"origin": [8, 8, 8],
			"children": [31, 32, 33, 34, 35, 36, 37, 38, 39, 40, 41, 42, 43, 44, 45, 46, 47]
		},
		{
			"name": "group",
			"origin": [8, 8, 8],
			"children": [48, 49, 50, 51, 52, 53, 54, 55, 56, 57, 58, 59, 60, 61, 62, 63, 64]
		}
	]
}