{
	"credit": "Made with Blockbench",
	"parent": "helmet",
	"texture_size": [128, 128],
	"textures": {
		"1": "items/eyama/ehel",
		"particle": "items/eyama/ehel"
	},
	"elements": [
		{
			"from": [-5, 16, 5],
			"to": [-4, 28, 29],
			"rotation": {"angle": 0, "axis": "y", "origin": [8, 4, 21]},
			"faces": {
				"north": {"uv": [0, 0, 3, 0.125], "rotation": 90, "texture": "#1"},
				"east": {"uv": [0, 0, 3, 0.125], "rotation": 90, "texture": "#1"},
				"south": {"uv": [0, 0, 3, 0.125], "rotation": 90, "texture": "#1"},
				"west": {"uv": [0, 0, 3, 0.125], "rotation": 90, "texture": "#1"},
				"up": {"uv": [0, 0, 3, 0.125], "rotation": 90, "texture": "#1"},
				"down": {"uv": [0, 0, 3, 0.125], "rotation": 90, "texture": "#1"}
			}
		},
		{
			"from": [-4, 16, 29],
			"to": [20, 28, 30],
			"rotation": {"angle": 0, "axis": "y", "origin": [8, 4, 21]},
			"faces": {
				"north": {"uv": [0, 0, 3, 0.125], "texture": "#1"},
				"east": {"uv": [0, 0, 3, 0.125], "texture": "#1"},
				"south": {"uv": [0, 0, 3, 0.125], "texture": "#1"},
				"west": {"uv": [0, 0, 3, 0.125], "texture": "#1"},
				"up": {"uv": [0, 0, 3, 0.125], "texture": "#1"},
				"down": {"uv": [0, 0, 3, 0.125], "texture": "#1"}
			}
		},
		{
			"from": [-1, 16, 30],
			"to": [17, 28, 31],
			"rotation": {"angle": 0, "axis": "y", "origin": [8, 4, 21]},
			"faces": {
				"north": {"uv": [0, 0, 2.25, 0.125], "texture": "#1"},
				"east": {"uv": [0, 0, 2.25, 0.125], "texture": "#1"},
				"south": {"uv": [0, 0, 2.25, 0.125], "texture": "#1"},
				"west": {"uv": [0, 0, 2.25, 0.125], "texture": "#1"},
				"up": {"uv": [0, 0, 2.25, 0.125], "texture": "#1"},
				"down": {"uv": [0, 0, 2.25, 0.125], "texture": "#1"}
			}
		},
		{
			"from": [2, 16, 31],
			"to": [14, 28, 32],
			"rotation": {"angle": 0, "axis": "y", "origin": [8, 4, 21]},
			"faces": {
				"north": {"uv": [0, 0, 1.5, 0.125], "texture": "#1"},
				"east": {"uv": [0, 0, 1.5, 0.125], "texture": "#1"},
				"south": {"uv": [0, 0, 1.5, 0.125], "texture": "#1"},
				"west": {"uv": [0, 0, 1.5, 0.125], "texture": "#1"},
				"up": {"uv": [0, 0, 1.5, 0.125], "texture": "#1"},
				"down": {"uv": [0, 0, 1.5, 0.125], "texture": "#1"}
			}
		},
		{
			"from": [-6, 16, 8],
			"to": [-5, 28, 26],
			"rotation": {"angle": 0, "axis": "y", "origin": [8, 4, 21]},
			"faces": {
				"north": {"uv": [0, 0, 2.25, 0.125], "rotation": 90, "texture": "#1"},
				"east": {"uv": [0, 0, 2.25, 0.125], "rotation": 90, "texture": "#1"},
				"south": {"uv": [0, 0, 2.25, 0.125], "rotation": 90, "texture": "#1"},
				"west": {"uv": [0, 0, 2.25, 0.125], "rotation": 90, "texture": "#1"},
				"up": {"uv": [0, 0, 2.25, 0.125], "rotation": 90, "texture": "#1"},
				"down": {"uv": [0, 0, 2.25, 0.125], "rotation": 90, "texture": "#1"}
			}
		},
		{
			"from": [-7, 16, 11],
			"to": [-6, 28, 23],
			"rotation": {"angle": 0, "axis": "y", "origin": [8, 4, 21]},
			"faces": {
				"north": {"uv": [0, 0, 1.5, 0.125], "rotation": 90, "texture": "#1"},
				"east": {"uv": [0, 0, 1.5, 0.125], "rotation": 90, "texture": "#1"},
				"south": {"uv": [0, 0, 1.5, 0.125], "rotation": 90, "texture": "#1"},
				"west": {"uv": [0, 0, 1.5, 0.125], "rotation": 90, "texture": "#1"},
				"up": {"uv": [0, 0, 1.5, 0.125], "rotation": 90, "texture": "#1"},
				"down": {"uv": [0, 0, 1.5, 0.125], "rotation": 90, "texture": "#1"}
			}
		},
		{
			"from": [21, 16, 8],
			"to": [22, 28, 26],
			"rotation": {"angle": 0, "axis": "y", "origin": [8, 4, 21]},
			"faces": {
				"north": {"uv": [0, 0, 2.25, 0.125], "rotation": 270, "texture": "#1"},
				"east": {"uv": [0, 0, 2.25, 0.125], "rotation": 270, "texture": "#1"},
				"south": {"uv": [0, 0, 2.25, 0.125], "rotation": 270, "texture": "#1"},
				"west": {"uv": [0, 0, 2.25, 0.125], "rotation": 270, "texture": "#1"},
				"up": {"uv": [0, 0, 2.25, 0.125], "rotation": 270, "texture": "#1"},
				"down": {"uv": [0, 0, 2.25, 0.125], "rotation": 270, "texture": "#1"}
			}
		},
		{
			"from": [-1, 18, 3],
			"to": [17, 28, 4],
			"rotation": {"angle": 0, "axis": "y", "origin": [8, 4, 21]},
			"faces": {
				"north": {"uv": [0, 0, 2.25, 0.125], "rotation": 180, "texture": "#1"},
				"east": {"uv": [0, 0, 2.25, 0.125], "rotation": 180, "texture": "#1"},
				"south": {"uv": [0, 0, 2.25, 0.125], "rotation": 180, "texture": "#1"},
				"west": {"uv": [0, 0, 2.25, 0.125], "rotation": 180, "texture": "#1"},
				"up": {"uv": [0, 0, 2.25, 0.125], "rotation": 180, "texture": "#1"},
				"down": {"uv": [0, 0, 2.25, 0.125], "rotation": 180, "texture": "#1"}
			}
		},
		{
			"from": [22, 16, 11],
			"to": [23, 28, 23],
			"rotation": {"angle": 0, "axis": "y", "origin": [8, 4, 21]},
			"faces": {
				"north": {"uv": [0, 0, 1.5, 0.125], "rotation": 270, "texture": "#1"},
				"east": {"uv": [0, 0, 1.5, 0.125], "rotation": 270, "texture": "#1"},
				"south": {"uv": [0, 0, 1.5, 0.125], "rotation": 270, "texture": "#1"},
				"west": {"uv": [0, 0, 1.5, 0.125], "rotation": 270, "texture": "#1"},
				"up": {"uv": [0, 0, 1.5, 0.125], "rotation": 270, "texture": "#1"},
				"down": {"uv": [0, 0, 1.5, 0.125], "rotation": 270, "texture": "#1"}
			}
		},
		{
			"from": [3, 19, 2],
			"to": [13, 29, 3],
			"rotation": {"angle": 0, "axis": "x", "origin": [8, 4, 21]},
			"faces": {
				"north": {"uv": [0, 0, 16, 16], "texture": "#1"},
				"east": {"uv": [0, 0, 16, 1.5], "texture": "#1"},
				"south": {"uv": [0, 0, 16, 1.5], "texture": "#1"},
				"west": {"uv": [0, 0, 16, 1.5], "texture": "#1"},
				"up": {"uv": [0, 0, 16, 1.5], "texture": "#1"},
				"down": {"uv": [0, 0, 16, 1.5], "texture": "#1"}
			}
		},
		{
			"from": [-4, 18, 4],
			"to": [20, 28, 5],
			"rotation": {"angle": 0, "axis": "y", "origin": [8, 4, 21]},
			"faces": {
				"north": {"uv": [0, 0, 3, 0.125], "rotation": 180, "texture": "#1"},
				"east": {"uv": [0, 0, 3, 0.125], "rotation": 180, "texture": "#1"},
				"south": {"uv": [0, 0, 3, 0.125], "rotation": 180, "texture": "#1"},
				"west": {"uv": [0, 0, 3, 0.125], "rotation": 180, "texture": "#1"},
				"up": {"uv": [0, 0, 3, 0.125], "rotation": 180, "texture": "#1"},
				"down": {"uv": [0, 0, 3, 0.125], "rotation": 180, "texture": "#1"}
			}
		},
		{
			"from": [20, 16, 5],
			"to": [21, 28, 29],
			"rotation": {"angle": 0, "axis": "y", "origin": [8, 4, 21]},
			"faces": {
				"north": {"uv": [0, 0, 3, 0.125], "rotation": 270, "texture": "#1"},
				"east": {"uv": [0, 0, 3, 0.125], "rotation": 270, "texture": "#1"},
				"south": {"uv": [0, 0, 3, 0.125], "rotation": 270, "texture": "#1"},
				"west": {"uv": [0, 0, 3, 0.125], "rotation": 270, "texture": "#1"},
				"up": {"uv": [0, 0, 3, 0.125], "rotation": 270, "texture": "#1"},
				"down": {"uv": [0, 0, 3, 0.125], "rotation": 270, "texture": "#1"}
			}
		},
		{
			"from": [1, 18, -12],
			"to": [15, 20, 3],
			"rotation": {"angle": 0, "axis": "y", "origin": [8, 14, 19]},
			"faces": {
				"north": {"uv": [11, 0, 15.75, 2.75], "texture": "#1"},
				"east": {"uv": [11, 0, 15.75, 2.75], "texture": "#1"},
				"south": {"uv": [11, 0, 15.75, 2.75], "texture": "#1"},
				"west": {"uv": [11, 0, 15.75, 2.75], "texture": "#1"},
				"up": {"uv": [11, 0, 15.75, 2.75], "texture": "#1"},
				"down": {"uv": [11, 0, 15.75, 2.75], "texture": "#1"}
			}
		},
		{
			"from": [15, 20, -10],
			"to": [19, 22, 6],
			"rotation": {"angle": -22.5, "axis": "z", "origin": [8, 14, 19]},
			"faces": {
				"north": {"uv": [11, 0, 15.75, 2.75], "texture": "#1"},
				"east": {"uv": [11, 0, 15.75, 2.75], "texture": "#1"},
				"south": {"uv": [11, 0, 15.75, 2.75], "texture": "#1"},
				"west": {"uv": [11, 0, 15.75, 2.75], "texture": "#1"},
				"up": {"uv": [11, 0, 15.75, 2.75], "texture": "#1"},
				"down": {"uv": [11, 0, 15.75, 2.75], "texture": "#1"}
			}
		},
		{
			"from": [-3, 20, -10],
			"to": [1, 22, 6],
			"rotation": {"angle": 22.5, "axis": "z", "origin": [8, 14, 19]},
			"faces": {
				"north": {"uv": [11, 0, 15.75, 2.75], "texture": "#1"},
				"east": {"uv": [11, 0, 15.75, 2.75], "texture": "#1"},
				"south": {"uv": [11, 0, 15.75, 2.75], "texture": "#1"},
				"west": {"uv": [11, 0, 15.75, 2.75], "texture": "#1"},
				"up": {"uv": [11, 0, 15.75, 2.75], "texture": "#1"},
				"down": {"uv": [11, 0, 15.75, 2.75], "texture": "#1"}
			}
		},
		{
			"from": [12, 20, -11],
			"to": [15, 22, 4],
			"rotation": {"angle": -22.5, "axis": "z", "origin": [8, 14, 19]},
			"faces": {
				"north": {"uv": [11, 0, 15.75, 2.75], "texture": "#1"},
				"east": {"uv": [11, 0, 15.75, 2.75], "texture": "#1"},
				"south": {"uv": [11, 0, 15.75, 2.75], "texture": "#1"},
				"west": {"uv": [11, 0, 15.75, 2.75], "texture": "#1"},
				"up": {"uv": [11, 0, 15.75, 2.75], "texture": "#1"},
				"down": {"uv": [11, 0, 15.75, 2.75], "texture": "#1"}
			}
		},
		{
			"from": [1, 20, -11],
			"to": [4, 22, 4],
			"rotation": {"angle": 22.5, "axis": "z", "origin": [8, 14, 19]},
			"faces": {
				"north": {"uv": [11, 0, 15.75, 2.75], "texture": "#1"},
				"east": {"uv": [11, 0, 15.75, 2.75], "texture": "#1"},
				"south": {"uv": [11, 0, 15.75, 2.75], "texture": "#1"},
				"west": {"uv": [11, 0, 15.75, 2.75], "texture": "#1"},
				"up": {"uv": [11, 0, 15.75, 2.75], "texture": "#1"},
				"down": {"uv": [11, 0, 15.75, 2.75], "texture": "#1"}
			}
		},
		{
			"from": [-1, 28, 29],
			"to": [17, 30, 30],
			"rotation": {"angle": 0, "axis": "y", "origin": [8, 10, 8]},
			"faces": {
				"north": {"uv": [0, 0, 2.25, 0.125], "rotation": 180, "texture": "#1"},
				"east": {"uv": [0, 0, 2.25, 0.125], "rotation": 180, "texture": "#1"},
				"south": {"uv": [0, 0, 2.25, 0.125], "rotation": 180, "texture": "#1"},
				"west": {"uv": [0, 0, 2.25, 0.125], "rotation": 180, "texture": "#1"},
				"up": {"uv": [0, 0, 2.25, 0.125], "rotation": 180, "texture": "#1"},
				"down": {"uv": [0, 0, 2.25, 0.125], "rotation": 180, "texture": "#1"}
			}
		},
		{
			"from": [-4, 28, 5],
			"to": [20, 30, 29],
			"rotation": {"angle": 0, "axis": "y", "origin": [8, 10, 8]},
			"faces": {
				"north": {"uv": [13, 0, 16, 3], "texture": "#1"},
				"east": {"uv": [13, 0, 16, 3], "texture": "#1"},
				"south": {"uv": [13, 0, 16, 3], "texture": "#1"},
				"west": {"uv": [13, 0, 16, 3], "texture": "#1"},
				"up": {"uv": [13, 0, 16, 3], "texture": "#1"},
				"down": {"uv": [13, 0, 16, 3], "texture": "#1"}
			}
		},
		{
			"from": [20, 28, 8],
			"to": [21, 30, 26],
			"rotation": {"angle": 0, "axis": "y", "origin": [8, 10, 8]},
			"faces": {
				"north": {"uv": [0, 0, 2.25, 0.125], "rotation": 90, "texture": "#1"},
				"east": {"uv": [0, 0, 2.25, 0.125], "rotation": 90, "texture": "#1"},
				"south": {"uv": [0, 0, 2.25, 0.125], "rotation": 90, "texture": "#1"},
				"west": {"uv": [0, 0, 2.25, 0.125], "rotation": 90, "texture": "#1"},
				"up": {"uv": [0, 0, 2.25, 0.125], "rotation": 90, "texture": "#1"},
				"down": {"uv": [0, 0, 2.25, 0.125], "rotation": 90, "texture": "#1"}
			}
		},
		{
			"from": [-1, 30, 8],
			"to": [17, 32, 26],
			"rotation": {"angle": 0, "axis": "y", "origin": [8, 10, 8]},
			"faces": {
				"north": {"uv": [0, 0, 2.25, 1.25], "texture": "#1"},
				"east": {"uv": [0, 0, 2.25, 1.25], "texture": "#1"},
				"south": {"uv": [0, 0, 2.25, 1.25], "texture": "#1"},
				"west": {"uv": [0, 0, 2.25, 1.25], "texture": "#1"},
				"up": {"uv": [0, 0, 2.25, 1.25], "texture": "#1"},
				"down": {"uv": [0, 0, 2.25, 1.25], "texture": "#1"}
			}
		},
		{
			"from": [-1, 28, 4],
			"to": [17, 30, 5],
			"rotation": {"angle": 0, "axis": "y", "origin": [8, 10, 8]},
			"faces": {
				"north": {"uv": [0, 0, 2.25, 0.125], "texture": "#1"},
				"east": {"uv": [0, 0, 2.25, 0.125], "texture": "#1"},
				"south": {"uv": [0, 0, 2.25, 0.125], "texture": "#1"},
				"west": {"uv": [0, 0, 2.25, 0.125], "texture": "#1"},
				"up": {"uv": [0, 0, 2.25, 0.125], "texture": "#1"},
				"down": {"uv": [0, 0, 2.25, 0.125], "texture": "#1"}
			}
		},
		{
			"from": [-5, 28, 8],
			"to": [-4, 30, 26],
			"rotation": {"angle": 0, "axis": "y", "origin": [8, 10, 8]},
			"faces": {
				"north": {"uv": [0, 0, 2.25, 0.125], "rotation": 270, "texture": "#1"},
				"east": {"uv": [0, 0, 2.25, 0.125], "rotation": 270, "texture": "#1"},
				"south": {"uv": [0, 0, 2.25, 0.125], "rotation": 270, "texture": "#1"},
				"west": {"uv": [0, 0, 2.25, 0.125], "rotation": 270, "texture": "#1"},
				"up": {"uv": [0, 0, 2.25, 0.125], "rotation": 270, "texture": "#1"},
				"down": {"uv": [0, 0, 2.25, 0.125], "rotation": 270, "texture": "#1"}
			}
		},
		{
			"from": [-4, 30, 8],
			"to": [-1, 31, 26],
			"rotation": {"angle": 0, "axis": "y", "origin": [8, 10, 8]},
			"faces": {
				"north": {"uv": [0, 0, 2.25, 0.375], "rotation": 270, "texture": "#1"},
				"east": {"uv": [0, 0, 2.25, 0.375], "rotation": 270, "texture": "#1"},
				"south": {"uv": [0, 0, 2.25, 0.375], "rotation": 270, "texture": "#1"},
				"west": {"uv": [0, 0, 2.25, 0.375], "rotation": 270, "texture": "#1"},
				"up": {"uv": [0, 0, 2.25, 0.375], "rotation": 270, "texture": "#1"},
				"down": {"uv": [0, 0, 2.25, 0.375], "rotation": 270, "texture": "#1"}
			}
		},
		{
			"from": [-1, 30, 5],
			"to": [17, 31, 8],
			"rotation": {"angle": 0, "axis": "y", "origin": [8, 10, 8]},
			"faces": {
				"north": {"uv": [0, 0, 2.25, 0.375], "texture": "#1"},
				"east": {"uv": [0, 0, 2.25, 0.375], "texture": "#1"},
				"south": {"uv": [0, 0, 2.25, 0.375], "texture": "#1"},
				"west": {"uv": [0, 0, 2.25, 0.375], "texture": "#1"},
				"up": {"uv": [0, 0, 2.25, 0.375], "texture": "#1"},
				"down": {"uv": [0, 0, 2.25, 0.375], "texture": "#1"}
			}
		},
		{
			"from": [17, 30, 8],
			"to": [20, 31, 26],
			"rotation": {"angle": 0, "axis": "y", "origin": [8, 10, 8]},
			"faces": {
				"north": {"uv": [0, 0, 2.25, 0.375], "rotation": 90, "texture": "#1"},
				"east": {"uv": [0, 0, 2.25, 0.375], "rotation": 90, "texture": "#1"},
				"south": {"uv": [0, 0, 2.25, 0.375], "rotation": 90, "texture": "#1"},
				"west": {"uv": [0, 0, 2.25, 0.375], "rotation": 90, "texture": "#1"},
				"up": {"uv": [0, 0, 2.25, 0.375], "rotation": 90, "texture": "#1"},
				"down": {"uv": [0, 0, 2.25, 0.375], "rotation": 90, "texture": "#1"}
			}
		},
		{
			"from": [-1, 30, 26],
			"to": [17, 31, 29],
			"rotation": {"angle": 0, "axis": "y", "origin": [8, 10, 8]},
			"faces": {
				"north": {"uv": [0, 0, 2.25, 0.375], "rotation": 180, "texture": "#1"},
				"east": {"uv": [0, 0, 2.25, 0.375], "rotation": 180, "texture": "#1"},
				"south": {"uv": [0, 0, 2.25, 0.375], "rotation": 180, "texture": "#1"},
				"west": {"uv": [0, 0, 2.25, 0.375], "rotation": 180, "texture": "#1"},
				"up": {"uv": [0, 0, 2.25, 0.375], "rotation": 180, "texture": "#1"},
				"down": {"uv": [0, 0, 2.25, 0.375], "rotation": 180, "texture": "#1"}
			}
		},
		{
			"from": [-6, 28, 11],
			"to": [-5, 29, 23],
			"rotation": {"angle": 0, "axis": "y", "origin": [8, 10, 8]},
			"faces": {
				"north": {"uv": [0, 0, 1.5, 0.125], "rotation": 270, "texture": "#1"},
				"east": {"uv": [0, 0, 1.5, 0.125], "rotation": 270, "texture": "#1"},
				"south": {"uv": [0, 0, 1.5, 0.125], "rotation": 270, "texture": "#1"},
				"west": {"uv": [0, 0, 1.5, 0.125], "rotation": 270, "texture": "#1"},
				"up": {"uv": [0, 0, 1.5, 0.125], "rotation": 270, "texture": "#1"},
				"down": {"uv": [0, 0, 1.5, 0.125], "rotation": 270, "texture": "#1"}
			}
		},
		{
			"from": [2, 28, 3],
			"to": [14, 29, 4],
			"rotation": {"angle": 0, "axis": "y", "origin": [8, 10, 8]},
			"faces": {
				"north": {"uv": [0, 0, 1.5, 0.125], "texture": "#1"},
				"east": {"uv": [0, 0, 1.5, 0.125], "texture": "#1"},
				"south": {"uv": [0, 0, 1.5, 0.125], "texture": "#1"},
				"west": {"uv": [0, 0, 1.5, 0.125], "texture": "#1"},
				"up": {"uv": [0, 0, 1.5, 0.125], "texture": "#1"},
				"down": {"uv": [0, 0, 1.5, 0.125], "texture": "#1"}
			}
		},
		{
			"from": [21, 28, 11],
			"to": [22, 29, 23],
			"rotation": {"angle": 0, "axis": "y", "origin": [8, 10, 8]},
			"faces": {
				"north": {"uv": [0, 0, 1.5, 0.125], "rotation": 90, "texture": "#1"},
				"east": {"uv": [0, 0, 1.5, 0.125], "rotation": 90, "texture": "#1"},
				"south": {"uv": [0, 0, 1.5, 0.125], "rotation": 90, "texture": "#1"},
				"west": {"uv": [0, 0, 1.5, 0.125], "rotation": 90, "texture": "#1"},
				"up": {"uv": [0, 0, 1.5, 0.125], "rotation": 90, "texture": "#1"},
				"down": {"uv": [0, 0, 1.5, 0.125], "rotation": 90, "texture": "#1"}
			}
		},
		{
			"from": [2, 28, 30],
			"to": [14, 29, 31],
			"rotation": {"angle": 0, "axis": "y", "origin": [8, 10, 8]},
			"faces": {
				"north": {"uv": [0, 0, 1.5, 0.125], "rotation": 180, "texture": "#1"},
				"east": {"uv": [0, 0, 1.5, 0.125], "rotation": 180, "texture": "#1"},
				"south": {"uv": [0, 0, 1.5, 0.125], "rotation": 180, "texture": "#1"},
				"west": {"uv": [0, 0, 1.5, 0.125], "rotation": 180, "texture": "#1"},
				"up": {"uv": [0, 0, 1.5, 0.125], "rotation": 180, "texture": "#1"},
				"down": {"uv": [0, 0, 1.5, 0.125], "rotation": 180, "texture": "#1"}
			}
		}
	],
	"display": {
		"thirdperson_righthand": {
			"rotation": [0, -180, 0],
			"translation": [0, -3.75, -4.25],
			"scale": [0.3, 0.3, 0.3]
		},
		"thirdperson_lefthand": {
			"rotation": [0, -180, 0],
			"translation": [0, -3.75, -4.25],
			"scale": [0.3, 0.3, 0.3]
		},
		"firstperson_righthand": {
			"rotation": [0, -180, 0],
			"translation": [1.25, 1, 0],
			"scale": [0.2, 0.2, 0.1]
		},
		"firstperson_lefthand": {
			"rotation": [0, -180, 0],
			"translation": [1.25, 1, 0],
			"scale": [0.2, 0.2, 0.1]
		},
		"ground": {
			"scale": [0.2, 0.2, 0.2]
		},
		"gui": {
			"rotation": [30, -140, 0],
			"translation": [0, -4.75, 0],
			"scale": [0.3, 0.3, 0.3]
		},
		"head": {
			"translation": [0, -3.25, -5.25],
			"scale": [0.55, 0.55, 0.55]
		},
		"fixed": {
			"rotation": [-90, 0, 0],
			"translation": [0, -0.75, 2],
			"scale": [0.4, 0.4, 0.4]
		}
	},
	"groups": [
		{
			"name": "group",
			"origin": [8, 8, 8],
			"children": [0, 1, 2, 3, 4, 5, 6, 7, 8, 9, 10, 11]
		},
		{
			"name": "group",
			"origin": [8, 8, 8],
			"children": [12, 13, 14, 15, 16]
		},
		{
			"name": "group",
			"origin": [8, 8, 8],
			"children": [17, 18, 19, 20, 21, 22, 23, 24, 25, 26, 27, 28, 29, 30]
		}
	]
}