{
    "parent": "item/generated",
    "textures": {
        "layer0": "item/bow"
    },
    "display": {
        "thirdperson_righthand": {
            "rotation": [ -80, 260, -40 ],
            "translation": [ -1, -2, 2.5 ],
            "scale": [ 0.9, 0.9, 0.9 ]
        },
        "thirdperson_lefthand": {
            "rotation": [ -80, -280, 40 ],
            "translation": [ -1, -2, 2.5 ],
            "scale": [ 0.9, 0.9, 0.9 ]
        },
        "firstperson_righthand": {
            "rotation": [ 0, -90, 25 ],
            "translation": [ 1.13, 3.2, 1.13],
            "scale": [ 0.68, 0.68, 0.68 ]
        },
        "firstperson_lefthand": {
            "rotation": [ 0, 90, -25 ],
            "translation": [ 1.13, 3.2, 1.13],
            "scale": [ 0.68, 0.68, 0.68 ]
        }
    },
"overrides": [
{"predicate": {"pulling": 1},"model": "item/bow_pulling_0"},
{"predicate": {"pulling": 1,"pull": 0.65},"model": "item/bow_pulling_1"},
{"predicate": {"pulling": 1,"pull": 0.9},"model": "item/bow_pulling_2"},

{ "predicate": {"custom_model_data": 1}, "model": "item/rlaiy_bow/rlaiy_bow_1"},
{ "predicate": {"pulling": 1,"custom_model_data": 1}, "model": "item/rlaiy_bow/rlaiy_bow_1_pulling_0"},
{ "predicate": {"pulling": 1,"pull": 0.65,"custom_model_data": 1}, "model": "item/rlaiy_bow/rlaiy_bow_1_pulling_1"},
{ "predicate": {"pulling": 1,"pull": 0.9,"custom_model_data": 1}, "model": "item/rlaiy_bow/rlaiy_bow_1_pulling_2"},

{ "predicate": {"custom_model_data": 2}, "model": "item/rlaiy_bow/rlaiy_bow_2"},
{ "predicate": {"pulling": 1,"custom_model_data": 2}, "model": "item/rlaiy_bow/rlaiy_bow_2_pulling_0"},
{ "predicate": {"pulling": 1,"pull": 0.65,"custom_model_data": 2}, "model": "item/rlaiy_bow/rlaiy_bow_2_pulling_1"},
{ "predicate": {"pulling": 1,"pull": 0.9,"custom_model_data": 2}, "model": "item/rlaiy_bow/rlaiy_bow_2_pulling_2"},

{ "predicate": {"custom_model_data": 3}, "model": "item/rlaiy_bow/rlaiy_bow_3"},
{ "predicate": {"pulling": 1,"pull": 0.9,"custom_model_data": 3}, "model": "item/rlaiy_bow/rlaiy_bow_3_pulling_2"},

{ "predicate": {"custom_model_data": 4}, "model": "item/rlaiy_bow/rlaiy_bow_4"},
{ "predicate": {"pulling": 1,"pull": 0.9,"custom_model_data": 4}, "model": "item/rlaiy_bow/rlaiy_bow_4_pulling_2"},

{ "predicate": {"custom_model_data": 5}, "model": "item/rlaiy_bow/rlaiy_bow_5"},
{ "predicate": {"pulling": 1,"custom_model_data": 5}, "model": "item/rlaiy_bow/rlaiy_bow_5_pulling_0"},
{ "predicate": {"pulling": 1,"pull": 0.65,"custom_model_data": 5}, "model": "item/rlaiy_bow/rlaiy_bow_5_pulling_1"},
{ "predicate": {"pulling": 1,"pull": 0.9,"custom_model_data": 5}, "model": "item/rlaiy_bow/rlaiy_bow_5_pulling_2"},

{ "predicate": {"custom_model_data": 6}, "model": "item/rlaiy_bow/rlaiy_bow_6"},
{ "predicate": {"pulling": 1,"custom_model_data": 6}, "model": "item/rlaiy_bow/rlaiy_bow_6_pulling_0"},
{ "predicate": {"pulling": 1,"pull": 0.65,"custom_model_data": 6}, "model": "item/rlaiy_bow/rlaiy_bow_6_pulling_1"},
{ "predicate": {"pulling": 1,"pull": 0.9,"custom_model_data": 6}, "model": "item/rlaiy_bow/rlaiy_bow_6_pulling_2"},

{ "predicate": {"custom_model_data": 7}, "model": "item/rlaiy_bow/rlaiy_bow_7"},
{ "predicate": {"pulling": 1,"custom_model_data": 7}, "model": "item/rlaiy_bow/rlaiy_bow_7_pulling_0"},
{ "predicate": {"pulling": 1,"pull": 0.65,"custom_model_data": 7}, "model": "item/rlaiy_bow/rlaiy_bow_7_pulling_1"},
{ "predicate": {"pulling": 1,"pull": 0.9,"custom_model_data": 7}, "model": "item/rlaiy_bow/rlaiy_bow_7_pulling_2"},

{ "predicate": {"custom_model_data": 8}, "model": "item/rlaiy_bow/rlaiy_bow_8"},
{ "predicate": {"pulling": 1,"custom_model_data": 8}, "model": "item/rlaiy_bow/rlaiy_bow_8_pulling_0"},
{ "predicate": {"pulling": 1,"pull": 0.65,"custom_model_data": 8}, "model": "item/rlaiy_bow/rlaiy_bow_8_pulling_1"},
{ "predicate": {"pulling": 1,"pull": 0.9,"custom_model_data": 8}, "model": "item/rlaiy_bow/rlaiy_bow_8_pulling_2"},

{ "predicate": {"custom_model_data": 9}, "model": "item/rlaiy_bow/rlaiy_bow_9"},
{ "predicate": {"pulling": 1,"custom_model_data": 9}, "model": "item/rlaiy_bow/rlaiy_bow_9_pulling_0"},
{ "predicate": {"pulling": 1,"pull": 0.65,"custom_model_data": 9}, "model": "item/rlaiy_bow/rlaiy_bow_9_pulling_1"},
{ "predicate": {"pulling": 1,"pull": 0.9,"custom_model_data": 9}, "model": "item/rlaiy_bow/rlaiy_bow_9_pulling_2"},

{ "predicate": {"custom_model_data": 101}, "model": "item/rlaiy_bow/rlaiy_bow_101"},
{ "predicate": {"pulling": 1,"custom_model_data": 101}, "model": "item/rlaiy_bow/rlaiy_bow_101_pulling_0"},
{ "predicate": {"pulling": 1,"pull": 0.65,"custom_model_data": 101}, "model": "item/rlaiy_bow/rlaiy_bow_101_pulling_1"},
{ "predicate": {"pulling": 1,"pull": 0.9,"custom_model_data": 101}, "model": "item/rlaiy_bow/rlaiy_bow_101_pulling_2"},

{ "predicate": {"custom_model_data": 102}, "model": "item/rlaiy_bow/rlaiy_bow_102"},
{ "predicate": {"pulling": 1,"custom_model_data": 102}, "model": "item/rlaiy_bow/rlaiy_bow_102_pulling_0"},
{ "predicate": {"pulling": 1,"pull": 0.65,"custom_model_data": 102}, "model": "item/rlaiy_bow/rlaiy_bow_102_pulling_1"},
{ "predicate": {"pulling": 1,"pull": 0.9,"custom_model_data": 102}, "model": "item/rlaiy_bow/rlaiy_bow_102_pulling_2"},

{ "predicate": {"custom_model_data": 103}, "model": "item/rlaiy_bow/rlaiy_bow_103"},
{ "predicate": {"pulling": 1,"custom_model_data": 103}, "model": "item/rlaiy_bow/rlaiy_bow_103_pulling_0"},
{ "predicate": {"pulling": 1,"pull": 0.65,"custom_model_data": 103}, "model": "item/rlaiy_bow/rlaiy_bow_103_pulling_1"},
{ "predicate": {"pulling": 1,"pull": 0.9,"custom_model_data": 103}, "model": "item/rlaiy_bow/rlaiy_bow_103_pulling_2"},

{ "predicate": {"custom_model_data": 104}, "model": "item/rlaiy_bow/rlaiy_bow_104"},
{ "predicate": {"pulling": 1,"custom_model_data": 104}, "model": "item/rlaiy_bow/rlaiy_bow_104_pulling_0"},
{ "predicate": {"pulling": 1,"pull": 0.65,"custom_model_data": 104}, "model": "item/rlaiy_bow/rlaiy_bow_104_pulling_1"},
{ "predicate": {"pulling": 1,"pull": 0.9,"custom_model_data": 104}, "model": "item/rlaiy_bow/rlaiy_bow_104_pulling_2"},

{ "predicate": {"custom_model_data": 105}, "model": "item/rlaiy_bow/rlaiy_bow_105"},
{ "predicate": {"pulling": 1,"custom_model_data": 105}, "model": "item/rlaiy_bow/rlaiy_bow_105_pulling_0"},
{ "predicate": {"pulling": 1,"pull": 0.65,"custom_model_data": 105}, "model": "item/rlaiy_bow/rlaiy_bow_105_pulling_1"},
{ "predicate": {"pulling": 1,"pull": 0.9,"custom_model_data": 105}, "model": "item/rlaiy_bow/rlaiy_bow_105_pulling_2"},

{ "predicate": {"custom_model_data": 106}, "model": "item/rlaiy_bow/rlaiy_bow_106"},
{ "predicate": {"pulling": 1,"custom_model_data": 106}, "model": "item/rlaiy_bow/rlaiy_bow_106_pulling_0"},
{ "predicate": {"pulling": 1,"pull": 0.65,"custom_model_data": 106}, "model": "item/rlaiy_bow/rlaiy_bow_106_pulling_1"},
{ "predicate": {"pulling": 1,"pull": 0.9,"custom_model_data": 106}, "model": "item/rlaiy_bow/rlaiy_bow_106_pulling_2"},

{ "predicate": {"custom_model_data": 107}, "model": "item/rlaiy_bow/rlaiy_bow_107"},
{ "predicate": {"pulling": 1,"custom_model_data": 107}, "model": "item/rlaiy_bow/rlaiy_bow_107_pulling_0"},
{ "predicate": {"pulling": 1,"pull": 0.65,"custom_model_data": 107}, "model": "item/rlaiy_bow/rlaiy_bow_107_pulling_1"},
{ "predicate": {"pulling": 1,"pull": 0.9,"custom_model_data": 107}, "model": "item/rlaiy_bow/rlaiy_bow_107_pulling_2"},

{ "predicate": {"custom_model_data": 201}, "model": "item/rlaiy_bow/rlaiy_bow_201"},
{ "predicate": {"pulling": 1,"custom_model_data": 201}, "model": "item/rlaiy_bow/rlaiy_bow_201_pulling_0"},
{ "predicate": {"pulling": 1,"pull": 0.65,"custom_model_data": 201}, "model": "item/rlaiy_bow/rlaiy_bow_201_pulling_1"},
{ "predicate": {"pulling": 1,"pull": 0.9,"custom_model_data": 201}, "model": "item/rlaiy_bow/rlaiy_bow_201_pulling_2"},

{ "predicate": {"custom_model_data": 202}, "model": "item/rlaiy_bow/rlaiy_bow_202"},
{ "predicate": {"pulling": 1,"custom_model_data": 202}, "model": "item/rlaiy_bow/rlaiy_bow_202_pulling_0"},
{ "predicate": {"pulling": 1,"pull": 0.65,"custom_model_data": 202}, "model": "item/rlaiy_bow/rlaiy_bow_202_pulling_1"},
{ "predicate": {"pulling": 1,"pull": 0.9,"custom_model_data": 202}, "model": "item/rlaiy_bow/rlaiy_bow_202_pulling_2"},

{ "predicate": {"custom_model_data": 203}, "model": "item/rlaiy_bow/rlaiy_bow_203"},
{ "predicate": {"pulling": 1,"custom_model_data": 203}, "model": "item/rlaiy_bow/rlaiy_bow_203_pulling_0"},
{ "predicate": {"pulling": 1,"pull": 0.65,"custom_model_data": 203}, "model": "item/rlaiy_bow/rlaiy_bow_203_pulling_1"},
{ "predicate": {"pulling": 1,"pull": 0.9,"custom_model_data": 203}, "model": "item/rlaiy_bow/rlaiy_bow_203_pulling_2"},

{ "predicate": {"custom_model_data": 1000}, "model": "item/bat/bat1"},
{ "predicate": {"pulling": 1,"custom_model_data": 1000}, "model": "item/bat/bat1"},
{ "predicate": {"pulling": 1,"pull": 0.65,"custom_model_data": 1000}, "model": "item/bat/bat1"},
{ "predicate": {"pulling": 1,"pull": 0.9,"custom_model_data": 1000}, "model": "item/bat/bat1"},

{ "predicate": {"custom_model_data": 2000}, "model": "item/syrup/lugerp08"},
{ "predicate": {"pulling": 1,"custom_model_data": 2000}, "model": "item/syrup/lugerp08_s"},
{ "predicate": {"pulling": 1,"pull": 0.9,"custom_model_data": 2000}, "model": "item/syrup/lugerp08_s"},

{ "predicate": {"custom_model_data": 2001}, "model": "item/syrup/m1garand"},
{ "predicate": {"pulling": 1,"custom_model_data": 2001}, "model": "item/syrup/m1garand_s"},
{ "predicate": {"pulling": 1,"pull": 0.9,"custom_model_data": 2001}, "model": "item/syrup/m1garand_s"},

{ "predicate": {"custom_model_data": 2010}, "model": "item/eyama/mg"},
{ "predicate": {"pulling": 1,"custom_model_data": 2010}, "model": "item/eyama/mg"},

{ "predicate": {"custom_model_data": 2011}, "model": "item/eyama/bl"},
{ "predicate": {"pulling": 1,"custom_model_data": 2011}, "model": "item/eyama/bl"},

{ "predicate": {"custom_model_data": 2012}, "model": "item/eyama/zkmg"},
{ "predicate": {"pulling": 1,"custom_model_data": 2012}, "model": "item/eyama/zkmg"}
]
}