{
	"parent": "item/handheld",
	"textures": {
		"layer0": "item/diamond_sword"
	},
	"overrides": [
		{"predicate": { "custom_model_data": 0 },"model": "item/diamond_sword"},
		{"predicate": { "custom_model_data": 1 },"model": "item/rlaiy_swords/rlaiy_sword_1"},
		{"predicate": { "custom_model_data": 2 },"model": "item/rlaiy_swords/rlaiy_sword_2"},
		{"predicate": { "custom_model_data": 3 },"model": "item/rlaiy_swords/rlaiy_sword_3"},
		{"predicate": { "custom_model_data": 4 },"model": "item/rlaiy_swords/rlaiy_sword_4"},
		{"predicate": { "custom_model_data": 5 },"model": "item/rlaiy_swords/rlaiy_sword_5"},
		{"predicate": { "custom_model_data": 6 },"model": "item/rlaiy_swords/rlaiy_sword_6"},
		{"predicate": { "custom_model_data": 7 },"model": "item/rlaiy_swords/rlaiy_sword_7"},
		{"predicate": { "custom_model_data": 8 },"model": "item/rlaiy_swords/rlaiy_sword_8"},
		{ "predicate": {"custom_model_data": 9}, "model": "item/rlaiy_swords/rlaiy_sword_9"},
		{ "predicate": {"custom_model_data": 10}, "model": "item/rlaiy_swords/rlaiy_sword_10"},
		{ "predicate": {"custom_model_data": 11}, "model": "item/rlaiy_swords/rlaiy_sword_11"},
		{ "predicate": {"custom_model_data": 12}, "model": "item/rlaiy_swords/rlaiy_sword_12"},
		{ "predicate": {"custom_model_data": 13}, "model": "item/rlaiy_swords/rlaiy_sword_13"},
		{ "predicate": {"custom_model_data": 14}, "model": "item/rlaiy_swords/rlaiy_sword_14"},
		{ "predicate": {"custom_model_data": 16}, "model": "item/rlaiy_swords/rlaiy_sword_16"},
		{ "predicate": {"custom_model_data": 17}, "model": "item/rlaiy_swords/rlaiy_sword_17"},
		{ "predicate": {"custom_model_data": 18}, "model": "item/rlaiy_swords/rlaiy_sword_18"},
		{ "predicate": {"custom_model_data": 19}, "model": "item/rlaiy_swords/rlaiy_sword_19"},
		{ "predicate": {"custom_model_data": 20}, "model": "item/rlaiy_swords/rlaiy_sword_20"},
		{ "predicate": {"custom_model_data": 21}, "model": "item/rlaiy_swords/rlaiy_sword_21"},
		{ "predicate": {"custom_model_data": 22}, "model": "item/rlaiy_swords/rlaiy_sword_22"},
		{ "predicate": {"custom_model_data": 23}, "model": "item/rlaiy_swords/rlaiy_sword_23"},
		{ "predicate": {"custom_model_data": 24}, "model": "item/rlaiy_swords/rlaiy_sword_24"},
		{ "predicate": {"custom_model_data": 25}, "model": "item/rlaiy_swords/rlaiy_sword_15"},
		{ "predicate": {"custom_model_data": 26}, "model": "item/rlaiy_swords/rlaiy_sword_15"},
		{ "predicate": {"custom_model_data": 27}, "model": "item/rlaiy_swords/rlaiy_sword_15"},
		{ "predicate": {"custom_model_data": 28}, "model": "item/rlaiy_swords/rlaiy_sword_15"},
		{ "predicate": {"custom_model_data": 29}, "model": "item/rlaiy_swords/rlaiy_sword_15"},
		{ "predicate": {"custom_model_data": 30}, "model": "item/rlaiy_swords/rlaiy_sword_15"},
		{ "predicate": {"custom_model_data": 31}, "model": "item/rlaiy_swords/rlaiy_sword_15"},
		{ "predicate": {"custom_model_data": 32}, "model": "item/rlaiy_swords/rlaiy_sword_15"},
		{ "predicate": {"custom_model_data": 33}, "model": "item/rlaiy_swords/rlaiy_sword_15"},
		{ "predicate": {"custom_model_data": 34}, "model": "item/rlaiy_swords/rlaiy_sword_15"},
		{ "predicate": {"custom_model_data": 35}, "model": "item/rlaiy_swords/rlaiy_sword_15"},
		{ "predicate": {"custom_model_data": 36}, "model": "item/rlaiy_swords/rlaiy_sword_15"},
		{ "predicate": {"custom_model_data": 37}, "model": "item/rlaiy_swords/rlaiy_sword_15"},
		{ "predicate": {"custom_model_data": 38}, "model": "item/rlaiy_swords/rlaiy_sword_15"},
		{ "predicate": {"custom_model_data": 39}, "model": "item/rlaiy_swords/rlaiy_sword_15"},
		{ "predicate": {"custom_model_data": 40}, "model": "item/rlaiy_swords/rlaiy_sword_15"},
		{ "predicate": {"custom_model_data": 41}, "model": "item/rlaiy_swords/rlaiy_sword_15"},
		{ "predicate": {"custom_model_data": 42}, "model": "item/rlaiy_swords/rlaiy_sword_15"},
		{ "predicate": {"custom_model_data": 43}, "model": "item/rlaiy_swords/rlaiy_sword_43"},
		{ "predicate": {"custom_model_data": 44}, "model": "item/rlaiy_swords/rlaiy_sword_44"},
		{ "predicate": {"custom_model_data": 45}, "model": "item/rlaiy_swords/rlaiy_sword_45"},
		{ "predicate": {"custom_model_data": 46}, "model": "item/rlaiy_swords/rlaiy_sword_46"},
		{ "predicate": {"custom_model_data": 47}, "model": "item/rlaiy_swords/rlaiy_sword_47"},
		{ "predicate": {"custom_model_data": 48}, "model": "item/rlaiy_swords/rlaiy_sword_48"},
		{ "predicate": {"custom_model_data": 49}, "model": "item/rlaiy_swords/rlaiy_sword_49"},
		{ "predicate": {"custom_model_data": 50}, "model": "item/rlaiy_swords/rlaiy_sword_50"},
		{ "predicate": {"custom_model_data": 51}, "model": "item/rlaiy_swords/rlaiy_sword_51"},
		{ "predicate": {"custom_model_data": 52}, "model": "item/rlaiy_swords/rlaiy_sword_52"},
		{ "predicate": {"custom_model_data": 53}, "model": "item/rlaiy_swords/rlaiy_sword_53"},
		{ "predicate": {"custom_model_data": 54}, "model": "item/rlaiy_swords/rlaiy_sword_54"},
		{ "predicate": {"custom_model_data": 55}, "model": "item/rlaiy_swords/rlaiy_sword_55"},
		{ "predicate": {"custom_model_data": 56}, "model": "item/rlaiy_swords/rlaiy_sword_56"},
		{ "predicate": {"custom_model_data": 57}, "model": "item/rlaiy_swords/rlaiy_sword_57"},
		{ "predicate": {"custom_model_data": 58}, "model": "item/rlaiy_swords/rlaiy_sword_58"},
		{ "predicate": {"custom_model_data": 59}, "model": "item/rlaiy_swords/rlaiy_sword_59"},
		{ "predicate": {"custom_model_data": 60}, "model": "item/rlaiy_swords/rlaiy_sword_60"},
		{"predicate": { "custom_model_data": 101 },"model": "item/rlaiy_swords/rlaiy_sword_101"},
		{"predicate": { "custom_model_data": 102 },"model": "item/rlaiy_swords/rlaiy_sword_102"},
		{"predicate": { "custom_model_data": 103 },"model": "item/rlaiy_swords/rlaiy_sword_103"},
		{"predicate": { "custom_model_data": 104 },"model": "item/rlaiy_swords/rlaiy_sword_104"},
		{"predicate": { "custom_model_data": 105 },"model": "item/rlaiy_swords/rlaiy_sword_105"},
		{"predicate": { "custom_model_data": 106 },"model": "item/rlaiy_swords/rlaiy_sword_106"},
		{"predicate": { "custom_model_data": 107 },"model": "item/rlaiy_swords/rlaiy_sword_107"},
		{"predicate": { "custom_model_data": 108 },"model": "item/rlaiy_swords/rlaiy_sword_108"},
		{"predicate": { "custom_model_data": 109 },"model": "item/rlaiy_swords/rlaiy_sword_109"},
		{"predicate": { "custom_model_data": 110 },"model": "item/rlaiy_swords/rlaiy_sword_110"},
		{"predicate": { "custom_model_data": 111 },"model": "item/rlaiy_swords/rlaiy_sword_111"},
		{"predicate": { "custom_model_data": 200 },"model": "item/rlaiy_swords/rlaiy_sword_zero"},
		{"predicate": { "custom_model_data": 201 },"model": "item/rlaiy_swords/rlaiy_sword_ex1"},
		{"predicate": { "custom_model_data": 202 },"model": "item/rlaiy_swords/rlaiy_sword_ex2"},
		{"predicate": { "custom_model_data": 203 },"model": "item/rlaiy_swords/rlaiy_sword_ex3"},
		{"predicate": { "custom_model_data": 204 },"model": "item/rlaiy_swords/rlaiy_sword_ex4"},
		{"predicate": { "custom_model_data": 205 },"model": "item/rlaiy_swords/rlaiy_sword_ex5"},
		{"predicate": { "custom_model_data": 206 },"model": "item/rlaiy_swords/rlaiy_sword_ex6"},
		{"predicate": { "custom_model_data": 207 },"model": "item/rlaiy_swords/rlaiy_sword_ex7"},
		{"predicate": { "custom_model_data": 301 },"model": "item/rlaiy_swords/rlaiy_sword_301"},
		{"predicate": { "custom_model_data": 302 },"model": "item/rlaiy_swords/rlaiy_sword_302"},
		{"predicate": { "custom_model_data": 303 },"model": "item/rlaiy_swords/rlaiy_sword_303"},
		{"predicate": { "custom_model_data": 304 },"model": "item/rlaiy_swords/rlaiy_sword_304"},
		{"predicate": { "custom_model_data": 305 },"model": "item/rlaiy_swords/rlaiy_sword_305"},
		{"predicate": { "custom_model_data": 306 },"model": "item/rlaiy_swords/rlaiy_sword_306"},
		{"predicate": { "custom_model_data": 307 },"model": "item/rlaiy_swords/rlaiy_sword_307"},
		{"predicate": { "custom_model_data": 308 },"model": "item/rlaiy_swords/rlaiy_sword_308"},
		{"predicate": { "custom_model_data": 309 },"model": "item/rlaiy_swords/rlaiy_sword_309"},
		{"predicate": { "custom_model_data": 310 },"model": "item/rlaiy_swords/rlaiy_sword_310"},
		{"predicate": { "custom_model_data": 311 },"model": "item/rlaiy_swords/rlaiy_sword_311"},
		{"predicate": { "custom_model_data": 312 },"model": "item/rlaiy_swords/rlaiy_sword_312"},
		{"predicate": { "custom_model_data": 313 },"model": "item/rlaiy_swords/rlaiy_sword_313"},
		{"predicate": { "custom_model_data": 314 },"model": "item/rlaiy_swords/rlaiy_sword_314"},
		{"predicate": { "custom_model_data": 315 },"model": "item/rlaiy_swords/rlaiy_sword_315"},
		{"predicate": { "custom_model_data": 316 },"model": "item/rlaiy_swords/rlaiy_sword_316"},
		{"predicate": { "custom_model_data": 317 },"model": "item/rlaiy_swords/rlaiy_sword_317"},
		{"predicate": { "custom_model_data": 318 },"model": "item/rlaiy_swords/rlaiy_sword_318"},
		{"predicate": { "custom_model_data": 319 },"model": "item/rlaiy_swords/rlaiy_sword_319"},
		{"predicate": { "custom_model_data": 320 },"model": "item/rlaiy_swords/rlaiy_sword_320"},
		{"predicate": { "custom_model_data": 321 },"model": "item/rlaiy_swords/rlaiy_sword_321"},
		{"predicate": { "custom_model_data": 322 },"model": "item/rlaiy_swords/rlaiy_sword_322"},
		{"predicate": { "custom_model_data": 323 },"model": "item/rlaiy_swords/rlaiy_sword_323"},
		{"predicate": { "custom_model_data": 324 },"model": "item/rlaiy_swords/rlaiy_sword_324"},
		{"predicate": { "custom_model_data": 325 },"model": "item/rlaiy_swords/rlaiy_sword_325"},
		{"predicate": { "custom_model_data": 326 },"model": "item/rlaiy_swords/rlaiy_sword_326"},
		{"predicate": { "custom_model_data": 327 },"model": "item/rlaiy_swords/rlaiy_sword_327"},
		{"predicate": { "custom_model_data": 328 },"model": "item/rlaiy_swords/rlaiy_sword_328"},
		{"predicate": { "custom_model_data": 329 },"model": "item/rlaiy_swords/rlaiy_sword_329"},
		{"predicate": { "custom_model_data": 330 },"model": "item/rlaiy_swords/rlaiy_sword_330"},
		{"predicate": { "custom_model_data": 331 },"model": "item/rlaiy_swords/rlaiy_sword_331"},
		{"predicate": { "custom_model_data": 332 },"model": "item/rlaiy_swords/rlaiy_sword_332"},
		{"predicate": { "custom_model_data": 333 },"model": "item/rlaiy_swords/rlaiy_sword_333"},
		{"predicate": { "custom_model_data": 334 },"model": "item/rlaiy_swords/rlaiy_sword_334"},
		{"predicate": { "custom_model_data": 335 },"model": "item/rlaiy_swords/rlaiy_sword_335"},
		{"predicate": { "custom_model_data": 336 },"model": "item/rlaiy_swords/rlaiy_sword_336"},
		{"predicate": { "custom_model_data": 337 },"model": "item/rlaiy_swords/rlaiy_sword_337"},
		{"predicate": { "custom_model_data": 338 },"model": "item/rlaiy_swords/rlaiy_sword_338"},
		{"predicate": { "custom_model_data": 339 },"model": "item/rlaiy_swords/rlaiy_sword_339"},
		{"predicate": { "custom_model_data": 340 },"model": "item/rlaiy_swords/rlaiy_sword_340"},
		{"predicate": { "custom_model_data": 341 },"model": "item/rlaiy_swords/rlaiy_sword_341"},
		{"predicate": { "custom_model_data": 342 },"model": "item/rlaiy_swords/rlaiy_sword_342"},
		{"predicate": { "custom_model_data": 343 },"model": "item/rlaiy_swords/rlaiy_sword_343"},
		{"predicate": { "custom_model_data": 344 },"model": "item/rlaiy_swords/rlaiy_sword_344"},
		{"predicate": { "custom_model_data": 345 },"model": "item/rlaiy_swords/rlaiy_sword_345"},
		{"predicate": { "custom_model_data": 346 },"model": "item/rlaiy_swords/rlaiy_sword_346"},
		{"predicate": { "custom_model_data": 347 },"model": "item/rlaiy_swords/rlaiy_sword_347"},
		{"predicate": { "custom_model_data": 348 },"model": "item/rlaiy_swords/rlaiy_sword_348"},
		{"predicate": { "custom_model_data": 349 },"model": "item/rlaiy_swords/rlaiy_sword_349"},
		{"predicate": { "custom_model_data": 350 },"model": "item/rlaiy_swords/rlaiy_sword_350"},
		{"predicate": { "custom_model_data": 351 },"model": "item/rlaiy_swords/rlaiy_sword_351"},
		{"predicate": { "custom_model_data": 352 },"model": "item/rlaiy_swords/rlaiy_sword_352"},
		{"predicate": { "custom_model_data": 353 },"model": "item/rlaiy_swords/rlaiy_sword_353"},
		{"predicate": { "custom_model_data": 354 },"model": "item/rlaiy_swords/rlaiy_sword_354"},
		{"predicate": { "custom_model_data": 355 },"model": "item/rlaiy_swords/rlaiy_sword_355"},
		{"predicate": { "custom_model_data": 356 },"model": "item/rlaiy_swords/rlaiy_sword_356"},
		{"predicate": { "custom_model_data": 357 },"model": "item/rlaiy_swords/rlaiy_sword_357"},
		{"predicate": { "custom_model_data": 401 },"model": "item/rlaiy_item/rlaiy_block_1"},
		{"predicate": { "custom_model_data": 402 },"model": "item/rlaiy_item/rlaiy_block_2"},
		{"predicate": { "custom_model_data": 403 },"model": "item/rlaiy_item/rlaiy_block_3"},
		{"predicate": { "custom_model_data": 404 },"model": "item/rlaiy_item/rlaiy_block_4"},
		{"predicate": { "custom_model_data": 405 },"model": "item/rlaiy_item/rlaiy_block_5"},
		{"predicate": { "custom_model_data": 406 },"model": "item/rlaiy_item/rlaiy_block_6"},
		{"predicate": { "custom_model_data": 407 },"model": "item/rlaiy_item/rlaiy_block_7"},
		{"predicate": { "custom_model_data": 408 },"model": "item/rlaiy_item/rlaiy_block_8"},
		{"predicate": { "custom_model_data": 409 },"model": "item/rlaiy_item/rlaiy_block_9"},
		{"predicate": { "custom_model_data": 410 },"model": "item/rlaiy_item/rlaiy_block_10"},
		{"predicate": { "custom_model_data": 411 },"model": "item/rlaiy_item/rlaiy_block_11"},
		{"predicate": { "custom_model_data": 412 },"model": "item/rlaiy_item/rlaiy_block_12"},
		{"predicate": { "custom_model_data": 413 },"model": "item/rlaiy_item/rlaiy_block_13"},
		{"predicate": { "custom_model_data": 414 },"model": "item/rlaiy_item/rlaiy_block_14"},
		{"predicate": { "custom_model_data": 415 },"model": "item/rlaiy_item/rlaiy_block_15"},
		{"predicate": { "custom_model_data": 416 },"model": "item/rlaiy_item/rlaiy_block_16"},
		{"predicate": { "custom_model_data": 417 },"model": "item/rlaiy_item/rlaiy_block_17"},
		{"predicate": { "custom_model_data": 418 },"model": "item/rlaiy_item/rlaiy_block_18"},
		{"predicate": { "custom_model_data": 419 },"model": "item/rlaiy_item/rlaiy_block_19"},
		{"predicate": { "custom_model_data": 420 },"model": "item/rlaiy_item/rlaiy_block_20"},
		{"predicate": { "custom_model_data": 421 },"model": "item/rlaiy_item/rlaiy_block_21"},
		{"predicate": { "custom_model_data": 422 },"model": "item/rlaiy_item/rlaiy_block_22"},
		{"predicate": { "custom_model_data": 423 },"model": "item/rlaiy_item/rlaiy_block_23"},
		{"predicate": { "custom_model_data": 424 },"model": "item/rlaiy_item/rlaiy_block_24"},
		{"predicate": { "custom_model_data": 425 },"model": "item/rlaiy_item/rlaiy_block_25"},
		{"predicate": { "custom_model_data": 1001 },"model": "item/uno/uno_blue0"},
		{"predicate": { "custom_model_data": 1002 },"model": "item/uno/uno_blue1"},
		{"predicate": { "custom_model_data": 1003 },"model": "item/uno/uno_blue2"},
		{"predicate": { "custom_model_data": 1004 },"model": "item/uno/uno_blue3"},
		{"predicate": { "custom_model_data": 1005 },"model": "item/uno/uno_blue4"},
		{"predicate": { "custom_model_data": 1006 },"model": "item/uno/uno_blue5"},
		{"predicate": { "custom_model_data": 1007 },"model": "item/uno/uno_blue6"},
		{"predicate": { "custom_model_data": 1008 },"model": "item/uno/uno_blue7"},
		{"predicate": { "custom_model_data": 1009 },"model": "item/uno/uno_blue8"},
		{"predicate": { "custom_model_data": 1010 },"model": "item/uno/uno_blue9"},
		{"predicate": { "custom_model_data": 1011 },"model": "item/uno/uno_blue_2"},
		{"predicate": { "custom_model_data": 1012 },"model": "item/uno/uno_bluereverse"},
		{"predicate": { "custom_model_data": 1013 },"model": "item/uno/uno_blueskip"},
		{"predicate": { "custom_model_data": 1014 },"model": "item/uno/uno_green0"},
		{"predicate": { "custom_model_data": 1015 },"model": "item/uno/uno_green1"},
		{"predicate": { "custom_model_data": 1016 },"model": "item/uno/uno_green2"},
		{"predicate": { "custom_model_data": 1017 },"model": "item/uno/uno_green3"},
		{"predicate": { "custom_model_data": 1018 },"model": "item/uno/uno_green4"},
		{"predicate": { "custom_model_data": 1019 },"model": "item/uno/uno_green5"},
		{"predicate": { "custom_model_data": 1020 },"model": "item/uno/uno_green6"},
		{"predicate": { "custom_model_data": 1021 },"model": "item/uno/uno_green7"},
		{"predicate": { "custom_model_data": 1022 },"model": "item/uno/uno_green8"},
		{"predicate": { "custom_model_data": 1023 },"model": "item/uno/uno_green9"},
		{"predicate": { "custom_model_data": 1024 },"model": "item/uno/uno_green_2"},
		{"predicate": { "custom_model_data": 1025 },"model": "item/uno/uno_greenreverse"},
		{"predicate": { "custom_model_data": 1026 },"model": "item/uno/uno_greenskip"},
		{"predicate": { "custom_model_data": 1027 },"model": "item/uno/uno_red0"},
		{"predicate": { "custom_model_data": 1028 },"model": "item/uno/uno_red1"},
		{"predicate": { "custom_model_data": 1029 },"model": "item/uno/uno_red2"},
		{"predicate": { "custom_model_data": 1030 },"model": "item/uno/uno_red3"},
		{"predicate": { "custom_model_data": 1031 },"model": "item/uno/uno_red4"},
		{"predicate": { "custom_model_data": 1032 },"model": "item/uno/uno_red5"},
		{"predicate": { "custom_model_data": 1033 },"model": "item/uno/uno_red6"},
		{"predicate": { "custom_model_data": 1034 },"model": "item/uno/uno_red7"},
		{"predicate": { "custom_model_data": 1035 },"model": "item/uno/uno_red8"},
		{"predicate": { "custom_model_data": 1036 },"model": "item/uno/uno_red9"},
		{"predicate": { "custom_model_data": 1037 },"model": "item/uno/uno_red_2"},
		{"predicate": { "custom_model_data": 1038 },"model": "item/uno/uno_redreverse"},
		{"predicate": { "custom_model_data": 1039 },"model": "item/uno/uno_redskip"},
		{"predicate": { "custom_model_data": 1040 },"model": "item/uno/uno_yellow0"},
		{"predicate": { "custom_model_data": 1041 },"model": "item/uno/uno_yellow1"},
		{"predicate": { "custom_model_data": 1042 },"model": "item/uno/uno_yellow2"},
		{"predicate": { "custom_model_data": 1043 },"model": "item/uno/uno_yellow3"},
		{"predicate": { "custom_model_data": 1044 },"model": "item/uno/uno_yellow4"},
		{"predicate": { "custom_model_data": 1045 },"model": "item/uno/uno_yellow5"},
		{"predicate": { "custom_model_data": 1046 },"model": "item/uno/uno_yellow6"},
		{"predicate": { "custom_model_data": 1047 },"model": "item/uno/uno_yellow7"},
		{"predicate": { "custom_model_data": 1048 },"model": "item/uno/uno_yellow8"},
		{"predicate": { "custom_model_data": 1049 },"model": "item/uno/uno_yellow9"},
		{"predicate": { "custom_model_data": 1050 },"model": "item/uno/uno_yellow_2"},
		{"predicate": { "custom_model_data": 1051 },"model": "item/uno/uno_yellowreverse"},
		{"predicate": { "custom_model_data": 1052 },"model": "item/uno/uno_yellowskip"},
		{"predicate": { "custom_model_data": 1053 },"model": "item/uno/uno_wild"},
		{"predicate": { "custom_model_data": 1054 },"model": "item/uno/uno_wild_4"},
		{"predicate": { "custom_model_data": 1055 },"model": "item/diamond_hoe"},
		{"predicate": { "custom_model_data": 1056 },"model": "item/ponjan/pink1"},
		{"predicate": { "custom_model_data": 1057 },"model": "item/ponjan/pink2"},
		{"predicate": { "custom_model_data": 1058 },"model": "item/ponjan/pink3"},
		{"predicate": { "custom_model_data": 1059 },"model": "item/ponjan/red1"},
		{"predicate": { "custom_model_data": 1060 },"model": "item/ponjan/red2"},
		{"predicate": { "custom_model_data": 1061 },"model": "item/ponjan/red3"},
		{"predicate": { "custom_model_data": 1062 },"model": "item/ponjan/ora1"},
		{"predicate": { "custom_model_data": 1063 },"model": "item/ponjan/ora2"},
		{"predicate": { "custom_model_data": 1064 },"model": "item/ponjan/ora3"},
		{"predicate": { "custom_model_data": 1065 },"model": "item/ponjan/yellow1"},
		{"predicate": { "custom_model_data": 1066 },"model": "item/ponjan/yellow2"},
		{"predicate": { "custom_model_data": 1067 },"model": "item/ponjan/yellow3"},
		{"predicate": { "custom_model_data": 1068 },"model": "item/ponjan/green1"},
		{"predicate": { "custom_model_data": 1069 },"model": "item/ponjan/green2"},
		{"predicate": { "custom_model_data": 1070 },"model": "item/ponjan/green3"},
		{"predicate": { "custom_model_data": 1071 },"model": "item/ponjan/sky1"},
		{"predicate": { "custom_model_data": 1072 },"model": "item/ponjan/sky2"},
		{"predicate": { "custom_model_data": 1073 },"model": "item/ponjan/sky3"},
		{"predicate": { "custom_model_data": 1074 },"model": "item/ponjan/pur1"},
		{"predicate": { "custom_model_data": 1075 },"model": "item/ponjan/pur2"},
		{"predicate": { "custom_model_data": 1076 },"model": "item/ponjan/pur3"},
		{"predicate": { "custom_model_data": 1077 },"model": "item/ponjan/gray1"},
		{"predicate": { "custom_model_data": 1078 },"model": "item/ponjan/gray2"},
		{"predicate": { "custom_model_data": 1079 },"model": "item/ponjan/gray3"},
		{"predicate": { "custom_model_data": 1080 },"model": "item/ponjan/master"},
		{"predicate": { "custom_model_data": 1081 },"model": "item/ponjan/entei"},
		{"predicate": { "custom_model_data": 1082 },"model": "item/ponjan/raikou"},
		{"predicate": { "custom_model_data": 1083 },"model": "item/ponjan/suikun"},
		{"predicate": { "custom_model_data": 1084 },"model": "item/diamond_hoe"},
		{"predicate": { "custom_model_data": 1085 },"model": "item/marjan/1pin"},
		{"predicate": { "custom_model_data": 1086 },"model": "item/marjan/2pin"},
		{"predicate": { "custom_model_data": 1087 },"model": "item/marjan/3pin"},
		{"predicate": { "custom_model_data": 1088 },"model": "item/marjan/4pin"},
		{"predicate": { "custom_model_data": 1089 },"model": "item/marjan/5pin"},
		{"predicate": { "custom_model_data": 1090 },"model": "item/marjan/6pin"},
		{"predicate": { "custom_model_data": 1091 },"model": "item/marjan/7pin"},
		{"predicate": { "custom_model_data": 1092 },"model": "item/marjan/8pin"},
		{"predicate": { "custom_model_data": 1093 },"model": "item/marjan/9pin"},
		{"predicate": { "custom_model_data": 1094 },"model": "item/marjan/1wan"},
		{"predicate": { "custom_model_data": 1095 },"model": "item/marjan/2wan"},
		{"predicate": { "custom_model_data": 1096 },"model": "item/marjan/3wan"},
		{"predicate": { "custom_model_data": 1097 },"model": "item/marjan/4wan"},
		{"predicate": { "custom_model_data": 1098 },"model": "item/marjan/5wan"},
		{"predicate": { "custom_model_data": 1099 },"model": "item/marjan/6wan"},
		{"predicate": { "custom_model_data": 1100 },"model": "item/marjan/7wan"},
		{"predicate": { "custom_model_data": 1101 },"model": "item/marjan/8wan"},
		{"predicate": { "custom_model_data": 1102 },"model": "item/marjan/9wan"},
		{"predicate": { "custom_model_data": 1103 },"model": "item/marjan/1so"},
		{"predicate": { "custom_model_data": 1104 },"model": "item/marjan/2so"},
		{"predicate": { "custom_model_data": 1105 },"model": "item/marjan/3so"},
		{"predicate": { "custom_model_data": 1106 },"model": "item/marjan/4so"},
		{"predicate": { "custom_model_data": 1107 },"model": "item/marjan/5so"},
		{"predicate": { "custom_model_data": 1108 },"model": "item/marjan/6so"},
		{"predicate": { "custom_model_data": 1109 },"model": "item/marjan/7so"},
		{"predicate": { "custom_model_data": 1110 },"model": "item/marjan/8so"},
		{"predicate": { "custom_model_data": 1111 },"model": "item/marjan/9so"},
		{"predicate": { "custom_model_data": 1112 },"model": "item/marjan/ton"},
		{"predicate": { "custom_model_data": 1113 },"model": "item/marjan/nan"},
		{"predicate": { "custom_model_data": 1114 },"model": "item/marjan/sya"},
		{"predicate": { "custom_model_data": 1115 },"model": "item/marjan/pei"},
		{"predicate": { "custom_model_data": 1116 },"model": "item/marjan/haku"},
		{"predicate": { "custom_model_data": 1117 },"model": "item/marjan/hatu"},
		{"predicate": { "custom_model_data": 1118 },"model": "item/marjan/chun"},
		{"predicate": { "custom_model_data": 1119 },"model": "item/marjan/5pinred"},
		{"predicate": { "custom_model_data": 1120 },"model": "item/marjan/5wanred"},
		{"predicate": { "custom_model_data": 1121 },"model": "item/marjan/5sored"},
		{"predicate": { "custom_model_data": 1122 },"model": "item/marjan/tenbou"},
		{"predicate": { "custom_model_data": 1123 },"model": "item/diamond_hoe"},
		{"predicate": { "custom_model_data": 1124 },"model": "item/cards/c1"},
		{"predicate": { "custom_model_data": 1125 },"model": "item/cards/c2"},
		{"predicate": { "custom_model_data": 1126 },"model": "item/cards/c3"},
		{"predicate": { "custom_model_data": 1127 },"model": "item/cards/c4"},
		{"predicate": { "custom_model_data": 1128 },"model": "item/cards/c5"},
		{"predicate": { "custom_model_data": 1129 },"model": "item/cards/c6"},
		{"predicate": { "custom_model_data": 1130 },"model": "item/cards/c7"},
		{"predicate": { "custom_model_data": 1131 },"model": "item/cards/c8"},
		{"predicate": { "custom_model_data": 1132 },"model": "item/cards/c9"},
		{"predicate": { "custom_model_data": 1133 },"model": "item/cards/c10"},
		{"predicate": { "custom_model_data": 1134 },"model": "item/cards/c11"},
		{"predicate": { "custom_model_data": 1135 },"model": "item/cards/c12"},
		{"predicate": { "custom_model_data": 1136 },"model": "item/cards/c13"},
		{"predicate": { "custom_model_data": 1137 },"model": "item/cards/s1"},
		{"predicate": { "custom_model_data": 1138 },"model": "item/cards/s2"},
		{"predicate": { "custom_model_data": 1139 },"model": "item/cards/s3"},
		{"predicate": { "custom_model_data": 1140 },"model": "item/cards/s4"},
		{"predicate": { "custom_model_data": 1141 },"model": "item/cards/s5"},
		{"predicate": { "custom_model_data": 1142 },"model": "item/cards/s6"},
		{"predicate": { "custom_model_data": 1143 },"model": "item/cards/s7"},
		{"predicate": { "custom_model_data": 1144 },"model": "item/cards/s8"},
		{"predicate": { "custom_model_data": 1145 },"model": "item/cards/s9"},
		{"predicate": { "custom_model_data": 1146 },"model": "item/cards/s10"},
		{"predicate": { "custom_model_data": 1147 },"model": "item/cards/s11"},
		{"predicate": { "custom_model_data": 1148 },"model": "item/cards/s12"},
		{"predicate": { "custom_model_data": 1149 },"model": "item/cards/s13"},
		{"predicate": { "custom_model_data": 1150 },"model": "item/cards/h1"},
		{"predicate": { "custom_model_data": 1151 },"model": "item/cards/h2"},
		{"predicate": { "custom_model_data": 1152 },"model": "item/cards/h3"},
		{"predicate": { "custom_model_data": 1153 },"model": "item/cards/h4"},
		{"predicate": { "custom_model_data": 1154 },"model": "item/cards/h5"},
		{"predicate": { "custom_model_data": 1155 },"model": "item/cards/h6"},
		{"predicate": { "custom_model_data": 1156 },"model": "item/cards/h7"},
		{"predicate": { "custom_model_data": 1157 },"model": "item/cards/h8"},
		{"predicate": { "custom_model_data": 1158 },"model": "item/cards/h9"},
		{"predicate": { "custom_model_data": 1159 },"model": "item/cards/h10"},
		{"predicate": { "custom_model_data": 1160 },"model": "item/cards/h11"},
		{"predicate": { "custom_model_data": 1161 },"model": "item/cards/h12"},
		{"predicate": { "custom_model_data": 1162 },"model": "item/cards/h13"},
		{"predicate": { "custom_model_data": 1163 },"model": "item/cards/d1"},
		{"predicate": { "custom_model_data": 1164 },"model": "item/cards/d2"},
		{"predicate": { "custom_model_data": 1165 },"model": "item/cards/d3"},
		{"predicate": { "custom_model_data": 1166 },"model": "item/cards/d4"},
		{"predicate": { "custom_model_data": 1167 },"model": "item/cards/d5"},
		{"predicate": { "custom_model_data": 1168 },"model": "item/cards/d6"},
		{"predicate": { "custom_model_data": 1169 },"model": "item/cards/d7"},
		{"predicate": { "custom_model_data": 1170 },"model": "item/cards/d8"},
		{"predicate": { "custom_model_data": 1171 },"model": "item/cards/d9"},
		{"predicate": { "custom_model_data": 1172 },"model": "item/cards/d10"},
		{"predicate": { "custom_model_data": 1173 },"model": "item/cards/d11"},
		{"predicate": { "custom_model_data": 1174 },"model": "item/cards/d12"},
		{"predicate": { "custom_model_data": 1175 },"model": "item/cards/d13"},
		{"predicate": { "custom_model_data": 1176 },"model": "item/cards/joker"},
		{"predicate": { "custom_model_data": 1177 },"model": "item/eyama/cup"},
		{"predicate": { "custom_model_data": 1178 },"model": "item/eyama/trophy"},
		{"predicate": { "custom_model_data": 1179 },"model": "item/chelmet/helmetc"},
		{"predicate": { "custom_model_data": 1180 },"model": "item/chelmet/helmett"},
		{"predicate": { "custom_model_data": 1181 },"model": "item/chelmet/helmetg"},
		{"predicate": { "custom_model_data": 1182 },"model": "item/chelmet/helmetdb"},
		{"predicate": { "custom_model_data": 1183 },"model": "item/chelmet/helmetd"},
		{"predicate": { "custom_model_data": 1184 },"model": "item/chelmet/helmets"},
		{"predicate": { "custom_model_data": 1185 },"model": "item/phelmet/helmetf"},
		{"predicate": { "custom_model_data": 1186 },"model": "item/phelmet/helmeth"},
		{"predicate": { "custom_model_data": 1187 },"model": "item/phelmet/helmete"},
		{"predicate": { "custom_model_data": 1188 },"model": "item/phelmet/helmetl"},
		{"predicate": { "custom_model_data": 1189 },"model": "item/phelmet/helmetm"},
		{"predicate": { "custom_model_data": 1190 },"model": "item/phelmet/helmetb"},
		{"predicate": { "custom_model_data": 1191 },"model": "item/phelmet/helmetk"},
		{"predicate": { "custom_model_data": 1192 },"model": "item/eyama/mask"},
		{"predicate": { "custom_model_data": 1193 },"model": "item/diamond_hoe"},
		{"predicate": { "custom_model_data": 1194 },"model": "item/diamond_hoe"},
		{"predicate": { "custom_model_data": 1195 },"model": "item/diamond_hoe"},
		{"predicate": { "custom_model_data": 1196 },"model": "item/diamond_hoe"},
		{"predicate": { "custom_model_data": 1197 },"model": "item/loveletter/loveletter"},
		{"predicate": { "custom_model_data": 1501}, "model": "item/bat/bat1"},
                {"predicate": { "custom_model_data": 1502}, "model": "item/bat/bat2"},
                {"predicate": { "custom_model_data": 1503}, "model": "item/bat/bat3"},
                {"predicate": { "custom_model_data": 1504}, "model": "item/bat/bat4"},
                {"predicate": { "custom_model_data": 1505}, "model": "item/bat/bat5"},
                {"predicate": { "custom_model_data": 1506}, "model": "item/bat/batk"},
                {"predicate": { "custom_model_data": 1507}, "model": "item/bat/bato"},
                {"predicate": { "custom_model_data": 1508}, "model": "item/eyama/hs"},
                {"predicate": { "custom_model_data": 1509}, "model": "item/eyama/zld"},
                {"predicate": { "custom_model_data": 1510}, "model": "item/eyama/sam1"},  
                {"predicate": { "custom_model_data": 1511}, "model": "item/eyama/sam2"},   
                {"predicate": { "custom_model_data": 1512}, "model": "item/eyama/csd"}, 
                {"predicate": { "custom_model_data": 1513}, "model": "item/eyama/haouken"},   
                {"predicate": { "custom_model_data": 1514}, "model": "item/eyama/maouken"}, 
                {"predicate": { "custom_model_data": 1515}, "model": "item/eyama/aoken"},          
                {"predicate": { "custom_model_data": 2000 },"model": "item/poi/witch_hat"},
		{"predicate": { "custom_model_data": 2001 },"model": "item/poi/sunnymilk_headband_and_wings"},
		{"predicate": { "custom_model_data": 2002 },"model": "item/poi/ear_and_ponytail"},
		{"predicate": { "custom_model_data": 2003 },"model": "item/poi/kenma_ear"},
		{"predicate": { "custom_model_data": 2004 },"model": "item/poi/tiara"},
		{"predicate": { "custom_model_data": 2005 },"model": "item/poi/rabbit_mask"},
		{"predicate": { "custom_model_data": 2006 },"model": "item/poi/devil_horn_red"},
		{"predicate": { "custom_model_data": 2007 },"model": "item/poi/devil_horn_blue"},
		{"predicate": { "custom_model_data": 2008 },"model": "item/poi/devil_horn_white"},
		{"predicate": { "custom_model_data": 2009 },"model": "item/poi/devil_horn_black"},
		{"predicate": { "custom_model_data": 2010 },"model": "item/poi/devil_head_hane"},
		{"predicate": { "custom_model_data": 2011 },"model": "item/poi/mommy"},
		{"predicate": { "custom_model_data": 2012 },"model": "item/poi/bat"},
		{"predicate": { "custom_model_data": 2013 },"model": "item/poi/triangle_hat1"},
		{"predicate": { "custom_model_data": 2014 },"model": "item/poi/triangle_hat2"},
		{"predicate": { "custom_model_data": 2015 },"model": "item/poi/ghost_face"},
		{"predicate": { "custom_model_data": 2016 },"model": "item/poi/burning_skull"},
		{"predicate": { "custom_model_data": 2017 },"model": "item/poi/blackcat_on_head"},
		{"predicate": { "custom_model_data": 2018 },"model": "item/poi/pumpkin_on_head"},
		{"predicate": { "custom_model_data": 2019 },"model": "item/poi/pumpkin_scarecrow"},
		{"predicate": { "custom_model_data": 2020 },"model": "item/poi/cross"},
		{"predicate": { "custom_model_data": 2021 },"model": "item/poi/devil_tail_black"},
		{"predicate": { "custom_model_data": 2022 },"model": "item/poi/devil_tail_red"},
		{"predicate": { "custom_model_data": 2023 },"model": "item/poi/sickle"},
		{"predicate": { "custom_model_data": 2024 },"model": "item/poi/tomb"},
		{"predicate": { "custom_model_data": 2025 },"model": "item/poi/tomb_ondesk"},
		{"predicate": { "custom_model_data": 2026 },"model": "item/poi/cross_ondesk"},
		{"predicate": { "custom_model_data": 2027 },"model": "item/poi/pumpkin_scarecrow_ondesk"},
		{"predicate": { "custom_model_data": 3000 },"model": "item/takana/antenazak"},
		{"predicate": { "custom_model_data": 4000 },"model": "item/zai_swords/zai_sword_0"},
		{"predicate": { "custom_model_data": 4001 },"model": "item/zai_swords/zai_sword_1"},
		{"predicate": { "custom_model_data": 4002 },"model": "item/zai_swords/zai_sword_2"},
		{"predicate": { "custom_model_data": 4003 },"model": "item/zai_swords/zai_sword_3"},
		{"predicate": { "custom_model_data": 4004 },"model": "item/zai_swords/zai_sword_4"},
		{"predicate": { "custom_model_data": 4005 },"model": "item/zai_swords/zai_sword_5"},
		{"predicate": { "custom_model_data": 4006 },"model": "item/zai_swords/zai_sword_6"},
		{"predicate": { "custom_model_data": 4007 },"model": "item/zai_swords/zai_sword_7"},
		{"predicate": { "custom_model_data": 4008 },"model": "item/zai_swords/zai_sword_8"},
		{"predicate": { "custom_model_data": 4009 },"model": "item/zai_swords/zai_sword_9"},
		{"predicate": { "custom_model_data": 4010 },"model": "item/zai_swords/zai_sword_10"},
		{"predicate": { "custom_model_data": 4011 },"model": "item/zai_swords/zai_sword_11"},
		{"predicate": { "custom_model_data": 4012 },"model": "item/zai_swords/zai_sword_12"},
		{"predicate": { "custom_model_data": 4013 },"model": "item/zai_swords/zai_sword_13"},
		{"predicate": { "custom_model_data": 4014 },"model": "item/zai_swords/zai_sword_14"},
		{"predicate": { "custom_model_data": 4015 },"model": "item/zai_swords/zai_sword_15"},
		{"predicate": { "custom_model_data": 4016 },"model": "item/zai_swords/zai_sword_16"},
		{"predicate": { "custom_model_data": 4017 },"model": "item/zai_swords/zai_sword_17"},
		{"predicate": { "custom_model_data": 4018 },"model": "item/zai_swords/zai_sword_18"},
		{"predicate": { "custom_model_data": 4019 },"model": "item/zai_swords/zai_sword_19"},
		{"predicate": { "custom_model_data": 4020 },"model": "item/zai_swords/zai_sword_20"},
		{"predicate": { "custom_model_data": 4021 },"model": "item/zai_swords/zai_sword_21"},
		{"predicate": { "custom_model_data": 4022 },"model": "item/zai_swords/zai_sword_22"},
		{"predicate": { "custom_model_data": 4023 },"model": "item/zai_swords/zai_sword_23"},
		{"predicate": { "custom_model_data": 4024 },"model": "item/zai_swords/zai_sword_24"},
		{"predicate": { "custom_model_data": 4025 },"model": "item/zai_swords/zai_sword_25"},
		{"predicate": { "custom_model_data": 4026 },"model": "item/zai_swords/zai_sword_26"},
		{"predicate": { "custom_model_data": 4027 },"model": "item/zai_swords/zai_sword_27"},
		{"predicate": { "custom_model_data": 4028 },"model": "item/zai_swords/zai_sword_28"},
		{"predicate": { "custom_model_data": 4029 },"model": "item/zai_swords/zai_sword_29"},
		{"predicate": { "custom_model_data": 4030 },"model": "item/zai_swords/zai_sword_30"},
		{"predicate": { "custom_model_data": 4031 },"model": "item/zai_swords/zai_sword_31"},
		{"predicate": { "custom_model_data": 4032 },"model": "item/zai_swords/zai_sword_32"},
		{"predicate": { "custom_model_data": 4033 },"model": "item/zai_swords/zai_sword_33"},
		{"predicate": { "custom_model_data": 4034 },"model": "item/zai_swords/zai_sword_34"},
		{"predicate": { "custom_model_data": 4035 },"model": "item/zai_swords/zai_sword_35"},
		{"predicate": { "custom_model_data": 4036 },"model": "item/zai_swords/zai_sword_36"},
		{"predicate": { "custom_model_data": 4037 },"model": "item/zai_swords/zai_sword_37"},
		{"predicate": { "custom_model_data": 4038 },"model": "item/zai_swords/zai_sword_38"},
		{"predicate": { "custom_model_data": 4039 },"model": "item/zai_swords/zai_sword_39"},
		{"predicate": { "custom_model_data": 4040 },"model": "item/zai_swords/zai_sword_40"},
		{"predicate": { "custom_model_data": 4041 },"model": "item/zai_swords/zai_sword_41"},
		{"predicate": { "custom_model_data": 4042 },"model": "item/zai_swords/zai_sword_42"},
		{"predicate": { "custom_model_data": 4043 },"model": "item/zai_swords/zai_sword_43"},
		{"predicate": { "custom_model_data": 4044 },"model": "item/zai_swords/zai_sword_44"},
		{"predicate": { "custom_model_data": 4045 },"model": "item/zai_swords/zai_sword_45"},
		{"predicate": { "custom_model_data": 4046 },"model": "item/zai_swords/zai_sword_46"},
		{"predicate": { "custom_model_data": 4047 },"model": "item/zai_swords/zai_sword_47"},
		{"predicate": { "custom_model_data": 7000 },"model": "item/competition/buildingcompe2020"},
		{"predicate": { "custom_model_data": 7001 },"model": "item/competition/quizcompe2020"},
		{"predicate": { "custom_model_data": 7002 },"model": "item/diamond_sword"}

	]
}