{
    "parent": "item/generated",
    "textures": {
        "layer0": "item/emerald"
    },
	"overrides": [
		{ "predicate": {"custom_model_data": 43}, "model": "item/rlaiy_item/rlaiy_gem_1"},
		{ "predicate": {"custom_model_data": 44}, "model": "item/rlaiy_item/rlaiy_gem_1"},
		{ "predicate": {"custom_model_data": 45}, "model": "item/rlaiy_item/rlaiy_gem_1"},
		{ "predicate": {"custom_model_data": 46}, "model": "item/rlaiy_item/rlaiy_gem_1"},
		{ "predicate": {"custom_model_data": 47}, "model": "item/rlaiy_item/rlaiy_gem_1"},
		{ "predicate": {"custom_model_data": 48}, "model": "item/rlaiy_item/rlaiy_gem_1"},
		{ "predicate": {"custom_model_data": 49}, "model": "item/rlaiy_item/rlaiy_gem_1"},
		{ "predicate": {"custom_model_data": 50}, "model": "item/rlaiy_item/rlaiy_gem_1"},
		{ "predicate": {"custom_model_data": 51}, "model": "item/rlaiy_item/rlaiy_gem_1"},
		{ "predicate": {"custom_model_data": 52}, "model": "item/rlaiy_item/rlaiy_gem_1"},
		{ "predicate": {"custom_model_data": 53}, "model": "item/rlaiy_item/rlaiy_gem_1"},
		{ "predicate": {"custom_model_data": 54}, "model": "item/rlaiy_item/rlaiy_gem_1"},
		{ "predicate": {"custom_model_data": 55}, "model": "item/rlaiy_item/rlaiy_gem_1"},
		{ "predicate": {"custom_model_data": 56}, "model": "item/rlaiy_item/rlaiy_gem_1"},
		{ "predicate": {"custom_model_data": 57}, "model": "item/rlaiy_item/rlaiy_gem_1"},
		{ "predicate": {"custom_model_data": 58}, "model": "item/rlaiy_item/rlaiy_gem_1"},
		{ "predicate": {"custom_model_data": 59}, "model": "item/rlaiy_item/rlaiy_gem_1"},
		{ "predicate": {"custom_model_data": 60}, "model": "item/rlaiy_item/rlaiy_gem_1"},
		{ "predicate": {"custom_model_data": 325}, "model": "item/rlaiy_item/rlaiy_gem_1"},
		{ "predicate": {"custom_model_data": 326}, "model": "item/rlaiy_item/rlaiy_gem_1"},
		{ "predicate": {"custom_model_data": 327}, "model": "item/rlaiy_item/rlaiy_gem_1"},
		{ "predicate": {"custom_model_data": 328}, "model": "item/rlaiy_item/rlaiy_gem_1"},
		{ "predicate": {"custom_model_data": 329}, "model": "item/rlaiy_item/rlaiy_gem_1"},
		{ "predicate": {"custom_model_data": 330}, "model": "item/rlaiy_item/rlaiy_gem_1"},
		{ "predicate": {"custom_model_data": 331}, "model": "item/rlaiy_item/rlaiy_gem_1"},
		{ "predicate": {"custom_model_data": 332}, "model": "item/rlaiy_item/rlaiy_gem_1"},
		{ "predicate": {"custom_model_data": 333}, "model": "item/rlaiy_item/rlaiy_gem_1"},
		{ "predicate": {"custom_model_data": 334}, "model": "item/rlaiy_item/rlaiy_gem_1"},
		{ "predicate": {"custom_model_data": 335}, "model": "item/rlaiy_item/rlaiy_gem_1"},
		{ "predicate": {"custom_model_data": 336}, "model": "item/rlaiy_item/rlaiy_gem_1"},
		{ "predicate": {"custom_model_data": 337}, "model": "item/rlaiy_item/rlaiy_gem_1"},
		{ "predicate": {"custom_model_data": 338}, "model": "item/rlaiy_item/rlaiy_gem_1"},
		{ "predicate": {"custom_model_data": 339}, "model": "item/rlaiy_item/rlaiy_gem_1"},
		{ "predicate": {"custom_model_data": 340}, "model": "item/rlaiy_item/rlaiy_gem_1"},
		{ "predicate": {"custom_model_data": 341}, "model": "item/rlaiy_item/rlaiy_gem_1"},
		{ "predicate": {"custom_model_data": 342}, "model": "item/rlaiy_item/rlaiy_gem_1"},
		{ "predicate": {"custom_model_data": 343}, "model": "item/rlaiy_item/rlaiy_gem_1"},
		{ "predicate": {"custom_model_data": 344}, "model": "item/rlaiy_item/rlaiy_gem_1"},
		{ "predicate": {"custom_model_data": 345}, "model": "item/rlaiy_item/rlaiy_gem_1"},
		{ "predicate": {"custom_model_data": 346}, "model": "item/rlaiy_item/rlaiy_gem_1"},
		{ "predicate": {"custom_model_data": 347}, "model": "item/rlaiy_item/rlaiy_gem_1"},
		{ "predicate": {"custom_model_data": 348}, "model": "item/rlaiy_item/rlaiy_gem_1"},
		{ "predicate": {"custom_model_data": 349}, "model": "item/rlaiy_item/rlaiy_gem_1"},
		{ "predicate": {"custom_model_data": 350}, "model": "item/rlaiy_item/rlaiy_gem_1"},
		{ "predicate": {"custom_model_data": 351}, "model": "item/rlaiy_item/rlaiy_gem_1"},
		{ "predicate": {"custom_model_data": 352}, "model": "item/rlaiy_item/rlaiy_gem_1"},
		{ "predicate": {"custom_model_data": 353}, "model": "item/rlaiy_item/rlaiy_gem_1"},
		{ "predicate": {"custom_model_data": 354}, "model": "item/rlaiy_item/rlaiy_gem_1"},
		{ "predicate": {"custom_model_data": 355}, "model": "item/rlaiy_item/rlaiy_gem_1"},
		{ "predicate": {"custom_model_data": 356}, "model": "item/rlaiy_item/rlaiy_gem_1"},
		{ "predicate": {"custom_model_data": 357}, "model": "item/rlaiy_item/rlaiy_gem_1"}
	]
}
