{
    "parent": "item/generated",
    "textures": {
        "layer0": "item/fermented_spider_eye"
    },
	"overrides": [
		{ "predicate": {"custom_model_data": 1}, "model": "item/rlaiy_baseball/rlaiy_card_common_1"},
		{ "predicate": {"custom_model_data": 2}, "model": "item/rlaiy_baseball/rlaiy_card_common_2"},
		{ "predicate": {"custom_model_data": 3}, "model": "item/rlaiy_baseball/rlaiy_card_common_3"},
		{ "predicate": {"custom_model_data": 4}, "model": "item/rlaiy_baseball/rlaiy_card_common_4"},
		{ "predicate": {"custom_model_data": 5}, "model": "item/rlaiy_baseball/rlaiy_card_common_5"},
		{ "predicate": {"custom_model_data": 6}, "model": "item/rlaiy_baseball/rlaiy_card_common_6"},
		{ "predicate": {"custom_model_data": 7}, "model": "item/rlaiy_baseball/rlaiy_card_common_7"},
		{ "predicate": {"custom_model_data": 8}, "model": "item/rlaiy_baseball/rlaiy_card_common_8"},
		{ "predicate": {"custom_model_data": 9}, "model": "item/rlaiy_baseball/rlaiy_card_common_9"},
		{ "predicate": {"custom_model_data": 10}, "model": "item/rlaiy_baseball/rlaiy_card_common_10"},
		{ "predicate": {"custom_model_data": 11}, "model": "item/rlaiy_baseball/rlaiy_card_common_11"},
		{ "predicate": {"custom_model_data": 12}, "model": "item/rlaiy_baseball/rlaiy_card_common_12"},
		{ "predicate": {"custom_model_data": 13}, "model": "item/rlaiy_baseball/rlaiy_card_common_13"},
		{ "predicate": {"custom_model_data": 14}, "model": "item/rlaiy_baseball/rlaiy_card_common_14"},
		{ "predicate": {"custom_model_data": 15}, "model": "item/rlaiy_baseball/rlaiy_card_common_15"},
		{ "predicate": {"custom_model_data": 16}, "model": "item/rlaiy_baseball/rlaiy_card_common_16"},
		{ "predicate": {"custom_model_data": 17}, "model": "item/rlaiy_baseball/rlaiy_card_common_17"},
		{ "predicate": {"custom_model_data": 18}, "model": "item/rlaiy_baseball/rlaiy_card_common_18"},
		{ "predicate": {"custom_model_data": 19}, "model": "item/rlaiy_baseball/rlaiy_card_common_19"},
		{ "predicate": {"custom_model_data": 20}, "model": "item/rlaiy_baseball/rlaiy_card_common_20"},
		{ "predicate": {"custom_model_data": 21}, "model": "item/rlaiy_baseball/rlaiy_card_common_21"},
		{ "predicate": {"custom_model_data": 22}, "model": "item/rlaiy_baseball/rlaiy_card_common_22"},
		{ "predicate": {"custom_model_data": 23}, "model": "item/rlaiy_baseball/rlaiy_card_common_23"},
		{ "predicate": {"custom_model_data": 24}, "model": "item/rlaiy_baseball/rlaiy_card_common_24"},
		{ "predicate": {"custom_model_data": 25}, "model": "item/rlaiy_baseball/rlaiy_card_common_25"},
		{ "predicate": {"custom_model_data": 26}, "model": "item/rlaiy_baseball/rlaiy_card_common_26"},
		{ "predicate": {"custom_model_data": 27}, "model": "item/rlaiy_baseball/rlaiy_card_common_27"},
		{ "predicate": {"custom_model_data": 28}, "model": "item/rlaiy_baseball/rlaiy_card_common_28"},
		{ "predicate": {"custom_model_data": 29}, "model": "item/rlaiy_baseball/rlaiy_card_common_29"},
		{ "predicate": {"custom_model_data": 30}, "model": "item/rlaiy_baseball/rlaiy_card_common_30"},
		{ "predicate": {"custom_model_data": 31}, "model": "item/rlaiy_baseball/rlaiy_card_common_31"},
		{ "predicate": {"custom_model_data": 32}, "model": "item/rlaiy_baseball/rlaiy_card_common_32"},
		{ "predicate": {"custom_model_data": 33}, "model": "item/rlaiy_baseball/rlaiy_card_common_33"},
		{ "predicate": {"custom_model_data": 34}, "model": "item/rlaiy_baseball/rlaiy_card_common_34"},
		{ "predicate": {"custom_model_data": 35}, "model": "item/rlaiy_baseball/rlaiy_card_common_35"},
		{ "predicate": {"custom_model_data": 36}, "model": "item/rlaiy_baseball/rlaiy_card_common_36"},
		{ "predicate": {"custom_model_data": 37}, "model": "item/rlaiy_baseball/rlaiy_card_common_37"},
		{ "predicate": {"custom_model_data": 38}, "model": "item/rlaiy_baseball/rlaiy_card_common_38"},
		{ "predicate": {"custom_model_data": 39}, "model": "item/rlaiy_baseball/rlaiy_card_common_39"},
		{ "predicate": {"custom_model_data": 40}, "model": "item/rlaiy_baseball/rlaiy_card_common_40"},
		{ "predicate": {"custom_model_data": 41}, "model": "item/rlaiy_baseball/rlaiy_card_common_41"},
		{ "predicate": {"custom_model_data": 42}, "model": "item/rlaiy_baseball/rlaiy_card_rare_1"},
		{ "predicate": {"custom_model_data": 43}, "model": "item/rlaiy_baseball/rlaiy_card_rare_2"},
		{ "predicate": {"custom_model_data": 44}, "model": "item/rlaiy_baseball/rlaiy_card_rare_3"},
		{ "predicate": {"custom_model_data": 45}, "model": "item/rlaiy_baseball/rlaiy_card_rare_4"},
		{ "predicate": {"custom_model_data": 46}, "model": "item/rlaiy_baseball/rlaiy_card_rare_5"},
		{ "predicate": {"custom_model_data": 47}, "model": "item/rlaiy_baseball/rlaiy_card_rare_6"},
		{ "predicate": {"custom_model_data": 48}, "model": "item/rlaiy_baseball/rlaiy_card_rare_7"},
		{ "predicate": {"custom_model_data": 49}, "model": "item/rlaiy_baseball/rlaiy_card_rare_8"},
		{ "predicate": {"custom_model_data": 50}, "model": "item/rlaiy_baseball/rlaiy_card_rare_9"},
		{ "predicate": {"custom_model_data": 51}, "model": "item/rlaiy_baseball/rlaiy_card_rare_10"},
		{ "predicate": {"custom_model_data": 52}, "model": "item/rlaiy_baseball/rlaiy_card_rare_11"},
		{ "predicate": {"custom_model_data": 53}, "model": "item/rlaiy_baseball/rlaiy_card_rare_12"},
		{ "predicate": {"custom_model_data": 54}, "model": "item/rlaiy_baseball/rlaiy_card_rare_13"},
		{ "predicate": {"custom_model_data": 55}, "model": "item/rlaiy_baseball/rlaiy_card_rare_14"},
		{ "predicate": {"custom_model_data": 56}, "model": "item/rlaiy_baseball/rlaiy_card_rare_15"},
		{ "predicate": {"custom_model_data": 57}, "model": "item/rlaiy_baseball/rlaiy_card_rare_16"},
		{ "predicate": {"custom_model_data": 58}, "model": "item/rlaiy_baseball/rlaiy_card_rare_17"},
		{ "predicate": {"custom_model_data": 59}, "model": "item/rlaiy_baseball/rlaiy_card_rare_18"},
		{ "predicate": {"custom_model_data": 60}, "model": "item/rlaiy_baseball/rlaiy_card_rare_19"},
		{ "predicate": {"custom_model_data": 61}, "model": "item/rlaiy_baseball/rlaiy_card_rare_20"},
		{ "predicate": {"custom_model_data": 62}, "model": "item/rlaiy_baseball/rlaiy_card_rare_21"},
		{ "predicate": {"custom_model_data": 63}, "model": "item/rlaiy_baseball/rlaiy_card_rare_22"},
		{ "predicate": {"custom_model_data": 64}, "model": "item/rlaiy_baseball/rlaiy_card_epic_1"},
		{ "predicate": {"custom_model_data": 65}, "model": "item/rlaiy_baseball/rlaiy_card_epic_2"},
		{ "predicate": {"custom_model_data": 66}, "model": "item/rlaiy_baseball/rlaiy_card_epic_3"},
		{ "predicate": {"custom_model_data": 67}, "model": "item/rlaiy_baseball/rlaiy_card_epic_4"},
		{ "predicate": {"custom_model_data": 68}, "model": "item/rlaiy_baseball/rlaiy_card_epic_5"},
		{ "predicate": {"custom_model_data": 69}, "model": "item/rlaiy_baseball/rlaiy_card_epic_6"},
		{ "predicate": {"custom_model_data": 70}, "model": "item/rlaiy_baseball/rlaiy_card_epic_7"},
		{ "predicate": {"custom_model_data": 71}, "model": "item/rlaiy_baseball/rlaiy_card_legendary_1"},
		{ "predicate": {"custom_model_data": 72}, "model": "item/rlaiy_baseball/rlaiy_card_legendary_2"},
		{ "predicate": {"custom_model_data": 73}, "model": "item/rlaiy_baseball/rlaiy_card_legendary_3"},
		{ "predicate": {"custom_model_data": 74}, "model": "item/rlaiy_baseball/rlaiy_card_secret_1"},
		{ "predicate": {"custom_model_data": 75}, "model": "item/rlaiy_baseball/rlaiy_card_secret_2"},
		{ "predicate": {"custom_model_data": 76}, "model": "item/rlaiy_baseball/rlaiy_card_secret_3"},
		{ "predicate": {"custom_model_data": 77}, "model": "item/rlaiy_baseball/rlaiy_card_secret_4"}
		
	]
}
