{
    "parent": "item/handheld_rod",
    "textures": {"layer0": "item/fishing_rod"},
    "overrides": [
        {"predicate": { "cast": 1},"model": "item/fishing_rod_cast"},
        {"predicate": { "custom_model_data": 1},"model": "item/eyama/turizao2"},
        {"predicate": { "cast": 1,"custom_model_data": 1},"model": "item/eyama/turizao"},
        {"predicate": { "custom_model_data": 1001},"model": "item/zai_rods/zai_rod_1"},
        {"predicate": { "cast": 1,"custom_model_data": 1001},"model": "item/zai_rods/zai_rod_1c"},
        {"predicate": { "custom_model_data": 1002},"model": "item/zai_rods/zai_rod_2"},
        {"predicate": { "cast": 1,"custom_model_data": 1002},"model": "item/zai_rods/zai_rod_2c"},
        {"predicate": { "custom_model_data": 1003},"model": "item/zai_rods/zai_rod_3"},
        {"predicate": { "cast": 1,"custom_model_data": 1003},"model": "item/zai_rods/zai_rod_3c"},
        {"predicate": { "custom_model_data": 1004},"model": "item/zai_rods/zai_rod_4"},
        {"predicate": { "cast": 1,"custom_model_data": 1004},"model": "item/zai_rods/zai_rod_4c"},
        {"predicate": { "custom_model_data": 1005},"model": "item/zai_rods/zai_rod_5"},
        {"predicate": { "cast": 1,"custom_model_data": 1005},"model": "item/zai_rods/zai_rod_5c"},
        {"predicate": { "custom_model_data": 1006},"model": "item/zai_rods/zai_rod_6"},
        {"predicate": { "cast": 1,"custom_model_data": 1006},"model": "item/zai_rods/zai_rod_6c"},
        {"predicate": { "custom_model_data": 1007},"model": "item/zai_rods/zai_rod_7"},
        {"predicate": { "cast": 1,"custom_model_data": 1007},"model": "item/zai_rods/zai_rod_7c"},
        {"predicate": { "custom_model_data": 1008},"model": "item/zai_rods/zai_rod_8"},
        {"predicate": { "cast": 1,"custom_model_data": 1008},"model": "item/zai_rods/zai_rod_8c"},
        {"predicate": { "custom_model_data": 1009},"model": "item/zai_rods/zai_rod_9"},
        {"predicate": { "cast": 1,"custom_model_data": 1009},"model": "item/zai_rods/zai_rod_9c"},
        {"predicate": { "custom_model_data": 1010},"model": "item/zai_rods/zai_rod_10"},
        {"predicate": { "cast": 1,"custom_model_data": 1010},"model": "item/zai_rods/zai_rod_10c"},
        {"predicate": { "custom_model_data": 1011},"model": "item/zai_rods/zai_rod_11"},
        {"predicate": { "cast": 1,"custom_model_data": 1011},"model": "item/zai_rods/zai_rod_11c"}
                 ]
}
