{
	"parent": "item/handheld",
	"textures": {
		"layer0": "item/netherite_pickaxe"
	},
	"overrides": [
		{ "predicate": {"damaged": 0, "damage": 0}, "model": "item/netherite_pickaxe"},
		{ "predicate": {"custom_model_data": 1}, "model": "item/rlaiy_pickaxe/rlaiy_pickaxe_1"},
		{ "predicate": {"custom_model_data": 2}, "model": "item/rlaiy_pickaxe/rlaiy_pickaxe_2"},
		{ "predicate": {"custom_model_data": 3}, "model": "item/rlaiy_pickaxe/rlaiy_pickaxe_3"},
		{ "predicate": {"custom_model_data": 4}, "model": "item/rlaiy_pickaxe/rlaiy_pickaxe_4"},
		{ "predicate": {"custom_model_data": 5}, "model": "item/rlaiy_pickaxe/rlaiy_pickaxe_5"},
		{ "predicate": {"custom_model_data": 6}, "model": "item/rlaiy_pickaxe/rlaiy_pickaxe_6"},
		{ "predicate": {"custom_model_data": 7}, "model": "item/rlaiy_pickaxe/rlaiy_pickaxe_7"},
		{ "predicate": {"custom_model_data": 101}, "model": "item/rlaiy_pickaxe/rlaiy_pickaxe_101"},
		{ "predicate": {"custom_model_data": 102}, "model": "item/rlaiy_pickaxe/rlaiy_pickaxe_102"},
		{ "predicate": {"custom_model_data": 103}, "model": "item/rlaiy_pickaxe/rlaiy_pickaxe_103"},
		{ "predicate": {"custom_model_data": 104}, "model": "item/rlaiy_pickaxe/rlaiy_pickaxe_104"},
		{ "predicate": {"custom_model_data": 105}, "model": "item/rlaiy_pickaxe/rlaiy_pickaxe_105"},
		{ "predicate": {"custom_model_data": 106}, "model": "item/rlaiy_pickaxe/rlaiy_pickaxe_106"},
		{ "predicate": {"custom_model_data": 107}, "model": "item/rlaiy_pickaxe/rlaiy_pickaxe_107"},
		{ "predicate": {"custom_model_data": 108}, "model": "item/rlaiy_pickaxe/rlaiy_pickaxe_108"},
		{ "predicate": {"custom_model_data": 109}, "model": "item/rlaiy_pickaxe/rlaiy_pickaxe_109"},
		{ "predicate": {"custom_model_data": 110}, "model": "item/rlaiy_pickaxe/rlaiy_pickaxe_110"},
		{ "predicate": {"custom_model_data": 111}, "model": "item/rlaiy_pickaxe/rlaiy_pickaxe_111"},
		{ "predicate": {"custom_model_data": 112}, "model": "item/rlaiy_pickaxe/rlaiy_pickaxe_112"},
		{ "predicate": {"custom_model_data": 113}, "model": "item/rlaiy_pickaxe/rlaiy_pickaxe_113"},
		{ "predicate": {"custom_model_data": 201}, "model": "item/rlaiy_pickaxe/rlaiy_pickaxe_201"},
		{ "predicate": {"custom_model_data": 202}, "model": "item/rlaiy_pickaxe/rlaiy_pickaxe_202"},
		{ "predicate": {"custom_model_data": 203}, "model": "item/rlaiy_pickaxe/rlaiy_pickaxe_203"},
		{ "predicate": {"custom_model_data": 204}, "model": "item/rlaiy_pickaxe/rlaiy_pickaxe_204"},
		{ "predicate": {"custom_model_data": 205}, "model": "item/rlaiy_pickaxe/rlaiy_pickaxe_205"},
		{ "predicate": {"custom_model_data": 206}, "model": "item/rlaiy_pickaxe/rlaiy_pickaxe_206"},
		{ "predicate": {"custom_model_data": 207}, "model": "item/rlaiy_pickaxe/rlaiy_pickaxe_207"},
		{ "predicate": {"custom_model_data": 208}, "model": "item/rlaiy_pickaxe/rlaiy_pickaxe_208"},
                { "predicate": {"custom_model_data": 1000}, "model": "item/eyama/drl"}
	]
}