{
	"parent": "item/handheld",
	"textures": {
		"layer0": "item/netherite_axe"
	},
	"overrides": [
		{ "predicate": {"damaged": 0, "damage": 0}, "model": "item/netherite_axe"},
                { "predicate": {"custom_model_data": 1}, "model": "item/eyama/hhk"},
                { "predicate": {"custom_model_data": 2}, "model": "item/eyama/chas"},
                { "predicate": {"custom_model_data": 3}, "model": "item/eyama/nhm"},
                { "predicate": {"custom_model_data": 4}, "model": "item/eyama/hma"},
                { "predicate": {"custom_model_data": 5}, "model": "item/eyama/htk"},
                { "predicate": {"custom_model_data": 101}, "model": "item/rlaiy_swords/rlaiy_spear_1"},
                { "predicate": {"custom_model_data": 102}, "model": "item/rlaiy_swords/rlaiy_spear_2"},
                { "predicate": {"custom_model_data": 103}, "model": "item/rlaiy_swords/rlaiy_spear_3"},
                { "predicate": {"custom_model_data": 104}, "model": "item/rlaiy_swords/rlaiy_spear_4"},
                { "predicate": {"custom_model_data": 105}, "model": "item/rlaiy_swords/rlaiy_spear_5"},
                { "predicate": {"custom_model_data": 106}, "model": "item/rlaiy_swords/rlaiy_spear_6"},
                { "predicate": {"custom_model_data": 201}, "model": "item/rlaiy_swords/rlaiy_axe_1"},
                { "predicate": {"custom_model_data": 202}, "model": "item/rlaiy_swords/rlaiy_axe_2"},
                { "predicate": {"custom_model_data": 203}, "model": "item/rlaiy_swords/rlaiy_axe_3"},
                { "predicate": {"custom_model_data": 204}, "model": "item/rlaiy_swords/rlaiy_axe_4"},
                { "predicate": {"custom_model_data": 205}, "model": "item/rlaiy_swords/rlaiy_axe_5"},
                { "predicate": {"custom_model_data": 1000}, "model": "item/netherite_axe"}
		
	]
}